Charm++: standalone mode (not using charmrun)
Charm++> Running in Multicore mode: 12 threads (PEs)
Charm++> Using recursive bisection (scheme 3) for topology aware partitions
Converse/Charm++ Commit ID: 
CharmLB> Load balancer assumes all CPUs are same.
Charm++> Running on 1 hosts (1 sockets x 6 cores x 2 PUs = 12-way SMP)
Charm++> cpu topology info is gathered in 0.044 seconds.
CharmLB> Load balancing instrumentation for communication is off.
Info: NAMD Git-2025-12-04 for Linux-x86_64-multicore
Info: 
Info: Please visit http://www.ks.uiuc.edu/Research/namd/
Info: for updates, documentation, and support information.
Info: 
Info: Please cite Phillips et al., J. Chem. Phys. 153:044130 (2020) doi:10.1063/5.0014475
Info: in all publications reporting results obtained with NAMD.
Info: 
Info: Based on Charm++/Converse 80000 for multicore-linux-x86_64-gcc
Info: Built Thu Dec 4 09:25:02 CST 2025 by dhardy on athine.ks.uiuc.edu
Info: Source code at Git commit ID b856a9378ca44bcf5aa708d4b681af4ceb86d8ca
Info: 1 NAMD  Git-2025-12-04  Linux-x86_64-multicore  12    CCBC-pc4-12-L  1641063@uab.cat
Info: Running on 12 processors, 1 nodes, 1 physical nodes.
Info: CPU topology information available.
Info: Charm++/Converse parallel runtime startup completed at 0.081211 s
CkLoopLib is used in SMP with simple dynamic scheduling (converse-level notification)
Info: 819.949 MB of memory in use based on /proc/self/stat
Info: Configuration file is Forcez_NVT.namd
Info: Working in the current directory /home/UAB/1641063/Documents/CNT/simulation/nouequil
TCL: Suspending until startup complete.
Warning: Option "1-4scaling" has been deprecated. Instead use "oneFourScaling".
Info: EXTENDED SYSTEM FILE   ../equilibration/MDequil.restart.xsc
Warning: The Langevin gamma parameters differ over the particles,
Warning: requiring extra work per step to constrain rigid bonds.
Info: SIMULATION PARAMETERS:
Info: TIMESTEP               2
Info: NUMBER OF STEPS        0
Info: STEPS PER CYCLE        10
Info: PERIODIC CELL BASIS 1  23 0 0
Info: PERIODIC CELL BASIS 2  0 19.919 0
Info: PERIODIC CELL BASIS 3  0 0 50.0397
Info: PERIODIC CELL CENTER   0 0 0
Info: WRAPPING WATERS AROUND PERIODIC BOUNDARIES ON OUTPUT.
Info: WRAPPING ALL CLUSTERS AROUND PERIODIC BOUNDARIES ON OUTPUT.
Info: LOAD BALANCER  Centralized
Info: LOAD BALANCING STRATEGY  New Load Balancers -- DEFAULT
Info: LDB PERIOD             2000 steps
Info: FIRST LDB TIMESTEP     50
Info: LAST LDB TIMESTEP     -1
Info: LDB BACKGROUND SCALING 1
Info: HOM BACKGROUND SCALING 1
Info: PME BACKGROUND SCALING 1
Info: MIN ATOMS PER PATCH    40
Info: EMPTY PATCH LOAD       40 ATOMS
Info: VELOCITY FILE          ../equilibration/MDequil.restart.vel
Info: CENTER OF MASS MOVING INITIALLY? NO
Info: DIELECTRIC             1
Info: EXCLUDE                SCALED ONE-FOUR
Info: 1-4 ELECTROSTATICS SCALED BY 1
Info: MODIFIED 1-4 VDW PARAMETERS WILL BE USED
Info: DCD FILENAME           MD.dcd
Info: DCD FREQUENCY          5000
Info: DCD FIRST STEP         5000
Info: DCD FILE WILL CONTAIN UNIT CELL DATA
Info: XST FILENAME           MD.xst
Info: XST FREQUENCY          5000
Info: NO VELOCITY DCD OUTPUT
Info: NO FORCE DCD OUTPUT
Info: OUTPUT FILENAME        MD
Info: BINARY OUTPUT FILES WILL BE USED
Info: RESTART FILENAME       MD.restart
Info: RESTART FREQUENCY      50000
Info: BINARY RESTART FILES WILL BE USED
Info: NAMD will save positions and velocities to MD.crash.csv when  atoms are moving too fast.
Info: SWITCHING ACTIVE
Info: SWITCHING ON           10
Info: SWITCHING OFF          12
Info: PAIRLIST DISTANCE      14
Info: PAIRLIST SHRINK RATE   0.01
Info: PAIRLIST GROW RATE     0.01
Info: PAIRLIST TRIGGER       0.3
Info: PAIRLISTS PER CYCLE    2
Info: PAIRLISTS ENABLED
Info: MARGIN                 0
Info: HYDROGEN GROUP CUTOFF  2.5
Info: PATCH DIMENSION        16.5
Info: ENERGY OUTPUT STEPS    5000
Info: ENERGY EVALUATION STEPS    5000
Info: OUTPUT ENERGY PRECISION 4
Info: CROSSTERM ENERGY INCLUDED IN DIHEDRAL
Info: TIMING OUTPUT STEPS    50000
Info: PRESSURE OUTPUT STEPS  5000
Info: FIXED ATOMS ACTIVE
Info: TCL GLOBAL FORCES ACTIVE
Info: TCL GLOBAL FORCES SCRIPT INLINED IN CONFIG FILE
Info: LANGEVIN DYNAMICS ACTIVE
Info: LANGEVIN TEMPERATURE   300
Info: LANGEVIN USING BBK INTEGRATOR
Info: LANGEVIN DAMPING COEFFICIENT IS 1 INVERSE PS
Info: LANGEVIN DYNAMICS NOT APPLIED TO HYDROGENS
Info: PARTICLE MESH EWALD (PME) ACTIVE
Info: PME TOLERANCE               1e-06
Info: PME EWALD COEFFICIENT       0.257952
Info: PME INTERPOLATION ORDER     4
Info: PME GRID DIMENSIONS         24 20 54
Info: PME MAXIMUM GRID SPACING    1
Info: Attempting to read FFTW data from FFTW_NAMD_Git-2025-12-04_Linux-x86_64-multicore.txt
Info: Optimizing 6 FFT steps.  1... 2... 3... 4... 5... 6...   Done.
Info: Writing FFTW data to FFTW_NAMD_Git-2025-12-04_Linux-x86_64-multicore.txt
Info: FULL ELECTROSTATIC EVALUATION FREQUENCY      2
Info: USING VERLET I (r-RESPA) MTS SCHEME.
Info: C1 SPLITTING OF LONG RANGE ELECTROSTATICS
Info: PLACING ATOMS IN PATCHES BY HYDROGEN GROUPS
Info: RIGID BONDS TO HYDROGEN : ALL
Info:         ERROR TOLERANCE : 1e-08
Info:          MAX ITERATIONS : 100
Info: RIGID WATER USING SETTLE ALGORITHM
Info: RANDOM NUMBER SEED     1777974155
Info: USE HYDROGEN BONDS?    NO
Info: COORDINATE PDB         ../input/system.pdb
Info: STRUCTURE FILE         ../input/system.psf
Info: PARAMETER file: CHARMM format! 
Info: PARAMETERS             ../input/par_nanotubes.inp
Info: PARAMETERS             ../input/par_water_ions.inp
Info: USING ARITHMETIC MEAN TO COMBINE L-J SIGMA PARAMETERS
Info: BINARY COORDINATES     ../equilibration/MDequil.restart.coor
Info: SUMMARY OF PARAMETERS:
Info: 4 BONDS
Info: 2 ANGLES
Info: 1 DIHEDRAL
Info: 0 IMPROPER
Info: 0 CROSSTERM
Info: 16 VDW
Info: 2 VDW_PAIRS
Info: 0 NBTHOLE_PAIRS
Info: TIME FOR READING PSF FILE: 0.00880584
Info: Reading pdb file ../input/system.pdb
Info: TIME FOR READING PDB FILE: 0.00203864
Info: 
Info: ****************************
Info: STRUCTURE SUMMARY:
Info: 2160 ATOMS
Info: 1872 BONDS
Info: 2064 ANGLES
Info: 2928 DIHEDRALS
Info: 0 IMPROPERS
Info: 0 CROSSTERMS
Info: 0 EXCLUSIONS
Info: 576 FIXED ATOMS
Info: 1584 RIGID BONDS
Info: 0 RIGID BONDS BETWEEN FIXED ATOMS
Info: 3168 DEGREES OF FREEDOM
Info: 1104 HYDROGEN GROUPS
Info: 3 ATOMS IN LARGEST HYDROGEN GROUP
Info: 1104 MIGRATION GROUPS
Info: 3 ATOMS IN LARGEST MIGRATION GROUP
Info: 576 HYDROGEN GROUPS WITH ALL ATOMS FIXED
Info: TOTAL MASS = 16430.5 amu
Info: TOTAL CHARGE = 0 e
Info: MASS DENSITY = 1.19014 g/cm^3
Info: ATOM DENSITY = 0.0942201 atoms/A^3
Info: *****************************
Info: Reading from binary file ../equilibration/MDequil.restart.coor
Info: 
Info: Entering startup at 12.4198 s, 0.23282 MB of memory in use
Info: Startup phase 0 took 0.00793906 s, 0.23282 MB of memory in use
Info: ADDED 6144 IMPLICIT EXCLUSIONS
Info: Startup phase 1 took 0.009001 s, 0.23282 MB of memory in use
Info: NONBONDED TABLE R-SQUARED SPACING: 0.0625
Info: NONBONDED TABLE SIZE: 769 POINTS
Info: INCONSISTENCY IN FAST TABLE ENERGY VS FORCE: 0.000325096 AT 11.9556
Info: INCONSISTENCY IN SCOR TABLE ENERGY VS FORCE: 0.000324844 AT 11.9556
Info: INCONSISTENCY IN VDWA TABLE ENERGY VS FORCE: 0.0040507 AT 0.251946
Info: INCONSISTENCY IN VDWB TABLE ENERGY VS FORCE: 0.00150189 AT 0.251946
Info: Startup phase 2 took 0.00656944 s, 0.23282 MB of memory in use
Info: Startup phase 3 took 0.000443374 s, 0.23282 MB of memory in use
Info: Startup phase 4 took 0.0320278 s, 0.23282 MB of memory in use
Info: Startup phase 5 took 0.0116581 s, 0.23282 MB of memory in use
Info: PATCH GRID IS 2 (PERIODIC) BY 1 (PERIODIC) BY 3 (PERIODIC)
Info: PATCH GRID IS 2-AWAY BY 1-AWAY BY 1-AWAY
Info: Reading from binary file ../equilibration/MDequil.restart.vel
Info: REMOVING COM VELOCITY 0.00893773 0.0463024 0.0448267
Info: LARGEST PATCH (0) HAS 390 ATOMS
Info: TORUS A SIZE 1 USING 0
Info: TORUS B SIZE 1 USING 0
Info: TORUS C SIZE 1 USING 0
Info: TORUS MINIMAL MESH SIZE IS 1 BY 1 BY 1
Info: Placed 100% of base nodes on same physical node as patch
Info: Startup phase 6 took 0.023365 s, 0.23282 MB of memory in use
Info: PME using 12 and 10 processors for FFT and reciprocal sum.
Info: PME GRID LOCATIONS: 0 1 2 3 4 5 6 7 8 9 ...
Info: PME TRANS LOCATIONS: 1 2 3 4 5 6 8 9 10 11
Info: PME USING 1 GRID NODES AND 1 TRANS NODES
Info: Optimizing 4 FFT steps.  1... 2... 3... 4...   Done.
Info: Startup phase 7 took 0.000397868 s, 0.23282 MB of memory in use
Info: Startup phase 8 took 6.5074e-05 s, 0.23282 MB of memory in use
Info: Startup phase 9 took 5.9646e-05 s, 0.23282 MB of memory in use
Info: Startup phase 10 took 0.00142939 s, 0.23282 MB of memory in use
Info: Startup phase 11 took 0.00298327 s, 0.23282 MB of memory in use
LDB: Central LB being created...
Info: Startup phase 12 took 0.0140028 s, 0.23282 MB of memory in use
Info: Startup phase 13 took 0.00799586 s, 0.23282 MB of memory in use
Info: Startup phase 14 took 0.00900693 s, 0.23282 MB of memory in use
Info: Startup phase 15 took 0.00899573 s, 0.23282 MB of memory in use
Info: CREATING 210 COMPUTE OBJECTS
Info: useSync: 0 useProxySync: 0
Info: Startup phase 16 took 0.0279977 s, 0.23282 MB of memory in use
Info: Startup phase 17 took 0.0179983 s, 0.23282 MB of memory in use
Info: Startup phase 18 took 7.8236e-05 s, 0.23282 MB of memory in use
Info: Finished startup at 12.6018 s, 0.23282 MB of memory in use

TCL: Running for 300000 steps
PRESSURE: 0 -1114.08 -111.947 144.346 -175.651 -611.168 307.445 6.73877 188.636 -1990.97
GPRESSURE: 0 -1166.59 -98.3475 147.413 -128.018 -481.147 263.31 -40.6629 -6.93486 -2019.69
ETITLE:      TS           BOND          ANGLE          DIHED          IMPRP               ELECT            VDW       BOUNDARY           MISC        KINETIC               TOTAL           TEMP      POTENTIAL         TOTAL3        TEMPAVG            PRESSURE      GPRESSURE         VOLUME       PRESSAVG      GPRESSAVG

ENERGY:       0         0.0000         0.0000         0.0000         0.0000          -5498.4662       361.3535         0.0000         0.0000       916.9089          -4220.2038       291.2939     -5137.1127     -4218.3946       291.2939          -1238.7407     -1222.4783     22925.0439     -1238.7407     -1222.4783

OPENING EXTENDED SYSTEM TRAJECTORY FILE
LDB: ============= START OF LOAD BALANCING ============== 12.7127
LDB: ============== END OF LOAD BALANCING =============== 12.7157
Info: useSync: 0 useProxySync: 0
LDB: =============== DONE WITH MIGRATION ================ 12.7897
LDB: ============= START OF LOAD BALANCING ============== 13.1677
LDB: Largest compute 16 load 0.024318 is 49.6% of average load 0.049059
LDB: Average compute 0.002267 is 4.6% of average load 0.049059
LDB: Partitioning computes with target load 0.004906
LDB: Increased migratable compute count from 168 to 208
LDB: Largest unpartitionable compute is 0.003344
LDB: ============== END OF LOAD BALANCING =============== 13.1847
Info: useSync: 0 useProxySync: 0
LDB: =============== DONE WITH MIGRATION ================ 13.2369
Info: Initial time: 12 CPUs 0.00902949 s/step 0.052254 days/ns 0.23282 MB memory
LDB: ============= START OF LOAD BALANCING ============== 13.3163
LDB: ============== END OF LOAD BALANCING =============== 13.3197
Info: useSync: 0 useProxySync: 0
LDB: =============== DONE WITH MIGRATION ================ 13.3437
LDB: ============= START OF LOAD BALANCING ============== 13.6594
LDB: Largest compute 31 load 0.022198 is 45.6% of average load 0.048635
LDB: Average compute 0.001926 is 4.0% of average load 0.048635
LDB: TIME 13.6628 LOAD: AVG 0.0486353 MAX 0.109993  PROXIES: TOTAL 28 MAXPE 3 MAXPATCH 5 None MEM: 0.23282 MB
LDB: TIME 13.6629 LOAD: AVG 0.0486353 MAX 0.107517  PROXIES: TOTAL 31 MAXPE 5 MAXPATCH 6 TorusLB MEM: 0.23282 MB
LDB: ============== END OF LOAD BALANCING =============== 13.6687
Info: useSync: 0 useProxySync: 0
LDB: =============== DONE WITH MIGRATION ================ 13.7077
Info: Initial time: 12 CPUs 0.00777371 s/step 0.0449868 days/ns 0.23282 MB memory
LDB: ============= START OF LOAD BALANCING ============== 14.1164
LDB: Largest compute 37 load 0.027228 is 38.6% of average load 0.070539
LDB: Average compute 0.002608 is 3.7% of average load 0.070539
LDB: TIME 14.1198 LOAD: AVG 0.070539 MAX 0.178372  PROXIES: TOTAL 28 MAXPE 3 MAXPATCH 5 None MEM: 0.23282 MB
LDB: TIME 14.1199 LOAD: AVG 0.070539 MAX 0.178372  PROXIES: TOTAL 31 MAXPE 5 MAXPATCH 6 RefineTorusLB MEM: 0.23282 MB
LDB: TIME 14.12 LOAD: AVG 0.070539 MAX 0.178372  PROXIES: TOTAL 33 MAXPE 5 MAXPATCH 7 RefineTorusLB MEM: 0.23282 MB
LDB: Reverting to original mapping
LDB: ============== END OF LOAD BALANCING =============== 14.1257
Info: useSync: 0 useProxySync: 0
LDB: =============== DONE WITH MIGRATION ================ 14.1592
Info: Initial time: 12 CPUs 0.00870273 s/step 0.050363 days/ns 0.23282 MB memory
LDB: ============= START OF LOAD BALANCING ============== 14.5487
LDB: Largest compute 18 load 0.029759 is 44.3% of average load 0.067219
LDB: Average compute 0.002538 is 3.8% of average load 0.067219
LDB: TIME 14.5518 LOAD: AVG 0.0672194 MAX 0.140061  PROXIES: TOTAL 28 MAXPE 3 MAXPATCH 5 None MEM: 0.23282 MB
LDB: TIME 14.5519 LOAD: AVG 0.0672194 MAX 0.140061  PROXIES: TOTAL 31 MAXPE 5 MAXPATCH 6 RefineTorusLB MEM: 0.23282 MB
LDB: TIME 14.552 LOAD: AVG 0.0672194 MAX 0.140061  PROXIES: TOTAL 35 MAXPE 5 MAXPATCH 8 RefineTorusLB MEM: 0.23282 MB
LDB: ============== END OF LOAD BALANCING =============== 14.5587
Info: useSync: 0 useProxySync: 0
LDB: =============== DONE WITH MIGRATION ================ 14.6127
Info: Benchmark time: 12 CPUs 0.00735897 s/step 0.0425866 days/ns 0.23282 MB memory
Info: Benchmark time: 12 CPUs 0.00593934 s/step 0.0343712 days/ns 0.23282 MB memory
Info: Benchmark time: 12 CPUs 0.00462277 s/step 0.0267522 days/ns 0.23282 MB memory
Info: Benchmark time: 12 CPUs 0.00404809 s/step 0.0234264 days/ns 0.23282 MB memory
Info: Benchmark time: 12 CPUs 0.00336951 s/step 0.0194995 days/ns 0.23282 MB memory
Info: Benchmark time: 12 CPUs 0.00326072 s/step 0.0188699 days/ns 0.23282 MB memory
LDB: ============= START OF LOAD BALANCING ============== 20.4493
LDB: ============== END OF LOAD BALANCING =============== 20.4494
Info: useSync: 0 useProxySync: 0
LDB: =============== DONE WITH MIGRATION ================ 20.4496
LDB: ============= START OF LOAD BALANCING ============== 20.5894
LDB: Largest compute 216 load 0.007673 is 13.1% of average load 0.058606
LDB: Average compute 0.002344 is 4.0% of average load 0.058606
LDB: TIME 20.5896 LOAD: AVG 0.0586064 MAX 0.134303  PROXIES: TOTAL 28 MAXPE 3 MAXPATCH 5 None MEM: 0.23282 MB
LDB: TIME 20.5897 LOAD: AVG 0.0586064 MAX 0.134303  PROXIES: TOTAL 35 MAXPE 5 MAXPATCH 8 RefineTorusLB MEM: 0.23282 MB
LDB: TIME 20.5897 LOAD: AVG 0.0586064 MAX 0.134303  PROXIES: TOTAL 35 MAXPE 5 MAXPATCH 8 RefineTorusLB MEM: 0.23282 MB
LDB: Reverting to original mapping
LDB: ============== END OF LOAD BALANCING =============== 20.5898
Info: useSync: 0 useProxySync: 0
LDB: =============== DONE WITH MIGRATION ================ 20.59
LDB: ============= START OF LOAD BALANCING ============== 27.8685
LDB: ============== END OF LOAD BALANCING =============== 27.8687
Info: useSync: 0 useProxySync: 0
LDB: =============== DONE WITH MIGRATION ================ 27.8688
LDB: ============= START OF LOAD BALANCING ============== 28.0229
LDB: Largest compute 238 load 0.009787 is 16.1% of average load 0.060725
LDB: Average compute 0.002401 is 4.0% of average load 0.060725
LDB: TIME 28.0231 LOAD: AVG 0.0607251 MAX 0.139999  PROXIES: TOTAL 28 MAXPE 3 MAXPATCH 5 None MEM: 0.23282 MB
LDB: TIME 28.0232 LOAD: AVG 0.0607251 MAX 0.139999  PROXIES: TOTAL 35 MAXPE 5 MAXPATCH 8 RefineTorusLB MEM: 0.23282 MB
LDB: TIME 28.0232 LOAD: AVG 0.0607251 MAX 0.139999  PROXIES: TOTAL 35 MAXPE 5 MAXPATCH 8 RefineTorusLB MEM: 0.23282 MB
LDB: ============== END OF LOAD BALANCING =============== 28.0237
Info: useSync: 0 useProxySync: 0
LDB: =============== DONE WITH MIGRATION ================ 28.024
OPENING COORDINATE DCD FILE
WRITING COORDINATES TO DCD FILE MD.dcd AT STEP 5000
The last position output (seq=5000) takes 0.001 seconds, 0.233 MB of memory in use
PRESSURE: 5000 -662.982 496.281 517.165 621.813 609.993 71.3098 -567.387 -607.53 -695.7
GPRESSURE: 5000 -568.053 214.105 344.88 840.429 599.693 49.425 -439.142 -418.435 -724.529
PRESSAVG: 5000 -154.773 79.0211 30.1349 26.7138 -154.506 21.1458 36.4671 -43.3024 -1074.13
GPRESSAVG: 5000 -154.981 79.5091 30.2108 26.672 -154.369 20.7417 36.1287 -42.8092 -1073.83
ENERGY:    5000         0.0000         0.0000         0.0000         0.0000          -5640.9851       409.7856         0.0000         0.0000       953.6887          -4277.5108       302.9785     -5231.1995     -4274.6828       299.5909           -249.5627      -230.9629     22925.0439      -461.1350      -461.0603

LDB: ============= START OF LOAD BALANCING ============== 33.7632
LDB: ============== END OF LOAD BALANCING =============== 33.7633
Info: useSync: 0 useProxySync: 0
LDB: =============== DONE WITH MIGRATION ================ 33.7635
LDB: ============= START OF LOAD BALANCING ============== 33.9955
LDB: Largest compute 239 load 0.008949 is 14.2% of average load 0.063107
LDB: Average compute 0.002373 is 3.8% of average load 0.063107
LDB: TIME 33.9958 LOAD: AVG 0.0631073 MAX 0.138818  PROXIES: TOTAL 28 MAXPE 3 MAXPATCH 5 None MEM: 0.23282 MB
LDB: TIME 33.9959 LOAD: AVG 0.0631073 MAX 0.138818  PROXIES: TOTAL 35 MAXPE 5 MAXPATCH 8 RefineTorusLB MEM: 0.23282 MB
LDB: TIME 33.996 LOAD: AVG 0.0631073 MAX 0.138818  PROXIES: TOTAL 35 MAXPE 5 MAXPATCH 8 RefineTorusLB MEM: 0.23282 MB
LDB: ============== END OF LOAD BALANCING =============== 33.9961
Info: useSync: 0 useProxySync: 0
LDB: =============== DONE WITH MIGRATION ================ 33.9964
LDB: ============= START OF LOAD BALANCING ============== 39.6795
LDB: ============== END OF LOAD BALANCING =============== 39.6797
Info: useSync: 0 useProxySync: 0
LDB: =============== DONE WITH MIGRATION ================ 39.6909
LDB: ============= START OF LOAD BALANCING ============== 39.8356
LDB: Largest compute 234 load 0.007617 is 12.9% of average load 0.059193
LDB: Average compute 0.002351 is 4.0% of average load 0.059193
LDB: TIME 39.8358 LOAD: AVG 0.0591926 MAX 0.138644  PROXIES: TOTAL 28 MAXPE 3 MAXPATCH 5 None MEM: 0.23282 MB
LDB: TIME 39.8358 LOAD: AVG 0.0591926 MAX 0.138644  PROXIES: TOTAL 35 MAXPE 5 MAXPATCH 8 RefineTorusLB MEM: 0.23282 MB
LDB: TIME 39.8359 LOAD: AVG 0.0591926 MAX 0.138644  PROXIES: TOTAL 35 MAXPE 5 MAXPATCH 8 RefineTorusLB MEM: 0.23282 MB
LDB: ============== END OF LOAD BALANCING =============== 39.836
Info: useSync: 0 useProxySync: 0
LDB: =============== DONE WITH MIGRATION ================ 39.8362
WRITING COORDINATES TO DCD FILE MD.dcd AT STEP 10000
The last position output (seq=10000) takes 0.000 seconds, 0.233 MB of memory in use
PRESSURE: 10000 -151.527 32.6481 -299.267 198.611 -326.069 242.67 38.512 429.031 -1570.5
GPRESSURE: 10000 -82.5272 -61.6666 -410.152 228.077 -379.9 131.977 -45.6978 494.269 -1528.15
PRESSAVG: 10000 -172.231 25.649 -2.32991 45.5164 -100.881 -36.3569 -36.5715 -28.4614 -1119.79
GPRESSAVG: 10000 -171.988 25.5961 -2.44379 45.3384 -100.878 -36.0353 -36.1298 -29.1208 -1119.67
ENERGY:   10000         0.0000         0.0000         0.0000         0.0000          -5562.8588       365.4559         0.0000         0.0000       960.8283          -4236.5746       305.2467     -5197.4029     -4234.5889       296.3716           -682.6973      -663.5265     22925.0439      -464.2993      -464.1783

LDB: ============= START OF LOAD BALANCING ============== 45.5377
LDB: ============== END OF LOAD BALANCING =============== 45.5378
Info: useSync: 0 useProxySync: 0
LDB: =============== DONE WITH MIGRATION ================ 45.5379
LDB: ============= START OF LOAD BALANCING ============== 45.6834
LDB: Largest compute 76 load 0.007491 is 12.6% of average load 0.059402
LDB: Average compute 0.002364 is 4.0% of average load 0.059402
LDB: TIME 45.6836 LOAD: AVG 0.0594015 MAX 0.139293  PROXIES: TOTAL 28 MAXPE 3 MAXPATCH 5 None MEM: 0.23282 MB
LDB: TIME 45.6837 LOAD: AVG 0.0594015 MAX 0.139293  PROXIES: TOTAL 35 MAXPE 5 MAXPATCH 8 RefineTorusLB MEM: 0.23282 MB
LDB: TIME 45.6837 LOAD: AVG 0.0594015 MAX 0.139293  PROXIES: TOTAL 35 MAXPE 5 MAXPATCH 8 RefineTorusLB MEM: 0.23282 MB
LDB: ============== END OF LOAD BALANCING =============== 45.6838
Info: useSync: 0 useProxySync: 0
LDB: =============== DONE WITH MIGRATION ================ 45.684
LDB: ============= START OF LOAD BALANCING ============== 51.3774
LDB: ============== END OF LOAD BALANCING =============== 51.3776
Info: useSync: 0 useProxySync: 0
LDB: =============== DONE WITH MIGRATION ================ 51.3776
LDB: ============= START OF LOAD BALANCING ============== 51.5227
LDB: Largest compute 210 load 0.007660 is 12.8% of average load 0.059625
LDB: Average compute 0.002373 is 4.0% of average load 0.059625
LDB: TIME 51.5229 LOAD: AVG 0.0596252 MAX 0.139017  PROXIES: TOTAL 28 MAXPE 3 MAXPATCH 5 None MEM: 0.23282 MB
LDB: TIME 51.523 LOAD: AVG 0.0596252 MAX 0.139017  PROXIES: TOTAL 35 MAXPE 5 MAXPATCH 8 RefineTorusLB MEM: 0.23282 MB
LDB: TIME 51.523 LOAD: AVG 0.0596252 MAX 0.139017  PROXIES: TOTAL 35 MAXPE 5 MAXPATCH 8 RefineTorusLB MEM: 0.23282 MB
LDB: ============== END OF LOAD BALANCING =============== 51.523
Info: useSync: 0 useProxySync: 0
LDB: =============== DONE WITH MIGRATION ================ 51.5233
LDB: ============= START OF LOAD BALANCING ============== 57.2189
LDB: ============== END OF LOAD BALANCING =============== 57.219
Info: useSync: 0 useProxySync: 0
LDB: =============== DONE WITH MIGRATION ================ 57.219
LDB: ============= START OF LOAD BALANCING ============== 57.3648
LDB: Largest compute 13 load 0.007471 is 12.5% of average load 0.059915
LDB: Average compute 0.002379 is 4.0% of average load 0.059915
LDB: TIME 57.365 LOAD: AVG 0.0599152 MAX 0.139287  PROXIES: TOTAL 28 MAXPE 3 MAXPATCH 5 None MEM: 0.23282 MB
LDB: TIME 57.3651 LOAD: AVG 0.0599152 MAX 0.139287  PROXIES: TOTAL 35 MAXPE 5 MAXPATCH 8 RefineTorusLB MEM: 0.23282 MB
LDB: TIME 57.3651 LOAD: AVG 0.0599152 MAX 0.139287  PROXIES: TOTAL 35 MAXPE 5 MAXPATCH 8 RefineTorusLB MEM: 0.23282 MB
LDB: Reverting to original mapping
LDB: ============== END OF LOAD BALANCING =============== 57.3652
Info: useSync: 0 useProxySync: 0
LDB: =============== DONE WITH MIGRATION ================ 57.3654
WRITING COORDINATES TO DCD FILE MD.dcd AT STEP 15000
The last position output (seq=15000) takes 0.000 seconds, 0.233 MB of memory in use
PRESSURE: 15000 -1720.83 -582.449 -53.6484 -539.145 -1123.63 278.145 245.572 465.725 -1154.46
GPRESSURE: 15000 -1666.36 -513.708 67.9932 -296.589 -1085.49 327.441 -200.273 395.758 -1182.59
PRESSAVG: 15000 -46.6285 -36.9746 48.7813 -31.5087 -52.713 -29.0069 90.8812 119.818 -468.78
GPRESSAVG: 15000 -46.8337 -36.9371 48.78 -31.767 -52.6404 -28.8271 91.0522 120.017 -468.507
ENERGY:   15000         0.0000         0.0000         0.0000         0.0000          -5433.7414       323.2443         0.0000         0.0000       934.4178          -4176.0793       296.8563     -5110.4971     -4174.1694       300.5606          -1332.9708     -1311.4816     22925.0439      -189.3739      -189.3271

LDB: ============= START OF LOAD BALANCING ============== 63.0985
LDB: ============== END OF LOAD BALANCING =============== 63.0986
Info: useSync: 0 useProxySync: 0
LDB: =============== DONE WITH MIGRATION ================ 63.0987
LDB: ============= START OF LOAD BALANCING ============== 63.2439
LDB: Largest compute 76 load 0.007452 is 12.4% of average load 0.059991
LDB: Average compute 0.002385 is 4.0% of average load 0.059991
LDB: TIME 63.244 LOAD: AVG 0.0599905 MAX 0.138795  PROXIES: TOTAL 28 MAXPE 3 MAXPATCH 5 None MEM: 0.23282 MB
LDB: TIME 63.2441 LOAD: AVG 0.0599905 MAX 0.138795  PROXIES: TOTAL 35 MAXPE 5 MAXPATCH 8 RefineTorusLB MEM: 0.23282 MB
LDB: TIME 63.2442 LOAD: AVG 0.0599905 MAX 0.138795  PROXIES: TOTAL 35 MAXPE 5 MAXPATCH 8 RefineTorusLB MEM: 0.23282 MB
LDB: ============== END OF LOAD BALANCING =============== 63.2442
Info: useSync: 0 useProxySync: 0
LDB: =============== DONE WITH MIGRATION ================ 63.2444
LDB: ============= START OF LOAD BALANCING ============== 68.9947
LDB: ============== END OF LOAD BALANCING =============== 68.9948
Info: useSync: 0 useProxySync: 0
LDB: =============== DONE WITH MIGRATION ================ 68.9957
LDB: ============= START OF LOAD BALANCING ============== 69.1416
LDB: Largest compute 76 load 0.007622 is 12.7% of average load 0.060024
LDB: Average compute 0.002390 is 4.0% of average load 0.060024
LDB: TIME 69.1418 LOAD: AVG 0.0600243 MAX 0.139471  PROXIES: TOTAL 28 MAXPE 3 MAXPATCH 5 None MEM: 0.23282 MB
LDB: TIME 69.1419 LOAD: AVG 0.0600243 MAX 0.139471  PROXIES: TOTAL 35 MAXPE 5 MAXPATCH 8 RefineTorusLB MEM: 0.23282 MB
LDB: TIME 69.1419 LOAD: AVG 0.0600243 MAX 0.139471  PROXIES: TOTAL 35 MAXPE 5 MAXPATCH 8 RefineTorusLB MEM: 0.23282 MB
LDB: ============== END OF LOAD BALANCING =============== 69.142
Info: useSync: 0 useProxySync: 0
LDB: =============== DONE WITH MIGRATION ================ 69.1422
WRITING COORDINATES TO DCD FILE MD.dcd AT STEP 20000
The last position output (seq=20000) takes 0.012 seconds, 0.233 MB of memory in use
PRESSURE: 20000 -270.155 -251.595 93.3843 -253.793 235.137 93.2941 418.474 181.006 -412.703
GPRESSURE: 20000 -425.878 -143.493 181.897 -329.38 352.925 261.812 357.515 213.787 -368.213
PRESSAVG: 20000 -148.377 55.1175 -15.5483 75.6747 -95.643 16.9586 107.278 114.792 -305.406
GPRESSAVG: 20000 -148.529 55.1227 -15.6994 76.1 -95.7506 17.4851 107.296 115.228 -305.362
ENERGY:   20000         0.0000         0.0000         0.0000         0.0000          -5618.7358       409.1849         0.0000         0.0000       949.6504          -4259.9005       301.6956     -5209.5508     -4257.6495       300.6575           -149.2405      -147.0553     22925.0439      -183.1420      -183.2137

LDB: ============= START OF LOAD BALANCING ============== 74.8729
LDB: ============== END OF LOAD BALANCING =============== 74.8731
Info: useSync: 0 useProxySync: 0
LDB: =============== DONE WITH MIGRATION ================ 74.8732
LDB: ============= START OF LOAD BALANCING ============== 75.0184
LDB: Largest compute 16 load 0.007621 is 12.7% of average load 0.059802
LDB: Average compute 0.002390 is 4.0% of average load 0.059802
LDB: TIME 75.0186 LOAD: AVG 0.0598018 MAX 0.139601  PROXIES: TOTAL 28 MAXPE 3 MAXPATCH 5 None MEM: 0.23282 MB
LDB: TIME 75.0186 LOAD: AVG 0.0598018 MAX 0.139601  PROXIES: TOTAL 35 MAXPE 5 MAXPATCH 8 RefineTorusLB MEM: 0.23282 MB
LDB: TIME 75.0187 LOAD: AVG 0.0598018 MAX 0.139601  PROXIES: TOTAL 35 MAXPE 5 MAXPATCH 8 RefineTorusLB MEM: 0.23282 MB
LDB: ============== END OF LOAD BALANCING =============== 75.0188
Info: useSync: 0 useProxySync: 0
LDB: =============== DONE WITH MIGRATION ================ 75.019
LDB: ============= START OF LOAD BALANCING ============== 80.7173
LDB: ============== END OF LOAD BALANCING =============== 80.7174
Info: useSync: 0 useProxySync: 0
LDB: =============== DONE WITH MIGRATION ================ 80.7175
LDB: ============= START OF LOAD BALANCING ============== 80.862
LDB: Largest compute 246 load 0.008018 is 13.4% of average load 0.059806
LDB: Average compute 0.002388 is 4.0% of average load 0.059806
LDB: TIME 80.8622 LOAD: AVG 0.059806 MAX 0.13875  PROXIES: TOTAL 28 MAXPE 3 MAXPATCH 5 None MEM: 0.23282 MB
LDB: TIME 80.8623 LOAD: AVG 0.059806 MAX 0.13875  PROXIES: TOTAL 35 MAXPE 5 MAXPATCH 8 RefineTorusLB MEM: 0.23282 MB
LDB: TIME 80.8623 LOAD: AVG 0.059806 MAX 0.13875  PROXIES: TOTAL 35 MAXPE 5 MAXPATCH 8 RefineTorusLB MEM: 0.23282 MB
LDB: Reverting to original mapping
LDB: ============== END OF LOAD BALANCING =============== 80.8624
Info: useSync: 0 useProxySync: 0
LDB: =============== DONE WITH MIGRATION ================ 80.8626
LDB: ============= START OF LOAD BALANCING ============== 86.5203
LDB: ============== END OF LOAD BALANCING =============== 86.5204
Info: useSync: 0 useProxySync: 0
LDB: =============== DONE WITH MIGRATION ================ 86.5205
LDB: ============= START OF LOAD BALANCING ============== 86.6643
LDB: Largest compute 240 load 0.008479 is 14.2% of average load 0.059895
LDB: Average compute 0.002400 is 4.0% of average load 0.059895
LDB: TIME 86.6645 LOAD: AVG 0.0598946 MAX 0.138355  PROXIES: TOTAL 28 MAXPE 3 MAXPATCH 5 None MEM: 0.23282 MB
LDB: TIME 86.6646 LOAD: AVG 0.0598946 MAX 0.138355  PROXIES: TOTAL 35 MAXPE 5 MAXPATCH 8 RefineTorusLB MEM: 0.23282 MB
LDB: TIME 86.6646 LOAD: AVG 0.0598946 MAX 0.138355  PROXIES: TOTAL 35 MAXPE 5 MAXPATCH 8 RefineTorusLB MEM: 0.23282 MB
LDB: Reverting to original mapping
LDB: ============== END OF LOAD BALANCING =============== 86.6647
Info: useSync: 0 useProxySync: 0
LDB: =============== DONE WITH MIGRATION ================ 86.6649
PRESSURE: 25000 -1406.74 -711.565 389.398 -335.575 -1508.11 -95.2054 451.234 161.891 230.49
GPRESSURE: 25000 -1499.05 -641.419 614.809 -287.889 -1325.62 80.8656 348.48 -189.378 181.63
PRESSAVG: 25000 -107.993 -18.9135 -34.4247 -21.8779 70.9586 35.1661 389.67 184.707 263.593
GPRESSAVG: 25000 -107.871 -19.0115 -34.3744 -22.0686 70.782 34.8682 389.288 184.53 263.736
ENERGY:   25000         0.0000         0.0000         0.0000         0.0000          -5533.9737       342.0954         0.0000         0.0000       917.3523          -4274.5261       291.4348     -5191.8784     -4272.3866       299.7548           -894.7848      -881.0120     22925.0439        75.5197        75.5488

WRITING COORDINATES TO DCD FILE MD.dcd AT STEP 25000
The last position output (seq=25000) takes 0.000 seconds, 0.233 MB of memory in use
LDB: ============= START OF LOAD BALANCING ============== 92.3143
LDB: ============== END OF LOAD BALANCING =============== 92.3144
Info: useSync: 0 useProxySync: 0
LDB: =============== DONE WITH MIGRATION ================ 92.3146
LDB: ============= START OF LOAD BALANCING ============== 92.4585
LDB: Largest compute 247 load 0.007604 is 12.7% of average load 0.059755
LDB: Average compute 0.002392 is 4.0% of average load 0.059755
LDB: TIME 92.4587 LOAD: AVG 0.059755 MAX 0.137973  PROXIES: TOTAL 28 MAXPE 3 MAXPATCH 5 None MEM: 0.23282 MB
LDB: TIME 92.4588 LOAD: AVG 0.059755 MAX 0.137973  PROXIES: TOTAL 35 MAXPE 5 MAXPATCH 8 RefineTorusLB MEM: 0.23282 MB
LDB: TIME 92.4588 LOAD: AVG 0.059755 MAX 0.137973  PROXIES: TOTAL 35 MAXPE 5 MAXPATCH 8 RefineTorusLB MEM: 0.23282 MB
LDB: ============== END OF LOAD BALANCING =============== 92.4588
Info: useSync: 0 useProxySync: 0
LDB: =============== DONE WITH MIGRATION ================ 92.459
LDB: ============= START OF LOAD BALANCING ============== 98.1964
LDB: ============== END OF LOAD BALANCING =============== 98.1966
Info: useSync: 0 useProxySync: 0
LDB: =============== DONE WITH MIGRATION ================ 98.1967
LDB: ============= START OF LOAD BALANCING ============== 98.352
LDB: Largest compute 247 load 0.008310 is 13.6% of average load 0.061100
LDB: Average compute 0.002409 is 3.9% of average load 0.061100
LDB: TIME 98.3523 LOAD: AVG 0.0610999 MAX 0.149564  PROXIES: TOTAL 28 MAXPE 3 MAXPATCH 5 None MEM: 0.23282 MB
LDB: TIME 98.3524 LOAD: AVG 0.0610999 MAX 0.149564  PROXIES: TOTAL 35 MAXPE 5 MAXPATCH 8 RefineTorusLB MEM: 0.23282 MB
LDB: TIME 98.3524 LOAD: AVG 0.0610999 MAX 0.149564  PROXIES: TOTAL 35 MAXPE 5 MAXPATCH 8 RefineTorusLB MEM: 0.23282 MB
LDB: Reverting to original mapping
LDB: ============== END OF LOAD BALANCING =============== 98.3526
Info: useSync: 0 useProxySync: 0
LDB: =============== DONE WITH MIGRATION ================ 98.3528
PRESSURE: 30000 691.047 242.479 -109.99 86.4618 138.599 126.034 277.78 121.051 654.55
GPRESSURE: 30000 633.405 159.789 -370.734 -142.935 168.008 363.718 514.814 89.8187 741.31
PRESSAVG: 30000 -134.106 19.3383 -20.6636 -3.06992 -60.1568 -48.8545 447.188 280.282 584.149
GPRESSAVG: 30000 -134.098 19.0887 -21.1671 -3.31621 -60.283 -49.3575 447.527 280.744 584.34
ENERGY:   30000         0.0000         0.0000         0.0000         0.0000          -5615.7789       428.1417         0.0000         0.0000       969.0160          -4218.6211       307.8479     -5187.6371     -4217.0270       301.1157            494.7321       514.2408     22925.0439       129.9619       129.9861

WRITING COORDINATES TO DCD FILE MD.dcd AT STEP 30000
The last position output (seq=30000) takes 0.000 seconds, 0.233 MB of memory in use
LDB: ============= START OF LOAD BALANCING ============== 103.993
LDB: ============== END OF LOAD BALANCING =============== 103.993
Info: useSync: 0 useProxySync: 0
LDB: =============== DONE WITH MIGRATION ================ 103.993
LDB: ============= START OF LOAD BALANCING ============== 104.137
LDB: Largest compute 13 load 0.007299 is 12.2% of average load 0.060047
LDB: Average compute 0.002410 is 4.0% of average load 0.060047
LDB: TIME 104.137 LOAD: AVG 0.0600466 MAX 0.138233  PROXIES: TOTAL 28 MAXPE 3 MAXPATCH 5 None MEM: 0.23282 MB
LDB: TIME 104.137 LOAD: AVG 0.0600466 MAX 0.138233  PROXIES: TOTAL 35 MAXPE 5 MAXPATCH 8 RefineTorusLB MEM: 0.23282 MB
LDB: TIME 104.137 LOAD: AVG 0.0600466 MAX 0.138233  PROXIES: TOTAL 35 MAXPE 5 MAXPATCH 8 RefineTorusLB MEM: 0.23282 MB
LDB: Reverting to original mapping
LDB: ============== END OF LOAD BALANCING =============== 104.137
Info: useSync: 0 useProxySync: 0
LDB: =============== DONE WITH MIGRATION ================ 104.138
LDB: ============= START OF LOAD BALANCING ============== 109.782
LDB: ============== END OF LOAD BALANCING =============== 109.782
Info: useSync: 0 useProxySync: 0
LDB: =============== DONE WITH MIGRATION ================ 109.782
LDB: ============= START OF LOAD BALANCING ============== 109.926
LDB: Largest compute 246 load 0.008157 is 13.5% of average load 0.060367
LDB: Average compute 0.002419 is 4.0% of average load 0.060367
LDB: TIME 109.926 LOAD: AVG 0.0603672 MAX 0.138555  PROXIES: TOTAL 28 MAXPE 3 MAXPATCH 5 None MEM: 0.23282 MB
LDB: TIME 109.926 LOAD: AVG 0.0603672 MAX 0.138555  PROXIES: TOTAL 35 MAXPE 5 MAXPATCH 8 RefineTorusLB MEM: 0.23282 MB
LDB: TIME 109.926 LOAD: AVG 0.0603672 MAX 0.138555  PROXIES: TOTAL 35 MAXPE 5 MAXPATCH 8 RefineTorusLB MEM: 0.23282 MB
LDB: ============== END OF LOAD BALANCING =============== 109.926
Info: useSync: 0 useProxySync: 0
LDB: =============== DONE WITH MIGRATION ================ 109.927
LDB: ============= START OF LOAD BALANCING ============== 115.573
LDB: ============== END OF LOAD BALANCING =============== 115.573
Info: useSync: 0 useProxySync: 0
LDB: =============== DONE WITH MIGRATION ================ 115.573
LDB: ============= START OF LOAD BALANCING ============== 115.717
LDB: Largest compute 12 load 0.007480 is 12.5% of average load 0.059652
LDB: Average compute 0.002386 is 4.0% of average load 0.059652
LDB: TIME 115.717 LOAD: AVG 0.0596522 MAX 0.137853  PROXIES: TOTAL 28 MAXPE 3 MAXPATCH 5 None MEM: 0.23282 MB
LDB: TIME 115.717 LOAD: AVG 0.0596522 MAX 0.137853  PROXIES: TOTAL 35 MAXPE 5 MAXPATCH 8 RefineTorusLB MEM: 0.23282 MB
LDB: TIME 115.717 LOAD: AVG 0.0596522 MAX 0.137853  PROXIES: TOTAL 35 MAXPE 5 MAXPATCH 8 RefineTorusLB MEM: 0.23282 MB
LDB: ============== END OF LOAD BALANCING =============== 115.717
Info: useSync: 0 useProxySync: 0
LDB: =============== DONE WITH MIGRATION ================ 115.717
WRITING COORDINATES TO DCD FILE MD.dcd AT STEP 35000
The last position output (seq=35000) takes 0.001 seconds, 0.233 MB of memory in use
PRESSURE: 35000 -976.58 97.187 -134.764 168.002 336.794 -539.987 547.79 -215.991 650.484
GPRESSURE: 35000 -708.101 425.304 -399.569 -190.526 249.177 -592.607 515.911 35.4518 505.414
PRESSAVG: 35000 -174.543 -14.0581 -58.6395 -10.7108 -0.742013 -12.7604 535.155 250.383 726.253
GPRESSAVG: 35000 -174.558 -13.6493 -59.1843 -10.6151 -0.440717 -13.0363 535.039 250.188 726.226
ENERGY:   35000         0.0000         0.0000         0.0000         0.0000          -5613.5904       410.7367         0.0000         0.0000       970.7960          -4232.0576       308.4134     -5202.8537     -4230.0356       302.4917              3.5661        15.4968     22925.0439       183.6562       183.7422

LDB: ============= START OF LOAD BALANCING ============== 121.344
LDB: ============== END OF LOAD BALANCING =============== 121.344
Info: useSync: 0 useProxySync: 0
LDB: =============== DONE WITH MIGRATION ================ 121.345
LDB: ============= START OF LOAD BALANCING ============== 121.505
LDB: Largest compute 240 load 0.007511 is 12.3% of average load 0.061235
LDB: Average compute 0.002390 is 3.9% of average load 0.061235
LDB: TIME 121.505 LOAD: AVG 0.0612354 MAX 0.154251  PROXIES: TOTAL 28 MAXPE 3 MAXPATCH 5 None MEM: 0.23282 MB
LDB: TIME 121.505 LOAD: AVG 0.0612354 MAX 0.154251  PROXIES: TOTAL 35 MAXPE 5 MAXPATCH 8 RefineTorusLB MEM: 0.23282 MB
LDB: TIME 121.505 LOAD: AVG 0.0612354 MAX 0.154251  PROXIES: TOTAL 35 MAXPE 5 MAXPATCH 8 RefineTorusLB MEM: 0.23282 MB
LDB: ============== END OF LOAD BALANCING =============== 121.505
Info: useSync: 0 useProxySync: 0
LDB: =============== DONE WITH MIGRATION ================ 121.505
LDB: ============= START OF LOAD BALANCING ============== 127.163
LDB: ============== END OF LOAD BALANCING =============== 127.163
Info: useSync: 0 useProxySync: 0
LDB: =============== DONE WITH MIGRATION ================ 127.165
LDB: ============= START OF LOAD BALANCING ============== 127.309
LDB: Largest compute 16 load 0.007337 is 12.4% of average load 0.059241
LDB: Average compute 0.002364 is 4.0% of average load 0.059241
LDB: TIME 127.309 LOAD: AVG 0.0592411 MAX 0.137813  PROXIES: TOTAL 28 MAXPE 3 MAXPATCH 5 None MEM: 0.23282 MB
LDB: TIME 127.309 LOAD: AVG 0.0592411 MAX 0.137813  PROXIES: TOTAL 35 MAXPE 5 MAXPATCH 8 RefineTorusLB MEM: 0.23282 MB
LDB: TIME 127.309 LOAD: AVG 0.0592411 MAX 0.137813  PROXIES: TOTAL 35 MAXPE 5 MAXPATCH 8 RefineTorusLB MEM: 0.23282 MB
LDB: ============== END OF LOAD BALANCING =============== 127.309
Info: useSync: 0 useProxySync: 0
LDB: =============== DONE WITH MIGRATION ================ 127.309
WRITING COORDINATES TO DCD FILE MD.dcd AT STEP 40000
The last position output (seq=40000) takes 0.000 seconds, 0.233 MB of memory in use
PRESSURE: 40000 562.212 -38.6887 -718.979 -272.785 1014.31 101.132 -587.523 384.236 1536.48
GPRESSURE: 40000 499.592 -393.323 -508.47 158.592 995.764 552.295 -668.227 271.084 1648.6
PRESSAVG: 40000 30.4815 10.5029 5.99628 39.6019 0.101166 -1.32898 549.497 185.574 1453.23
GPRESSAVG: 40000 30.5521 10.2039 6.37779 39.3365 0.11253 -0.958839 549.584 185.305 1453.08
ENERGY:   40000         0.0000         0.0000         0.0000         0.0000          -5636.9640       459.5801         0.0000         0.0000       938.4549          -4238.9290       298.1389     -5177.3839     -4236.0831       301.5633           1037.6661      1047.9862     22925.0439       494.6033       494.5825

LDB: ============= START OF LOAD BALANCING ============== 132.98
LDB: ============== END OF LOAD BALANCING =============== 132.981
Info: useSync: 0 useProxySync: 0
LDB: =============== DONE WITH MIGRATION ================ 132.981
LDB: ============= START OF LOAD BALANCING ============== 133.125
LDB: Largest compute 245 load 0.007056 is 12.0% of average load 0.059034
LDB: Average compute 0.002353 is 4.0% of average load 0.059034
LDB: TIME 133.126 LOAD: AVG 0.0590339 MAX 0.138446  PROXIES: TOTAL 28 MAXPE 3 MAXPATCH 5 None MEM: 0.23282 MB
LDB: TIME 133.126 LOAD: AVG 0.0590339 MAX 0.138446  PROXIES: TOTAL 35 MAXPE 5 MAXPATCH 8 RefineTorusLB MEM: 0.23282 MB
LDB: TIME 133.126 LOAD: AVG 0.0590339 MAX 0.138446  PROXIES: TOTAL 35 MAXPE 5 MAXPATCH 8 RefineTorusLB MEM: 0.23282 MB
LDB: Reverting to original mapping
LDB: ============== END OF LOAD BALANCING =============== 133.126
Info: useSync: 0 useProxySync: 0
LDB: =============== DONE WITH MIGRATION ================ 133.126
LDB: ============= START OF LOAD BALANCING ============== 138.806
LDB: ============== END OF LOAD BALANCING =============== 138.806
Info: useSync: 0 useProxySync: 0
LDB: =============== DONE WITH MIGRATION ================ 138.806
LDB: ============= START OF LOAD BALANCING ============== 138.951
LDB: Largest compute 234 load 0.007520 is 12.7% of average load 0.059343
LDB: Average compute 0.002368 is 4.0% of average load 0.059343
LDB: TIME 138.951 LOAD: AVG 0.0593431 MAX 0.138708  PROXIES: TOTAL 28 MAXPE 3 MAXPATCH 5 None MEM: 0.23282 MB
LDB: TIME 138.951 LOAD: AVG 0.0593431 MAX 0.138708  PROXIES: TOTAL 35 MAXPE 5 MAXPATCH 8 RefineTorusLB MEM: 0.23282 MB
LDB: TIME 138.951 LOAD: AVG 0.0593431 MAX 0.138708  PROXIES: TOTAL 35 MAXPE 5 MAXPATCH 8 RefineTorusLB MEM: 0.23282 MB
LDB: ============== END OF LOAD BALANCING =============== 138.951
Info: useSync: 0 useProxySync: 0
LDB: =============== DONE WITH MIGRATION ================ 138.952
LDB: ============= START OF LOAD BALANCING ============== 144.605
LDB: ============== END OF LOAD BALANCING =============== 144.605
Info: useSync: 0 useProxySync: 0
LDB: =============== DONE WITH MIGRATION ================ 144.605
LDB: ============= START OF LOAD BALANCING ============== 144.75
LDB: Largest compute 247 load 0.007563 is 12.6% of average load 0.060097
LDB: Average compute 0.002406 is 4.0% of average load 0.060097
LDB: TIME 144.75 LOAD: AVG 0.0600967 MAX 0.138345  PROXIES: TOTAL 28 MAXPE 3 MAXPATCH 5 None MEM: 0.23282 MB
LDB: TIME 144.75 LOAD: AVG 0.0600967 MAX 0.138345  PROXIES: TOTAL 35 MAXPE 5 MAXPATCH 8 RefineTorusLB MEM: 0.23282 MB
LDB: TIME 144.75 LOAD: AVG 0.0600967 MAX 0.138345  PROXIES: TOTAL 35 MAXPE 5 MAXPATCH 8 RefineTorusLB MEM: 0.23282 MB
LDB: ============== END OF LOAD BALANCING =============== 144.75
Info: useSync: 0 useProxySync: 0
LDB: =============== DONE WITH MIGRATION ================ 144.75
WRITING COORDINATES TO DCD FILE MD.dcd AT STEP 45000
The last position output (seq=45000) takes 0.000 seconds, 0.233 MB of memory in use
PRESSURE: 45000 -223.11 -226.855 -36.4246 -88.3054 360.89 -673.464 60.6992 -501.934 320.956
GPRESSURE: 45000 -194.466 -386.901 -7.62784 78.38 413.325 -374.687 115.956 -785.775 339.286
PRESSAVG: 45000 14.9615 -40.0008 -51.5673 -9.547 -180.37 38.3143 427.811 347.634 1557.92
GPRESSAVG: 45000 15.1086 -39.9091 -51.7394 -9.36498 -180.399 37.9945 427.797 347.866 1558.08
ENERGY:   45000         0.0000         0.0000         0.0000         0.0000          -5595.5848       403.5077         0.0000         0.0000       889.2038          -4302.8732       282.4922     -5192.0771     -4301.0776       299.9084            152.9120       186.0483     22925.0439       464.1693       464.2617

LDB: ============= START OF LOAD BALANCING ============== 150.435
LDB: ============== END OF LOAD BALANCING =============== 150.435
Info: useSync: 0 useProxySync: 0
LDB: =============== DONE WITH MIGRATION ================ 150.437
LDB: ============= START OF LOAD BALANCING ============== 150.583
LDB: Largest compute 245 load 0.008028 is 13.3% of average load 0.060282
LDB: Average compute 0.002405 is 4.0% of average load 0.060282
LDB: TIME 150.583 LOAD: AVG 0.0602824 MAX 0.139077  PROXIES: TOTAL 28 MAXPE 3 MAXPATCH 5 None MEM: 0.23282 MB
LDB: TIME 150.583 LOAD: AVG 0.0602824 MAX 0.139077  PROXIES: TOTAL 35 MAXPE 5 MAXPATCH 8 RefineTorusLB MEM: 0.23282 MB
LDB: TIME 150.583 LOAD: AVG 0.0602824 MAX 0.139077  PROXIES: TOTAL 35 MAXPE 5 MAXPATCH 8 RefineTorusLB MEM: 0.23282 MB
LDB: Reverting to original mapping
LDB: ============== END OF LOAD BALANCING =============== 150.583
Info: useSync: 0 useProxySync: 0
LDB: =============== DONE WITH MIGRATION ================ 150.583
LDB: ============= START OF LOAD BALANCING ============== 156.314
LDB: ============== END OF LOAD BALANCING =============== 156.315
Info: useSync: 0 useProxySync: 0
LDB: =============== DONE WITH MIGRATION ================ 156.315
LDB: ============= START OF LOAD BALANCING ============== 156.465
LDB: Largest compute 128 load 0.007855 is 13.0% of average load 0.060523
LDB: Average compute 0.002419 is 4.0% of average load 0.060523
LDB: TIME 156.465 LOAD: AVG 0.0605234 MAX 0.138999  PROXIES: TOTAL 28 MAXPE 3 MAXPATCH 5 None MEM: 0.23282 MB
LDB: TIME 156.466 LOAD: AVG 0.0605234 MAX 0.138999  PROXIES: TOTAL 35 MAXPE 5 MAXPATCH 8 RefineTorusLB MEM: 0.23282 MB
LDB: TIME 156.466 LOAD: AVG 0.0605234 MAX 0.138999  PROXIES: TOTAL 35 MAXPE 5 MAXPATCH 8 RefineTorusLB MEM: 0.23282 MB
LDB: ============== END OF LOAD BALANCING =============== 156.466
Info: useSync: 0 useProxySync: 0
LDB: =============== DONE WITH MIGRATION ================ 156.466
WRITING COORDINATES TO DCD FILE MD.dcd AT STEP 50000
WRITING COORDINATES TO RESTART FILE AT STEP 50000
FINISHED WRITING RESTART COORDINATES
The last position output (seq=50000) takes 0.001 seconds, 0.233 MB of memory in use
WRITING VELOCITIES TO RESTART FILE AT STEP 50000
FINISHED WRITING RESTART VELOCITIES
The last velocity output (seq=50000) takes 0.000 seconds, 0.233 MB of memory in use
PRESSURE: 50000 -57.2284 39.1291 -218.174 -114.792 -961.189 223.688 577.194 940.47 1835.12
GPRESSURE: 50000 -5.24259 -300.401 46.6652 74.5653 -944.997 138.274 120.434 952.051 1823.82
PRESSAVG: 50000 56.0464 85.1807 45.0022 83.0259 -48.1659 -18.1872 518.167 352.424 1756.5
GPRESSAVG: 50000 55.8783 85.1748 45.1727 82.832 -48.2576 -18.3383 518.245 352.761 1756.15
TIMING: 50000  CPU: 147.828, 0.00295551/step  Wall: 149.127, 0.00298062/step, 0.206987 hours remaining, 0.232820 MB of memory in use.
PERFORMANCE: 50000  averaging 57.9745 ns/day, 0.00298062 sec/step with standard deviation 0
ETITLE:      TS           BOND          ANGLE          DIHED          IMPRP               ELECT            VDW       BOUNDARY           MISC        KINETIC               TOTAL           TEMP      POTENTIAL         TOTAL3        TEMPAVG            PRESSURE      GPRESSURE         VOLUME       PRESSAVG      GPRESSAVG

ENERGY:   50000         0.0000         0.0000         0.0000         0.0000          -5606.1141       392.8884         0.0000         0.0000       922.1146          -4291.1112       292.9477     -5213.2257     -4288.8528       294.6637            272.2343       291.1947     22925.0439       588.1268       587.9230

WRITING EXTENDED SYSTEM TO RESTART FILE AT STEP 50000
LDB: ============= START OF LOAD BALANCING ============== 162.125
LDB: ============== END OF LOAD BALANCING =============== 162.125
Info: useSync: 0 useProxySync: 0
LDB: =============== DONE WITH MIGRATION ================ 162.125
LDB: ============= START OF LOAD BALANCING ============== 162.274
LDB: Largest compute 247 load 0.007638 is 12.6% of average load 0.060697
LDB: Average compute 0.002410 is 4.0% of average load 0.060697
LDB: TIME 162.277 LOAD: AVG 0.0606974 MAX 0.142982  PROXIES: TOTAL 28 MAXPE 3 MAXPATCH 5 None MEM: 0.23282 MB
LDB: TIME 162.277 LOAD: AVG 0.0606974 MAX 0.142982  PROXIES: TOTAL 35 MAXPE 5 MAXPATCH 8 RefineTorusLB MEM: 0.23282 MB
LDB: TIME 162.277 LOAD: AVG 0.0606974 MAX 0.142982  PROXIES: TOTAL 35 MAXPE 5 MAXPATCH 8 RefineTorusLB MEM: 0.23282 MB
LDB: ============== END OF LOAD BALANCING =============== 162.277
Info: useSync: 0 useProxySync: 0
LDB: =============== DONE WITH MIGRATION ================ 162.279
LDB: ============= START OF LOAD BALANCING ============== 167.961
LDB: ============== END OF LOAD BALANCING =============== 167.962
Info: useSync: 0 useProxySync: 0
LDB: =============== DONE WITH MIGRATION ================ 167.966
LDB: ============= START OF LOAD BALANCING ============== 168.11
LDB: Largest compute 13 load 0.007632 is 12.7% of average load 0.060020
LDB: Average compute 0.002402 is 4.0% of average load 0.060020
LDB: TIME 168.11 LOAD: AVG 0.0600197 MAX 0.13801  PROXIES: TOTAL 28 MAXPE 3 MAXPATCH 5 None MEM: 0.23282 MB
LDB: TIME 168.11 LOAD: AVG 0.0600197 MAX 0.13801  PROXIES: TOTAL 35 MAXPE 5 MAXPATCH 8 RefineTorusLB MEM: 0.23282 MB
LDB: TIME 168.111 LOAD: AVG 0.0600197 MAX 0.13801  PROXIES: TOTAL 35 MAXPE 5 MAXPATCH 8 RefineTorusLB MEM: 0.23282 MB
LDB: Reverting to original mapping
LDB: ============== END OF LOAD BALANCING =============== 168.111
Info: useSync: 0 useProxySync: 0
LDB: =============== DONE WITH MIGRATION ================ 168.111
LDB: ============= START OF LOAD BALANCING ============== 173.75
LDB: ============== END OF LOAD BALANCING =============== 173.751
Info: useSync: 0 useProxySync: 0
LDB: =============== DONE WITH MIGRATION ================ 173.751
LDB: ============= START OF LOAD BALANCING ============== 173.895
LDB: Largest compute 221 load 0.007226 is 12.1% of average load 0.059775
LDB: Average compute 0.002388 is 4.0% of average load 0.059775
LDB: TIME 173.895 LOAD: AVG 0.0597747 MAX 0.137723  PROXIES: TOTAL 28 MAXPE 3 MAXPATCH 5 None MEM: 0.23282 MB
LDB: TIME 173.895 LOAD: AVG 0.0597747 MAX 0.137723  PROXIES: TOTAL 35 MAXPE 5 MAXPATCH 8 RefineTorusLB MEM: 0.23282 MB
LDB: TIME 173.895 LOAD: AVG 0.0597747 MAX 0.137723  PROXIES: TOTAL 35 MAXPE 5 MAXPATCH 8 RefineTorusLB MEM: 0.23282 MB
LDB: Reverting to original mapping
LDB: ============== END OF LOAD BALANCING =============== 173.895
Info: useSync: 0 useProxySync: 0
LDB: =============== DONE WITH MIGRATION ================ 173.896
WRITING COORDINATES TO DCD FILE MD.dcd AT STEP 55000
PRESSURE: 55000 -663.707 -340.588 -123.289 157.85 109.396 129.583 209.248 623.997 1058.67
GPRESSURE: 55000 -679.465 -406.834 89.238 410.857 -66.3388 154.455 281.848 612.143 1313.33
PRESSAVG: 55000 -152.465 -71.2638 -69.5887 -70.6345 -68.7497 -55.7541 477.305 348.987 1588.01
GPRESSAVG: 55000 -152.572 -71.4416 -70.0424 -70.6614 -68.7377 -55.5779 477.877 348.908 1587.89
ENERGY:   55000         0.0000         0.0000         0.0000         0.0000          -5581.7359       384.1925         0.0000         0.0000       980.8331          -4216.7102       311.6021     -5197.5434     -4213.4277       295.5248            168.1192       189.1758     22925.0439       455.5982       455.5271

LDB: ============= START OF LOAD BALANCING ============== 179.611
LDB: ============== END OF LOAD BALANCING =============== 179.611
Info: useSync: 0 useProxySync: 0
LDB: =============== DONE WITH MIGRATION ================ 179.611
LDB: ============= START OF LOAD BALANCING ============== 179.755
LDB: Largest compute 13 load 0.007345 is 12.2% of average load 0.060216
LDB: Average compute 0.002410 is 4.0% of average load 0.060216
LDB: TIME 179.756 LOAD: AVG 0.0602164 MAX 0.138195  PROXIES: TOTAL 28 MAXPE 3 MAXPATCH 5 None MEM: 0.23282 MB
LDB: TIME 179.756 LOAD: AVG 0.0602164 MAX 0.138195  PROXIES: TOTAL 35 MAXPE 5 MAXPATCH 8 RefineTorusLB MEM: 0.23282 MB
LDB: TIME 179.756 LOAD: AVG 0.0602164 MAX 0.138195  PROXIES: TOTAL 35 MAXPE 5 MAXPATCH 8 RefineTorusLB MEM: 0.23282 MB
LDB: ============== END OF LOAD BALANCING =============== 179.756
Info: useSync: 0 useProxySync: 0
LDB: =============== DONE WITH MIGRATION ================ 179.756
LDB: ============= START OF LOAD BALANCING ============== 185.48
LDB: ============== END OF LOAD BALANCING =============== 185.48
Info: useSync: 0 useProxySync: 0
LDB: =============== DONE WITH MIGRATION ================ 185.48
LDB: ============= START OF LOAD BALANCING ============== 185.624
LDB: Largest compute 12 load 0.007226 is 12.0% of average load 0.060115
LDB: Average compute 0.002403 is 4.0% of average load 0.060115
LDB: TIME 185.624 LOAD: AVG 0.0601149 MAX 0.138269  PROXIES: TOTAL 28 MAXPE 3 MAXPATCH 5 None MEM: 0.23282 MB
LDB: TIME 185.625 LOAD: AVG 0.0601149 MAX 0.138269  PROXIES: TOTAL 35 MAXPE 5 MAXPATCH 8 RefineTorusLB MEM: 0.23282 MB
LDB: TIME 185.625 LOAD: AVG 0.0601149 MAX 0.138269  PROXIES: TOTAL 35 MAXPE 5 MAXPATCH 8 RefineTorusLB MEM: 0.23282 MB
LDB: Reverting to original mapping
LDB: ============== END OF LOAD BALANCING =============== 185.625
Info: useSync: 0 useProxySync: 0
LDB: =============== DONE WITH MIGRATION ================ 185.625
WRITING COORDINATES TO DCD FILE MD.dcd AT STEP 60000
PRESSURE: 60000 773.525 63.5834 147.5 -123.632 48.2105 -66.5972 242.243 399.821 2170.58
GPRESSURE: 60000 801.995 404.338 58.7301 -213.081 37.5197 -208.29 144.376 436.167 2218.17
PRESSAVG: 60000 -143.529 60.365 -72.7523 85.0241 -175.498 -11.9937 242.345 436.403 1491.05
GPRESSAVG: 60000 -143.435 60.298 -73.2657 84.984 -175.099 -11.6537 242.414 436.519 1491.11
ENERGY:   60000         0.0000         0.0000         0.0000         0.0000          -5591.7380       431.4051         0.0000         0.0000       940.1312          -4220.2017       298.6714     -5160.3329     -4217.6052       302.3932            997.4399      1019.2292     22925.0439       390.6748       390.8587

LDB: ============= START OF LOAD BALANCING ============== 191.289
LDB: ============== END OF LOAD BALANCING =============== 191.289
Info: useSync: 0 useProxySync: 0
LDB: =============== DONE WITH MIGRATION ================ 191.289
LDB: ============= START OF LOAD BALANCING ============== 191.434
LDB: Largest compute 245 load 0.007395 is 12.3% of average load 0.060070
LDB: Average compute 0.002399 is 4.0% of average load 0.060070
LDB: TIME 191.434 LOAD: AVG 0.0600704 MAX 0.138717  PROXIES: TOTAL 28 MAXPE 3 MAXPATCH 5 None MEM: 0.23282 MB
LDB: TIME 191.434 LOAD: AVG 0.0600704 MAX 0.138717  PROXIES: TOTAL 35 MAXPE 5 MAXPATCH 8 RefineTorusLB MEM: 0.23282 MB
LDB: TIME 191.434 LOAD: AVG 0.0600704 MAX 0.138717  PROXIES: TOTAL 35 MAXPE 5 MAXPATCH 8 RefineTorusLB MEM: 0.23282 MB
LDB: Reverting to original mapping
LDB: ============== END OF LOAD BALANCING =============== 191.434
Info: useSync: 0 useProxySync: 0
LDB: =============== DONE WITH MIGRATION ================ 191.435
LDB: ============= START OF LOAD BALANCING ============== 197.078
LDB: ============== END OF LOAD BALANCING =============== 197.078
Info: useSync: 0 useProxySync: 0
LDB: =============== DONE WITH MIGRATION ================ 197.079
LDB: ============= START OF LOAD BALANCING ============== 197.223
LDB: Largest compute 239 load 0.007795 is 13.0% of average load 0.060012
LDB: Average compute 0.002404 is 4.0% of average load 0.060012
LDB: TIME 197.223 LOAD: AVG 0.0600117 MAX 0.138326  PROXIES: TOTAL 28 MAXPE 3 MAXPATCH 5 None MEM: 0.23282 MB
LDB: TIME 197.223 LOAD: AVG 0.0600117 MAX 0.138326  PROXIES: TOTAL 35 MAXPE 5 MAXPATCH 8 RefineTorusLB MEM: 0.23282 MB
LDB: TIME 197.223 LOAD: AVG 0.0600117 MAX 0.138326  PROXIES: TOTAL 35 MAXPE 5 MAXPATCH 8 RefineTorusLB MEM: 0.23282 MB
LDB: Reverting to original mapping
LDB: ============== END OF LOAD BALANCING =============== 197.223
Info: useSync: 0 useProxySync: 0
LDB: =============== DONE WITH MIGRATION ================ 197.224
LDB: ============= START OF LOAD BALANCING ============== 202.878
LDB: ============== END OF LOAD BALANCING =============== 202.878
Info: useSync: 0 useProxySync: 0
LDB: =============== DONE WITH MIGRATION ================ 202.878
LDB: ============= START OF LOAD BALANCING ============== 203.023
LDB: Largest compute 247 load 0.007528 is 12.5% of average load 0.059982
LDB: Average compute 0.002394 is 4.0% of average load 0.059982
LDB: TIME 203.023 LOAD: AVG 0.0599824 MAX 0.138639  PROXIES: TOTAL 28 MAXPE 3 MAXPATCH 5 None MEM: 0.23282 MB
LDB: TIME 203.023 LOAD: AVG 0.0599824 MAX 0.138639  PROXIES: TOTAL 35 MAXPE 5 MAXPATCH 8 RefineTorusLB MEM: 0.23282 MB
LDB: TIME 203.023 LOAD: AVG 0.0599824 MAX 0.138639  PROXIES: TOTAL 35 MAXPE 5 MAXPATCH 8 RefineTorusLB MEM: 0.23282 MB
LDB: ============== END OF LOAD BALANCING =============== 203.024
Info: useSync: 0 useProxySync: 0
LDB: =============== DONE WITH MIGRATION ================ 203.024
PRESSURE: 65000 985.778 -230.373 167.05 -465.115 -196.19 134.749 296.467 940.86 1584.42
GPRESSURE: 65000 1080.19 -140.233 351.546 -441.342 -235.09 253.623 -257.114 1110.46 1601.14
PRESSAVG: 65000 -49.5885 14.6256 -29.0216 44.3069 29.9736 24.1348 62.2531 574.078 1971.35
GPRESSAVG: 65000 -49.566 14.2971 -28.9984 44.4433 30.1946 23.7732 61.8702 574.144 1971.55
ENERGY:   65000         0.0000         0.0000         0.0000         0.0000          -5617.4147       420.6562         0.0000         0.0000       975.7255          -4221.0330       309.9794     -5196.7585     -4219.0701       305.6922            791.3346       815.4136     22925.0439       650.5776       650.7265

WRITING COORDINATES TO DCD FILE MD.dcd AT STEP 65000
LDB: ============= START OF LOAD BALANCING ============== 209.545
LDB: ============== END OF LOAD BALANCING =============== 209.545
Info: useSync: 0 useProxySync: 0
LDB: =============== DONE WITH MIGRATION ================ 209.545
LDB: ============= START OF LOAD BALANCING ============== 209.689
LDB: Largest compute 239 load 0.007437 is 12.6% of average load 0.059079
LDB: Average compute 0.002352 is 4.0% of average load 0.059079
LDB: TIME 209.69 LOAD: AVG 0.0590794 MAX 0.138583  PROXIES: TOTAL 28 MAXPE 3 MAXPATCH 5 None MEM: 0.23282 MB
LDB: TIME 209.69 LOAD: AVG 0.0590794 MAX 0.138583  PROXIES: TOTAL 35 MAXPE 5 MAXPATCH 8 RefineTorusLB MEM: 0.23282 MB
LDB: TIME 209.69 LOAD: AVG 0.0590794 MAX 0.138583  PROXIES: TOTAL 35 MAXPE 5 MAXPATCH 8 RefineTorusLB MEM: 0.23282 MB
LDB: Reverting to original mapping
LDB: ============== END OF LOAD BALANCING =============== 209.691
Info: useSync: 0 useProxySync: 0
LDB: =============== DONE WITH MIGRATION ================ 209.691
LDB: ============= START OF LOAD BALANCING ============== 215.405
LDB: ============== END OF LOAD BALANCING =============== 215.409
Info: useSync: 0 useProxySync: 0
LDB: =============== DONE WITH MIGRATION ================ 215.418
LDB: ============= START OF LOAD BALANCING ============== 215.562
LDB: Largest compute 132 load 0.007287 is 12.3% of average load 0.059409
LDB: Average compute 0.002378 is 4.0% of average load 0.059409
LDB: TIME 215.562 LOAD: AVG 0.0594086 MAX 0.138256  PROXIES: TOTAL 28 MAXPE 3 MAXPATCH 5 None MEM: 0.23282 MB
LDB: TIME 215.562 LOAD: AVG 0.0594086 MAX 0.138256  PROXIES: TOTAL 35 MAXPE 5 MAXPATCH 8 RefineTorusLB MEM: 0.23282 MB
LDB: TIME 215.562 LOAD: AVG 0.0594086 MAX 0.138256  PROXIES: TOTAL 35 MAXPE 5 MAXPATCH 8 RefineTorusLB MEM: 0.23282 MB
LDB: ============== END OF LOAD BALANCING =============== 215.562
Info: useSync: 0 useProxySync: 0
LDB: =============== DONE WITH MIGRATION ================ 215.563
PRESSURE: 70000 1037.81 -9.88163 633.095 -88.203 658.649 329.401 336.31 274.336 2527.39
GPRESSURE: 70000 1116.57 -281.227 1059.48 57.7591 661.935 247.07 -154.765 452.783 2510.51
PRESSAVG: 70000 -108.728 45.6448 -29.4202 16.7629 -133.743 -25.2594 135.342 620.002 1813.4
GPRESSAVG: 70000 -108.5 46.1274 -29.4737 16.5644 -133.799 -25.2415 135.673 619.931 1813.24
ENERGY:   70000         0.0000         0.0000         0.0000         0.0000          -5697.2230       481.7874         0.0000         0.0000       966.8095          -4248.6261       307.1469     -5215.4355     -4246.2913       298.0071           1407.9502      1429.6694     22925.0439       523.6431       523.6474

WRITING COORDINATES TO DCD FILE MD.dcd AT STEP 70000
LDB: ============= START OF LOAD BALANCING ============== 221.258
LDB: ============== END OF LOAD BALANCING =============== 221.258
Info: useSync: 0 useProxySync: 0
LDB: =============== DONE WITH MIGRATION ================ 221.258
LDB: ============= START OF LOAD BALANCING ============== 221.402
LDB: Largest compute 76 load 0.007624 is 12.9% of average load 0.059203
LDB: Average compute 0.002364 is 4.0% of average load 0.059203
LDB: TIME 221.403 LOAD: AVG 0.0592035 MAX 0.137813  PROXIES: TOTAL 28 MAXPE 3 MAXPATCH 5 None MEM: 0.23282 MB
LDB: TIME 221.403 LOAD: AVG 0.0592035 MAX 0.137813  PROXIES: TOTAL 35 MAXPE 5 MAXPATCH 8 RefineTorusLB MEM: 0.23282 MB
LDB: TIME 221.403 LOAD: AVG 0.0592035 MAX 0.137813  PROXIES: TOTAL 35 MAXPE 5 MAXPATCH 8 RefineTorusLB MEM: 0.23282 MB
LDB: ============== END OF LOAD BALANCING =============== 221.403
Info: useSync: 0 useProxySync: 0
LDB: =============== DONE WITH MIGRATION ================ 221.403
LDB: ============= START OF LOAD BALANCING ============== 227.054
LDB: ============== END OF LOAD BALANCING =============== 227.054
Info: useSync: 0 useProxySync: 0
LDB: =============== DONE WITH MIGRATION ================ 227.054
LDB: ============= START OF LOAD BALANCING ============== 227.198
LDB: Largest compute 247 load 0.008048 is 13.6% of average load 0.059127
LDB: Average compute 0.002355 is 4.0% of average load 0.059127
LDB: TIME 227.198 LOAD: AVG 0.0591266 MAX 0.138381  PROXIES: TOTAL 28 MAXPE 3 MAXPATCH 5 None MEM: 0.23282 MB
LDB: TIME 227.199 LOAD: AVG 0.0591266 MAX 0.138381  PROXIES: TOTAL 35 MAXPE 5 MAXPATCH 8 RefineTorusLB MEM: 0.23282 MB
LDB: TIME 227.199 LOAD: AVG 0.0591266 MAX 0.138381  PROXIES: TOTAL 35 MAXPE 5 MAXPATCH 8 RefineTorusLB MEM: 0.23282 MB
LDB: Reverting to original mapping
LDB: ============== END OF LOAD BALANCING =============== 227.199
Info: useSync: 0 useProxySync: 0
LDB: =============== DONE WITH MIGRATION ================ 227.199
LDB: ============= START OF LOAD BALANCING ============== 232.847
LDB: ============== END OF LOAD BALANCING =============== 232.847
Info: useSync: 0 useProxySync: 0
LDB: =============== DONE WITH MIGRATION ================ 232.847
LDB: ============= START OF LOAD BALANCING ============== 232.992
LDB: Largest compute 216 load 0.007879 is 13.3% of average load 0.059327
LDB: Average compute 0.002361 is 4.0% of average load 0.059327
LDB: TIME 232.993 LOAD: AVG 0.0593267 MAX 0.138822  PROXIES: TOTAL 28 MAXPE 3 MAXPATCH 5 None MEM: 0.23282 MB
LDB: TIME 232.993 LOAD: AVG 0.0593267 MAX 0.138822  PROXIES: TOTAL 35 MAXPE 5 MAXPATCH 8 RefineTorusLB MEM: 0.23282 MB
LDB: TIME 232.993 LOAD: AVG 0.0593267 MAX 0.138822  PROXIES: TOTAL 35 MAXPE 5 MAXPATCH 8 RefineTorusLB MEM: 0.23282 MB
LDB: ============== END OF LOAD BALANCING =============== 232.993
Info: useSync: 0 useProxySync: 0
LDB: =============== DONE WITH MIGRATION ================ 232.993
WRITING COORDINATES TO DCD FILE MD.dcd AT STEP 75000
PRESSURE: 75000 629.17 -215.233 63.2624 -237.341 668.269 -56.9684 582.587 1059.47 3440.94
GPRESSURE: 75000 493.298 226.445 -128.78 -587.888 761.844 2.9862 647.948 1195.99 3514.51
PRESSAVG: 75000 195.303 7.19036 71.7689 43.8206 214.199 2.33034 -41.8231 515.414 2485.49
GPRESSAVG: 75000 195.364 7.27805 72.2799 43.7474 214.251 2.38059 -41.4814 515.543 2485.41
ENERGY:   75000         0.0000         0.0000         0.0000         0.0000          -5624.2176       453.3720         0.0000         0.0000       924.2670          -4246.5786       293.6315     -5170.8456     -4244.9132       297.2396           1579.4604      1589.8849     22925.0439       964.9972       965.0073

LDB: ============= START OF LOAD BALANCING ============== 238.646
LDB: ============== END OF LOAD BALANCING =============== 238.646
Info: useSync: 0 useProxySync: 0
LDB: =============== DONE WITH MIGRATION ================ 238.646
LDB: ============= START OF LOAD BALANCING ============== 238.791
LDB: Largest compute 238 load 0.007979 is 13.4% of average load 0.059592
LDB: Average compute 0.002372 is 4.0% of average load 0.059592
LDB: TIME 238.791 LOAD: AVG 0.0595917 MAX 0.138086  PROXIES: TOTAL 28 MAXPE 3 MAXPATCH 5 None MEM: 0.23282 MB
LDB: TIME 238.791 LOAD: AVG 0.0595917 MAX 0.138086  PROXIES: TOTAL 35 MAXPE 5 MAXPATCH 8 RefineTorusLB MEM: 0.23282 MB
LDB: TIME 238.791 LOAD: AVG 0.0595917 MAX 0.138086  PROXIES: TOTAL 35 MAXPE 5 MAXPATCH 8 RefineTorusLB MEM: 0.23282 MB
LDB: Reverting to original mapping
LDB: ============== END OF LOAD BALANCING =============== 238.791
Info: useSync: 0 useProxySync: 0
LDB: =============== DONE WITH MIGRATION ================ 238.791
LDB: ============= START OF LOAD BALANCING ============== 244.437
LDB: ============== END OF LOAD BALANCING =============== 244.44
Info: useSync: 0 useProxySync: 0
LDB: =============== DONE WITH MIGRATION ================ 244.44
LDB: ============= START OF LOAD BALANCING ============== 244.585
LDB: Largest compute 16 load 0.007569 is 12.8% of average load 0.059341
LDB: Average compute 0.002362 is 4.0% of average load 0.059341
LDB: TIME 244.585 LOAD: AVG 0.0593406 MAX 0.138154  PROXIES: TOTAL 28 MAXPE 3 MAXPATCH 5 None MEM: 0.23282 MB
LDB: TIME 244.585 LOAD: AVG 0.0593406 MAX 0.138154  PROXIES: TOTAL 35 MAXPE 5 MAXPATCH 8 RefineTorusLB MEM: 0.23282 MB
LDB: TIME 244.585 LOAD: AVG 0.0593406 MAX 0.138154  PROXIES: TOTAL 35 MAXPE 5 MAXPATCH 8 RefineTorusLB MEM: 0.23282 MB
LDB: Reverting to original mapping
LDB: ============== END OF LOAD BALANCING =============== 244.585
Info: useSync: 0 useProxySync: 0
LDB: =============== DONE WITH MIGRATION ================ 244.585
WRITING COORDINATES TO DCD FILE MD.dcd AT STEP 80000
PRESSURE: 80000 -848.346 58.5806 611.359 -288.264 -195.235 -472.585 708.346 340.692 2731.98
GPRESSURE: 80000 -795.47 275.109 370.887 -230.961 -248.411 -590.743 866.996 261.278 2798.35
PRESSAVG: 80000 -10.0564 39.8363 2.80442 57.6026 -45.4117 66.9628 149.921 588.944 2446.67
GPRESSAVG: 80000 -10.1247 39.5301 2.99194 57.7838 -45.3144 66.7399 149.727 589.219 2446.68
ENERGY:   80000         0.0000         0.0000         0.0000         0.0000          -5563.6567       393.0909         0.0000         0.0000       925.1643          -4245.4015       293.9166     -5170.5658     -4244.1325       301.9690            562.8002       584.8219     22925.0439       797.0689       797.0803

LDB: ============= START OF LOAD BALANCING ============== 250.236
LDB: ============== END OF LOAD BALANCING =============== 250.236
Info: useSync: 0 useProxySync: 0
LDB: =============== DONE WITH MIGRATION ================ 250.236
LDB: ============= START OF LOAD BALANCING ============== 250.38
LDB: Largest compute 246 load 0.007767 is 13.0% of average load 0.059644
LDB: Average compute 0.002376 is 4.0% of average load 0.059644
LDB: TIME 250.38 LOAD: AVG 0.0596438 MAX 0.138025  PROXIES: TOTAL 28 MAXPE 3 MAXPATCH 5 None MEM: 0.23282 MB
LDB: TIME 250.38 LOAD: AVG 0.0596438 MAX 0.138025  PROXIES: TOTAL 35 MAXPE 5 MAXPATCH 8 RefineTorusLB MEM: 0.23282 MB
LDB: TIME 250.38 LOAD: AVG 0.0596438 MAX 0.138025  PROXIES: TOTAL 35 MAXPE 5 MAXPATCH 8 RefineTorusLB MEM: 0.23282 MB
LDB: Reverting to original mapping
LDB: ============== END OF LOAD BALANCING =============== 250.381
Info: useSync: 0 useProxySync: 0
LDB: =============== DONE WITH MIGRATION ================ 250.381
LDB: ============= START OF LOAD BALANCING ============== 255.998
LDB: ============== END OF LOAD BALANCING =============== 255.998
Info: useSync: 0 useProxySync: 0
LDB: =============== DONE WITH MIGRATION ================ 255.998
LDB: ============= START OF LOAD BALANCING ============== 256.141
LDB: Largest compute 239 load 0.007407 is 12.5% of average load 0.059216
LDB: Average compute 0.002360 is 4.0% of average load 0.059216
LDB: TIME 256.142 LOAD: AVG 0.0592159 MAX 0.137426  PROXIES: TOTAL 28 MAXPE 3 MAXPATCH 5 None MEM: 0.23282 MB
LDB: TIME 256.142 LOAD: AVG 0.0592159 MAX 0.137426  PROXIES: TOTAL 35 MAXPE 5 MAXPATCH 8 RefineTorusLB MEM: 0.23282 MB
LDB: TIME 256.142 LOAD: AVG 0.0592159 MAX 0.137426  PROXIES: TOTAL 35 MAXPE 5 MAXPATCH 8 RefineTorusLB MEM: 0.23282 MB
LDB: ============== END OF LOAD BALANCING =============== 256.142
Info: useSync: 0 useProxySync: 0
LDB: =============== DONE WITH MIGRATION ================ 256.142
LDB: ============= START OF LOAD BALANCING ============== 261.754
LDB: ============== END OF LOAD BALANCING =============== 261.755
Info: useSync: 0 useProxySync: 0
LDB: =============== DONE WITH MIGRATION ================ 261.755
LDB: ============= START OF LOAD BALANCING ============== 261.899
LDB: Largest compute 16 load 0.007491 is 12.6% of average load 0.059528
LDB: Average compute 0.002369 is 4.0% of average load 0.059528
LDB: TIME 261.899 LOAD: AVG 0.059528 MAX 0.138013  PROXIES: TOTAL 28 MAXPE 3 MAXPATCH 5 None MEM: 0.23282 MB
LDB: TIME 261.899 LOAD: AVG 0.059528 MAX 0.138013  PROXIES: TOTAL 35 MAXPE 5 MAXPATCH 8 RefineTorusLB MEM: 0.23282 MB
LDB: TIME 261.899 LOAD: AVG 0.059528 MAX 0.138013  PROXIES: TOTAL 35 MAXPE 5 MAXPATCH 8 RefineTorusLB MEM: 0.23282 MB
LDB: ============== END OF LOAD BALANCING =============== 261.899
Info: useSync: 0 useProxySync: 0
LDB: =============== DONE WITH MIGRATION ================ 261.9
WRITING COORDINATES TO DCD FILE MD.dcd AT STEP 85000
PRESSURE: 85000 -427.092 876.855 -541.927 161.269 -217.729 254.878 -149.897 447.953 1744.97
GPRESSURE: 85000 -456.172 595.551 -435.391 -60.4199 -483.938 284.678 -119.26 188.58 2108.05
PRESSAVG: 85000 -137.092 -5.63636 54.0094 -14.5622 -159.93 30.9795 314.918 382.161 2542.74
GPRESSAVG: 85000 -137.199 -5.45088 53.6185 -14.7408 -160.111 30.9483 315.244 382.436 2542.56
ENERGY:   85000         0.0000         0.0000         0.0000         0.0000          -5537.4954       373.6319         0.0000         0.0000       925.8420          -4238.0215       294.1319     -5163.8635     -4236.5938       300.1290            366.7175       389.3149     22925.0439       748.5734       748.4155

LDB: ============= START OF LOAD BALANCING ============== 267.55
LDB: ============== END OF LOAD BALANCING =============== 267.55
Info: useSync: 0 useProxySync: 0
LDB: =============== DONE WITH MIGRATION ================ 267.55
LDB: ============= START OF LOAD BALANCING ============== 267.695
LDB: Largest compute 17 load 0.008015 is 13.4% of average load 0.059665
LDB: Average compute 0.002387 is 4.0% of average load 0.059665
LDB: TIME 267.695 LOAD: AVG 0.0596649 MAX 0.137896  PROXIES: TOTAL 28 MAXPE 3 MAXPATCH 5 None MEM: 0.23282 MB
LDB: TIME 267.695 LOAD: AVG 0.0596649 MAX 0.137896  PROXIES: TOTAL 35 MAXPE 5 MAXPATCH 8 RefineTorusLB MEM: 0.23282 MB
LDB: TIME 267.695 LOAD: AVG 0.0596649 MAX 0.137896  PROXIES: TOTAL 35 MAXPE 5 MAXPATCH 8 RefineTorusLB MEM: 0.23282 MB
LDB: ============== END OF LOAD BALANCING =============== 267.696
Info: useSync: 0 useProxySync: 0
LDB: =============== DONE WITH MIGRATION ================ 267.696
LDB: ============= START OF LOAD BALANCING ============== 273.323
LDB: ============== END OF LOAD BALANCING =============== 273.324
Info: useSync: 0 useProxySync: 0
LDB: =============== DONE WITH MIGRATION ================ 273.335
LDB: ============= START OF LOAD BALANCING ============== 273.479
LDB: Largest compute 238 load 0.008328 is 13.7% of average load 0.060899
LDB: Average compute 0.002393 is 3.9% of average load 0.060899
LDB: TIME 273.48 LOAD: AVG 0.0608988 MAX 0.138386  PROXIES: TOTAL 28 MAXPE 3 MAXPATCH 5 None MEM: 0.23282 MB
LDB: TIME 273.48 LOAD: AVG 0.0608988 MAX 0.138386  PROXIES: TOTAL 35 MAXPE 5 MAXPATCH 8 RefineTorusLB MEM: 0.23282 MB
LDB: TIME 273.48 LOAD: AVG 0.0608988 MAX 0.138386  PROXIES: TOTAL 35 MAXPE 5 MAXPATCH 8 RefineTorusLB MEM: 0.23282 MB
LDB: Reverting to original mapping
LDB: ============== END OF LOAD BALANCING =============== 273.48
Info: useSync: 0 useProxySync: 0
LDB: =============== DONE WITH MIGRATION ================ 273.48
WRITING COORDINATES TO DCD FILE MD.dcd AT STEP 90000
PRESSURE: 90000 -1456.26 -429.781 296.911 -7.06643 -844.348 163.668 741.085 585.044 1138.31
GPRESSURE: 90000 -1650.84 -427.224 416.275 178.906 -618.964 366.462 684.092 676.792 1141.53
PRESSAVG: 90000 -97.3563 29.6166 -8.53717 -20.4776 -110.195 -77.1573 392.503 270.548 2475.85
GPRESSAVG: 90000 -97.4848 29.4121 -7.93215 -20.4847 -110.353 -77.2189 392.476 270.924 2475.91
ENERGY:   90000         0.0000         0.0000         0.0000         0.0000          -5565.0931       346.9157         0.0000         0.0000       969.2027          -4248.9747       307.9072     -5218.1774     -4246.8746       294.9380           -387.4326      -376.0928     22925.0439       756.0991       756.0244

LDB: ============= START OF LOAD BALANCING ============== 279.18
LDB: ============== END OF LOAD BALANCING =============== 279.18
Info: useSync: 0 useProxySync: 0
LDB: =============== DONE WITH MIGRATION ================ 279.18
LDB: ============= START OF LOAD BALANCING ============== 279.324
LDB: Largest compute 16 load 0.008209 is 13.8% of average load 0.059646
LDB: Average compute 0.002375 is 4.0% of average load 0.059646
LDB: TIME 279.325 LOAD: AVG 0.0596458 MAX 0.138384  PROXIES: TOTAL 28 MAXPE 3 MAXPATCH 5 None MEM: 0.23282 MB
LDB: TIME 279.325 LOAD: AVG 0.0596458 MAX 0.138384  PROXIES: TOTAL 35 MAXPE 5 MAXPATCH 8 RefineTorusLB MEM: 0.23282 MB
LDB: TIME 279.325 LOAD: AVG 0.0596458 MAX 0.138384  PROXIES: TOTAL 35 MAXPE 5 MAXPATCH 8 RefineTorusLB MEM: 0.23282 MB
LDB: ============== END OF LOAD BALANCING =============== 279.325
Info: useSync: 0 useProxySync: 0
LDB: =============== DONE WITH MIGRATION ================ 279.326
LDB: ============= START OF LOAD BALANCING ============== 284.96
LDB: ============== END OF LOAD BALANCING =============== 284.96
Info: useSync: 0 useProxySync: 0
LDB: =============== DONE WITH MIGRATION ================ 284.96
LDB: ============= START OF LOAD BALANCING ============== 285.104
LDB: Largest compute 17 load 0.007357 is 12.3% of average load 0.059658
LDB: Average compute 0.002382 is 4.0% of average load 0.059658
LDB: TIME 285.104 LOAD: AVG 0.0596584 MAX 0.137725  PROXIES: TOTAL 28 MAXPE 3 MAXPATCH 5 None MEM: 0.23282 MB
LDB: TIME 285.105 LOAD: AVG 0.0596584 MAX 0.137725  PROXIES: TOTAL 35 MAXPE 5 MAXPATCH 8 RefineTorusLB MEM: 0.23282 MB
LDB: TIME 285.105 LOAD: AVG 0.0596584 MAX 0.137725  PROXIES: TOTAL 35 MAXPE 5 MAXPATCH 8 RefineTorusLB MEM: 0.23282 MB
LDB: Reverting to original mapping
LDB: ============== END OF LOAD BALANCING =============== 285.105
Info: useSync: 0 useProxySync: 0
LDB: =============== DONE WITH MIGRATION ================ 285.105
LDB: ============= START OF LOAD BALANCING ============== 290.729
LDB: ============== END OF LOAD BALANCING =============== 290.729
Info: useSync: 0 useProxySync: 0
LDB: =============== DONE WITH MIGRATION ================ 290.729
LDB: ============= START OF LOAD BALANCING ============== 290.873
LDB: Largest compute 218 load 0.007509 is 12.5% of average load 0.060154
LDB: Average compute 0.002405 is 4.0% of average load 0.060154
LDB: TIME 290.874 LOAD: AVG 0.0601536 MAX 0.13808  PROXIES: TOTAL 28 MAXPE 3 MAXPATCH 5 None MEM: 0.23282 MB
LDB: TIME 290.874 LOAD: AVG 0.0601536 MAX 0.13808  PROXIES: TOTAL 35 MAXPE 5 MAXPATCH 8 RefineTorusLB MEM: 0.23282 MB
LDB: TIME 290.874 LOAD: AVG 0.0601536 MAX 0.13808  PROXIES: TOTAL 35 MAXPE 5 MAXPATCH 8 RefineTorusLB MEM: 0.23282 MB
LDB: Reverting to original mapping
LDB: ============== END OF LOAD BALANCING =============== 290.874
Info: useSync: 0 useProxySync: 0
LDB: =============== DONE WITH MIGRATION ================ 290.874
WRITING COORDINATES TO DCD FILE MD.dcd AT STEP 95000
PRESSURE: 95000 -483.913 -985.867 -230.176 -900.578 -227.453 -336.997 -140.369 -133.024 1533.09
GPRESSURE: 95000 -384.736 -819.488 -494.152 -740.98 -267.69 -431.758 -200.022 -173.939 1534.43
PRESSAVG: 95000 -210.925 23.5288 -8.3682 4.35164 -108.169 21.014 269.005 181.995 2508.09
GPRESSAVG: 95000 -210.815 23.4168 -8.4433 4.6082 -107.556 20.797 269.13 181.599 2508.3
ENERGY:   95000         0.0000         0.0000         0.0000         0.0000          -5532.7589       359.5961         0.0000         0.0000       981.4177          -4191.7451       311.7878     -5173.1628     -4189.6782       299.0571            273.9075       294.0019     22925.0439       729.6652       729.9775

LDB: ============= START OF LOAD BALANCING ============== 296.502
LDB: ============== END OF LOAD BALANCING =============== 296.502
Info: useSync: 0 useProxySync: 0
LDB: =============== DONE WITH MIGRATION ================ 296.502
LDB: ============= START OF LOAD BALANCING ============== 296.647
LDB: Largest compute 247 load 0.007580 is 12.7% of average load 0.059715
LDB: Average compute 0.002384 is 4.0% of average load 0.059715
LDB: TIME 296.647 LOAD: AVG 0.0597153 MAX 0.138117  PROXIES: TOTAL 28 MAXPE 3 MAXPATCH 5 None MEM: 0.23282 MB
LDB: TIME 296.647 LOAD: AVG 0.0597153 MAX 0.138117  PROXIES: TOTAL 35 MAXPE 5 MAXPATCH 8 RefineTorusLB MEM: 0.23282 MB
LDB: TIME 296.647 LOAD: AVG 0.0597153 MAX 0.138117  PROXIES: TOTAL 35 MAXPE 5 MAXPATCH 8 RefineTorusLB MEM: 0.23282 MB
LDB: Reverting to original mapping
LDB: ============== END OF LOAD BALANCING =============== 296.647
Info: useSync: 0 useProxySync: 0
LDB: =============== DONE WITH MIGRATION ================ 296.647
LDB: ============= START OF LOAD BALANCING ============== 302.304
LDB: ============== END OF LOAD BALANCING =============== 302.304
Info: useSync: 0 useProxySync: 0
LDB: =============== DONE WITH MIGRATION ================ 302.304
LDB: ============= START OF LOAD BALANCING ============== 302.448
LDB: Largest compute 246 load 0.007192 is 12.1% of average load 0.059309
LDB: Average compute 0.002355 is 4.0% of average load 0.059309
LDB: TIME 302.449 LOAD: AVG 0.0593089 MAX 0.137965  PROXIES: TOTAL 28 MAXPE 3 MAXPATCH 5 None MEM: 0.23282 MB
LDB: TIME 302.449 LOAD: AVG 0.0593089 MAX 0.137965  PROXIES: TOTAL 35 MAXPE 5 MAXPATCH 8 RefineTorusLB MEM: 0.23282 MB
LDB: TIME 302.449 LOAD: AVG 0.0593089 MAX 0.137965  PROXIES: TOTAL 35 MAXPE 5 MAXPATCH 8 RefineTorusLB MEM: 0.23282 MB
LDB: Reverting to original mapping
LDB: ============== END OF LOAD BALANCING =============== 302.449
Info: useSync: 0 useProxySync: 0
LDB: =============== DONE WITH MIGRATION ================ 302.449
WRITING COORDINATES TO DCD FILE MD.dcd AT STEP 100000
WRITING COORDINATES TO RESTART FILE AT STEP 100000
FINISHED WRITING RESTART COORDINATES
WRITING VELOCITIES TO RESTART FILE AT STEP 100000
FINISHED WRITING RESTART VELOCITIES
The last velocity output (seq=100000) takes 0.000 seconds, 0.233 MB of memory in use
PRESSURE: 100000 -776.064 467.776 -55.6851 823.083 139.962 -222.061 -34.246 -431.423 2461.79
GPRESSURE: 100000 -561.946 753.827 -68.3655 272.841 107.806 -286.268 -115.795 -106.465 2411.43
PRESSAVG: 100000 -28.938 -41.869 33.6787 -54.6479 -93.7901 -39.0524 153.71 3.17231 2556.67
GPRESSAVG: 100000 -29.1517 -41.7014 33.7768 -55.061 -93.9515 -39.1878 153.278 3.35774 2556.85
TIMING: 100000  CPU: 293.418, 0.00291181/step  Wall: 295.124, 0.00291994/step, 0.162219 hours remaining, 0.232820 MB of memory in use.
PERFORMANCE: 100000  averaging 58.5707 ns/day, 0.00295028 sec/step with standard deviation 4.29083e-05
ETITLE:      TS           BOND          ANGLE          DIHED          IMPRP               ELECT            VDW       BOUNDARY           MISC        KINETIC               TOTAL           TEMP      POTENTIAL         TOTAL3        TEMPAVG            PRESSURE      GPRESSURE         VOLUME       PRESSAVG      GPRESSAVG

ENERGY:  100000         0.0000         0.0000         0.0000         0.0000          -5598.5195       407.2554         0.0000         0.0000       957.4743          -4233.7898       304.1812     -5191.2641     -4232.2352       300.7917            608.5636       652.4312     22925.0439       811.3137       811.2487

WRITING EXTENDED SYSTEM TO RESTART FILE AT STEP 100000
LDB: ============= START OF LOAD BALANCING ============== 308.123
LDB: ============== END OF LOAD BALANCING =============== 308.123
Info: useSync: 0 useProxySync: 0
LDB: =============== DONE WITH MIGRATION ================ 308.123
LDB: ============= START OF LOAD BALANCING ============== 308.267
LDB: Largest compute 218 load 0.007411 is 12.6% of average load 0.059024
LDB: Average compute 0.002346 is 4.0% of average load 0.059024
LDB: TIME 308.269 LOAD: AVG 0.0590241 MAX 0.13781  PROXIES: TOTAL 28 MAXPE 3 MAXPATCH 5 None MEM: 0.23282 MB
LDB: TIME 308.269 LOAD: AVG 0.0590241 MAX 0.13781  PROXIES: TOTAL 35 MAXPE 5 MAXPATCH 8 RefineTorusLB MEM: 0.23282 MB
LDB: TIME 308.269 LOAD: AVG 0.0590241 MAX 0.13781  PROXIES: TOTAL 35 MAXPE 5 MAXPATCH 8 RefineTorusLB MEM: 0.23282 MB
LDB: Reverting to original mapping
LDB: ============== END OF LOAD BALANCING =============== 308.269
Info: useSync: 0 useProxySync: 0
LDB: =============== DONE WITH MIGRATION ================ 308.269
LDB: ============= START OF LOAD BALANCING ============== 313.737
LDB: ============== END OF LOAD BALANCING =============== 313.737
Info: useSync: 0 useProxySync: 0
LDB: =============== DONE WITH MIGRATION ================ 313.737
LDB: ============= START OF LOAD BALANCING ============== 313.88
LDB: Largest compute 238 load 0.007687 is 13.0% of average load 0.059308
LDB: Average compute 0.002368 is 4.0% of average load 0.059308
LDB: TIME 313.88 LOAD: AVG 0.059308 MAX 0.134631  PROXIES: TOTAL 28 MAXPE 3 MAXPATCH 5 None MEM: 0.23282 MB
LDB: TIME 313.88 LOAD: AVG 0.059308 MAX 0.134631  PROXIES: TOTAL 35 MAXPE 5 MAXPATCH 8 RefineTorusLB MEM: 0.23282 MB
LDB: TIME 313.88 LOAD: AVG 0.059308 MAX 0.134631  PROXIES: TOTAL 35 MAXPE 5 MAXPATCH 8 RefineTorusLB MEM: 0.23282 MB
LDB: Reverting to original mapping
LDB: ============== END OF LOAD BALANCING =============== 313.88
Info: useSync: 0 useProxySync: 0
LDB: =============== DONE WITH MIGRATION ================ 313.881
LDB: ============= START OF LOAD BALANCING ============== 319.364
LDB: ============== END OF LOAD BALANCING =============== 319.376
Info: useSync: 0 useProxySync: 0
LDB: =============== DONE WITH MIGRATION ================ 319.376
LDB: ============= START OF LOAD BALANCING ============== 319.515
LDB: Largest compute 247 load 0.008353 is 14.1% of average load 0.059293
LDB: Average compute 0.002383 is 4.0% of average load 0.059293
LDB: TIME 319.515 LOAD: AVG 0.0592935 MAX 0.133176  PROXIES: TOTAL 28 MAXPE 3 MAXPATCH 5 None MEM: 0.23282 MB
LDB: TIME 319.516 LOAD: AVG 0.0592935 MAX 0.133176  PROXIES: TOTAL 35 MAXPE 5 MAXPATCH 8 RefineTorusLB MEM: 0.23282 MB
LDB: TIME 319.516 LOAD: AVG 0.0592935 MAX 0.133176  PROXIES: TOTAL 35 MAXPE 5 MAXPATCH 8 RefineTorusLB MEM: 0.23282 MB
LDB: ============== END OF LOAD BALANCING =============== 319.516
Info: useSync: 0 useProxySync: 0
LDB: =============== DONE WITH MIGRATION ================ 319.516
PRESSURE: 105000 -803.534 12.4111 -134.798 -104.381 -134.012 292.003 327.514 -66.1678 2501.36
GPRESSURE: 105000 -766.505 132.351 -269.009 -150.982 -147.855 17.9723 482.691 257.298 2560.97
PRESSAVG: 105000 -66.4611 85.4686 47.35 41.5086 -93.6655 -49.07 148.486 -13.3313 2596.97
GPRESSAVG: 105000 -66.5465 85.3167 47.143 41.5579 -93.609 -49.0775 148.652 -13.1675 2597.11
ENERGY:  105000         0.0000         0.0000         0.0000         0.0000          -5565.0033       387.7856         0.0000         0.0000       953.6095          -4223.6081       302.9534     -5177.2176     -4222.9813       297.8519            521.2712       548.8713     22925.0439       812.2796       812.3178

WRITING COORDINATES TO DCD FILE MD.dcd AT STEP 105000
LDB: ============= START OF LOAD BALANCING ============== 325.029
LDB: ============== END OF LOAD BALANCING =============== 325.029
Info: useSync: 0 useProxySync: 0
LDB: =============== DONE WITH MIGRATION ================ 325.029
LDB: ============= START OF LOAD BALANCING ============== 325.171
LDB: Largest compute 247 load 0.008318 is 14.1% of average load 0.059188
LDB: Average compute 0.002382 is 4.0% of average load 0.059188
LDB: TIME 325.171 LOAD: AVG 0.0591881 MAX 0.134684  PROXIES: TOTAL 28 MAXPE 3 MAXPATCH 5 None MEM: 0.23282 MB
LDB: TIME 325.171 LOAD: AVG 0.0591881 MAX 0.134684  PROXIES: TOTAL 35 MAXPE 5 MAXPATCH 8 RefineTorusLB MEM: 0.23282 MB
LDB: TIME 325.171 LOAD: AVG 0.0591881 MAX 0.134684  PROXIES: TOTAL 35 MAXPE 5 MAXPATCH 8 RefineTorusLB MEM: 0.23282 MB
LDB: Reverting to original mapping
LDB: ============== END OF LOAD BALANCING =============== 325.171
Info: useSync: 0 useProxySync: 0
LDB: =============== DONE WITH MIGRATION ================ 325.171
LDB: ============= START OF LOAD BALANCING ============== 338.757
LDB: ============== END OF LOAD BALANCING =============== 338.759
Info: useSync: 0 useProxySync: 0
LDB: =============== DONE WITH MIGRATION ================ 338.767
LDB: ============= START OF LOAD BALANCING ============== 339.141
LDB: Largest compute 219 load 0.018577 is 28.6% of average load 0.064955
LDB: Average compute 0.002577 is 4.0% of average load 0.064955
LDB: TIME 339.146 LOAD: AVG 0.0649548 MAX 0.134334  PROXIES: TOTAL 28 MAXPE 3 MAXPATCH 5 None MEM: 0.23282 MB
LDB: TIME 339.146 LOAD: AVG 0.0649548 MAX 0.134334  PROXIES: TOTAL 35 MAXPE 5 MAXPATCH 8 RefineTorusLB MEM: 0.23282 MB
LDB: TIME 339.146 LOAD: AVG 0.0649548 MAX 0.134334  PROXIES: TOTAL 35 MAXPE 5 MAXPATCH 8 RefineTorusLB MEM: 0.23282 MB
LDB: ============== END OF LOAD BALANCING =============== 339.152
Info: useSync: 0 useProxySync: 0
LDB: =============== DONE WITH MIGRATION ================ 339.203
WRITING COORDINATES TO DCD FILE MD.dcd AT STEP 110000
PRESSURE: 110000 418.103 219.463 -428.942 353.482 585.159 295.046 70.6029 747.944 2543.43
GPRESSURE: 110000 256.871 123.487 -438.285 359.727 699.158 307.196 232.687 498.933 2680.42
PRESSAVG: 110000 -17.9128 2.67303 37.4054 19.3526 -52.8204 5.23213 61.1267 145.573 2672.95
GPRESSAVG: 110000 -17.7883 2.72055 37.8089 19.4737 -52.9144 5.20411 60.7047 145.556 2673.05
ENERGY:  110000         0.0000         0.0000         0.0000         0.0000          -5644.2923       440.0607         0.0000         0.0000       977.7254          -4226.5062       310.6148     -5204.2316     -4223.7856       303.6914           1182.2305      1212.1507     22925.0439       867.4055       867.4478

LDB: ============= START OF LOAD BALANCING ============== 354.373
LDB: ============== END OF LOAD BALANCING =============== 354.374
Info: useSync: 0 useProxySync: 0
LDB: =============== DONE WITH MIGRATION ================ 354.401
LDB: ============= START OF LOAD BALANCING ============== 354.725
LDB: Largest compute 247 load 0.015204 is 23.5% of average load 0.064618
LDB: Average compute 0.002551 is 3.9% of average load 0.064618
LDB: TIME 354.731 LOAD: AVG 0.0646179 MAX 0.134521  PROXIES: TOTAL 28 MAXPE 3 MAXPATCH 5 None MEM: 0.23282 MB
LDB: TIME 354.731 LOAD: AVG 0.0646179 MAX 0.134521  PROXIES: TOTAL 35 MAXPE 5 MAXPATCH 8 RefineTorusLB MEM: 0.23282 MB
LDB: TIME 354.731 LOAD: AVG 0.0646179 MAX 0.134521  PROXIES: TOTAL 35 MAXPE 5 MAXPATCH 8 RefineTorusLB MEM: 0.23282 MB
LDB: Reverting to original mapping
LDB: ============== END OF LOAD BALANCING =============== 354.737
Info: useSync: 0 useProxySync: 0
LDB: =============== DONE WITH MIGRATION ================ 354.785
LDB: ============= START OF LOAD BALANCING ============== 370.297
LDB: ============== END OF LOAD BALANCING =============== 370.303
Info: useSync: 0 useProxySync: 0
LDB: =============== DONE WITH MIGRATION ================ 370.327
LDB: ============= START OF LOAD BALANCING ============== 370.732
LDB: Largest compute 14 load 0.012970 is 20.9% of average load 0.061918
LDB: Average compute 0.002300 is 3.7% of average load 0.061918
LDB: TIME 370.736 LOAD: AVG 0.0619181 MAX 0.152146  PROXIES: TOTAL 28 MAXPE 3 MAXPATCH 5 None MEM: 0.23282 MB
LDB: TIME 370.736 LOAD: AVG 0.0619181 MAX 0.152146  PROXIES: TOTAL 35 MAXPE 5 MAXPATCH 8 RefineTorusLB MEM: 0.23282 MB
LDB: TIME 370.736 LOAD: AVG 0.0619181 MAX 0.152146  PROXIES: TOTAL 35 MAXPE 5 MAXPATCH 8 RefineTorusLB MEM: 0.23282 MB
LDB: ============== END OF LOAD BALANCING =============== 370.742
Info: useSync: 0 useProxySync: 0
LDB: =============== DONE WITH MIGRATION ================ 370.843
LDB: ============= START OF LOAD BALANCING ============== 386.116
LDB: ============== END OF LOAD BALANCING =============== 386.116
Info: useSync: 0 useProxySync: 0
LDB: =============== DONE WITH MIGRATION ================ 386.117
LDB: ============= START OF LOAD BALANCING ============== 386.258
LDB: Largest compute 13 load 0.007520 is 12.7% of average load 0.059122
LDB: Average compute 0.002359 is 4.0% of average load 0.059122
LDB: TIME 386.258 LOAD: AVG 0.0591224 MAX 0.135097  PROXIES: TOTAL 28 MAXPE 3 MAXPATCH 5 None MEM: 0.23282 MB
LDB: TIME 386.258 LOAD: AVG 0.0591224 MAX 0.135097  PROXIES: TOTAL 35 MAXPE 5 MAXPATCH 8 RefineTorusLB MEM: 0.23282 MB
LDB: TIME 386.258 LOAD: AVG 0.0591224 MAX 0.135097  PROXIES: TOTAL 35 MAXPE 5 MAXPATCH 8 RefineTorusLB MEM: 0.23282 MB
LDB: ============== END OF LOAD BALANCING =============== 386.258
Info: useSync: 0 useProxySync: 0
LDB: =============== DONE WITH MIGRATION ================ 386.258
WRITING COORDINATES TO DCD FILE MD.dcd AT STEP 115000
PRESSURE: 115000 345.636 170.46 57.0662 201.993 225.861 73.1843 117.574 274.582 2686.94
GPRESSURE: 115000 400.328 -122.238 -150.829 391.209 336.054 -249.502 222.046 421.858 2588.64
PRESSAVG: 115000 -155.606 5.6618 26.672 8.72092 10.6889 -28.9279 -34.3097 55.939 2705.99
GPRESSAVG: 115000 -155.335 5.50167 26.6606 8.81929 10.7535 -28.9074 -34.1877 55.4961 2705.9
ENERGY:  115000         0.0000         0.0000         0.0000         0.0000          -5661.9478       435.5051         0.0000         0.0000       913.6942          -4312.7484       290.2726     -5226.4426     -4310.6608       298.9291           1086.1471      1108.3424     22925.0439       853.6916       853.7713

LDB: ============= START OF LOAD BALANCING ============== 391.764
LDB: ============== END OF LOAD BALANCING =============== 391.764
Info: useSync: 0 useProxySync: 0
LDB: =============== DONE WITH MIGRATION ================ 391.764
LDB: ============= START OF LOAD BALANCING ============== 391.905
LDB: Largest compute 76 load 0.007127 is 12.2% of average load 0.058577
LDB: Average compute 0.002333 is 4.0% of average load 0.058577
LDB: TIME 391.905 LOAD: AVG 0.0585772 MAX 0.134878  PROXIES: TOTAL 28 MAXPE 3 MAXPATCH 5 None MEM: 0.23282 MB
LDB: TIME 391.905 LOAD: AVG 0.0585772 MAX 0.134878  PROXIES: TOTAL 35 MAXPE 5 MAXPATCH 8 RefineTorusLB MEM: 0.23282 MB
LDB: TIME 391.905 LOAD: AVG 0.0585772 MAX 0.134878  PROXIES: TOTAL 35 MAXPE 5 MAXPATCH 8 RefineTorusLB MEM: 0.23282 MB
LDB: ============== END OF LOAD BALANCING =============== 391.905
Info: useSync: 0 useProxySync: 0
LDB: =============== DONE WITH MIGRATION ================ 391.906
LDB: ============= START OF LOAD BALANCING ============== 398.756
LDB: ============== END OF LOAD BALANCING =============== 398.757
Info: useSync: 0 useProxySync: 0
LDB: =============== DONE WITH MIGRATION ================ 398.757
LDB: ============= START OF LOAD BALANCING ============== 398.897
LDB: Largest compute 17 load 0.007754 is 13.3% of average load 0.058498
LDB: Average compute 0.002344 is 4.0% of average load 0.058498
LDB: TIME 398.898 LOAD: AVG 0.0584976 MAX 0.134334  PROXIES: TOTAL 28 MAXPE 3 MAXPATCH 5 None MEM: 0.23282 MB
LDB: TIME 398.898 LOAD: AVG 0.0584976 MAX 0.134334  PROXIES: TOTAL 35 MAXPE 5 MAXPATCH 8 RefineTorusLB MEM: 0.23282 MB
LDB: TIME 398.898 LOAD: AVG 0.0584976 MAX 0.134334  PROXIES: TOTAL 35 MAXPE 5 MAXPATCH 8 RefineTorusLB MEM: 0.23282 MB
LDB: ============== END OF LOAD BALANCING =============== 398.898
Info: useSync: 0 useProxySync: 0
LDB: =============== DONE WITH MIGRATION ================ 398.898
PRESSURE: 120000 -955.218 -108.062 -281.629 47.2708 -51.138 -108.877 -211.01 125.54 2796.82
GPRESSURE: 120000 -1003.88 -290.421 2.01427 107.19 -177.761 -199.33 -476.913 -84.4831 3065.21
PRESSAVG: 120000 -115.223 30.4922 7.2184 93.1025 -105.916 26.3395 -105.695 31.4563 2733.02
GPRESSAVG: 120000 -115.091 30.0444 7.26184 93.4478 -105.903 26.5493 -105.8 31.4093 2733.11
ENERGY:  120000         0.0000         0.0000         0.0000         0.0000          -5520.5770       356.4907         0.0000         0.0000       956.2342          -4207.8521       303.7872     -5164.0863     -4206.2285       299.7758            596.8212       627.8587     22925.0439       837.2930       837.3712

WRITING COORDINATES TO DCD FILE MD.dcd AT STEP 120000
LDB: ============= START OF LOAD BALANCING ============== 404.383
LDB: ============== END OF LOAD BALANCING =============== 404.383
Info: useSync: 0 useProxySync: 0
LDB: =============== DONE WITH MIGRATION ================ 404.383
LDB: ============= START OF LOAD BALANCING ============== 404.533
LDB: Largest compute 128 load 0.008328 is 14.0% of average load 0.059645
LDB: Average compute 0.002379 is 4.0% of average load 0.059645
LDB: TIME 404.533 LOAD: AVG 0.059645 MAX 0.138765  PROXIES: TOTAL 28 MAXPE 3 MAXPATCH 5 None MEM: 0.23282 MB
LDB: TIME 404.533 LOAD: AVG 0.059645 MAX 0.138765  PROXIES: TOTAL 35 MAXPE 5 MAXPATCH 8 RefineTorusLB MEM: 0.23282 MB
LDB: TIME 404.533 LOAD: AVG 0.059645 MAX 0.138765  PROXIES: TOTAL 35 MAXPE 5 MAXPATCH 8 RefineTorusLB MEM: 0.23282 MB
LDB: ============== END OF LOAD BALANCING =============== 404.533
Info: useSync: 0 useProxySync: 0
LDB: =============== DONE WITH MIGRATION ================ 404.533
LDB: ============= START OF LOAD BALANCING ============== 410.001
LDB: ============== END OF LOAD BALANCING =============== 410.001
Info: useSync: 0 useProxySync: 0
LDB: =============== DONE WITH MIGRATION ================ 410.001
LDB: ============= START OF LOAD BALANCING ============== 410.141
LDB: Largest compute 239 load 0.008041 is 13.6% of average load 0.058950
LDB: Average compute 0.002364 is 4.0% of average load 0.058950
LDB: TIME 410.141 LOAD: AVG 0.0589504 MAX 0.134273  PROXIES: TOTAL 28 MAXPE 3 MAXPATCH 5 None MEM: 0.23282 MB
LDB: TIME 410.141 LOAD: AVG 0.0589504 MAX 0.134273  PROXIES: TOTAL 35 MAXPE 5 MAXPATCH 8 RefineTorusLB MEM: 0.23282 MB
LDB: TIME 410.142 LOAD: AVG 0.0589504 MAX 0.134273  PROXIES: TOTAL 35 MAXPE 5 MAXPATCH 8 RefineTorusLB MEM: 0.23282 MB
LDB: Reverting to original mapping
LDB: ============== END OF LOAD BALANCING =============== 410.142
Info: useSync: 0 useProxySync: 0
LDB: =============== DONE WITH MIGRATION ================ 410.142
LDB: ============= START OF LOAD BALANCING ============== 415.613
LDB: ============== END OF LOAD BALANCING =============== 415.613
Info: useSync: 0 useProxySync: 0
LDB: =============== DONE WITH MIGRATION ================ 415.613
LDB: ============= START OF LOAD BALANCING ============== 415.772
LDB: Largest compute 128 load 0.007481 is 12.6% of average load 0.059379
LDB: Average compute 0.002378 is 4.0% of average load 0.059379
LDB: TIME 415.772 LOAD: AVG 0.0593792 MAX 0.135277  PROXIES: TOTAL 28 MAXPE 3 MAXPATCH 5 None MEM: 0.23282 MB
LDB: TIME 415.772 LOAD: AVG 0.0593792 MAX 0.135277  PROXIES: TOTAL 35 MAXPE 5 MAXPATCH 8 RefineTorusLB MEM: 0.23282 MB
LDB: TIME 415.772 LOAD: AVG 0.0593792 MAX 0.135277  PROXIES: TOTAL 35 MAXPE 5 MAXPATCH 8 RefineTorusLB MEM: 0.23282 MB
LDB: Reverting to original mapping
LDB: ============== END OF LOAD BALANCING =============== 415.772
Info: useSync: 0 useProxySync: 0
LDB: =============== DONE WITH MIGRATION ================ 415.773
WRITING COORDINATES TO DCD FILE MD.dcd AT STEP 125000
PRESSURE: 125000 374.011 467.509 -491.402 263.749 409.869 36.5789 283.359 174.334 3317.1
GPRESSURE: 125000 231.557 500.543 -570.763 116.048 483.196 132.046 228.625 389.842 3410.37
PRESSAVG: 125000 -51.0242 29.08 8.63464 47.5999 -89.1017 42.2133 22.8607 117.422 3126.55
GPRESSAVG: 125000 -51.1604 29.4222 8.69341 47.3412 -88.7949 41.9338 22.9118 117.52 3126.54
ENERGY:  125000         0.0000         0.0000         0.0000         0.0000          -5558.2785       416.2663         0.0000         0.0000       965.0634          -4176.9488       306.5922     -5142.0122     -4174.9987       306.0616           1366.9934      1375.0423     22925.0439       995.4760       995.5295

LDB: ============= START OF LOAD BALANCING ============== 421.271
LDB: ============== END OF LOAD BALANCING =============== 421.272
Info: useSync: 0 useProxySync: 0
LDB: =============== DONE WITH MIGRATION ================ 421.272
LDB: ============= START OF LOAD BALANCING ============== 421.412
LDB: Largest compute 128 load 0.007534 is 12.8% of average load 0.058965
LDB: Average compute 0.002369 is 4.0% of average load 0.058965
LDB: TIME 421.412 LOAD: AVG 0.0589646 MAX 0.133868  PROXIES: TOTAL 28 MAXPE 3 MAXPATCH 5 None MEM: 0.23282 MB
LDB: TIME 421.412 LOAD: AVG 0.0589646 MAX 0.133868  PROXIES: TOTAL 35 MAXPE 5 MAXPATCH 8 RefineTorusLB MEM: 0.23282 MB
LDB: TIME 421.412 LOAD: AVG 0.0589646 MAX 0.133868  PROXIES: TOTAL 35 MAXPE 5 MAXPATCH 8 RefineTorusLB MEM: 0.23282 MB
LDB: Reverting to original mapping
LDB: ============== END OF LOAD BALANCING =============== 421.412
Info: useSync: 0 useProxySync: 0
LDB: =============== DONE WITH MIGRATION ================ 421.412
LDB: ============= START OF LOAD BALANCING ============== 426.867
LDB: ============== END OF LOAD BALANCING =============== 426.868
Info: useSync: 0 useProxySync: 0
LDB: =============== DONE WITH MIGRATION ================ 426.868
LDB: ============= START OF LOAD BALANCING ============== 427.007
LDB: Largest compute 216 load 0.008229 is 14.0% of average load 0.058675
LDB: Average compute 0.002363 is 4.0% of average load 0.058675
LDB: TIME 427.007 LOAD: AVG 0.0586755 MAX 0.133735  PROXIES: TOTAL 28 MAXPE 3 MAXPATCH 5 None MEM: 0.23282 MB
LDB: TIME 427.007 LOAD: AVG 0.0586755 MAX 0.133735  PROXIES: TOTAL 35 MAXPE 5 MAXPATCH 8 RefineTorusLB MEM: 0.23282 MB
LDB: TIME 427.007 LOAD: AVG 0.0586755 MAX 0.133735  PROXIES: TOTAL 35 MAXPE 5 MAXPATCH 8 RefineTorusLB MEM: 0.23282 MB
LDB: ============== END OF LOAD BALANCING =============== 427.007
Info: useSync: 0 useProxySync: 0
LDB: =============== DONE WITH MIGRATION ================ 427.007
PRESSURE: 130000 -482.383 -377.753 803.138 -538.978 256.673 -186.129 955.94 280.25 3199.52
GPRESSURE: 130000 -343.197 -227.876 569.679 -683.529 136.701 -149.807 1031.06 455.114 3218.53
PRESSAVG: 130000 -10.0508 -32.2537 55.8013 -29.5152 117.061 74.1158 272.309 458.974 3279.37
GPRESSAVG: 130000 -10.2942 -32.0321 55.9928 -29.1081 117.018 74.2654 271.993 458.881 3279.08
ENERGY:  130000         0.0000         0.0000         0.0000         0.0000          -5569.4673       398.0679         0.0000         0.0000       905.8260          -4265.5734       287.7730     -5171.3994     -4264.6589       302.9604            991.2696      1004.0100     22925.0439      1128.7923      1128.6006

WRITING COORDINATES TO DCD FILE MD.dcd AT STEP 130000
LDB: ============= START OF LOAD BALANCING ============== 432.471
LDB: ============== END OF LOAD BALANCING =============== 432.471
Info: useSync: 0 useProxySync: 0
LDB: =============== DONE WITH MIGRATION ================ 432.471
LDB: ============= START OF LOAD BALANCING ============== 432.611
LDB: Largest compute 247 load 0.007816 is 13.2% of average load 0.059341
LDB: Average compute 0.002388 is 4.0% of average load 0.059341
LDB: TIME 432.612 LOAD: AVG 0.0593406 MAX 0.134148  PROXIES: TOTAL 28 MAXPE 3 MAXPATCH 5 None MEM: 0.23282 MB
LDB: TIME 432.612 LOAD: AVG 0.0593406 MAX 0.134148  PROXIES: TOTAL 35 MAXPE 5 MAXPATCH 8 RefineTorusLB MEM: 0.23282 MB
LDB: TIME 432.612 LOAD: AVG 0.0593406 MAX 0.134148  PROXIES: TOTAL 35 MAXPE 5 MAXPATCH 8 RefineTorusLB MEM: 0.23282 MB
LDB: Reverting to original mapping
LDB: ============== END OF LOAD BALANCING =============== 432.612
Info: useSync: 0 useProxySync: 0
LDB: =============== DONE WITH MIGRATION ================ 432.612
LDB: ============= START OF LOAD BALANCING ============== 438.099
LDB: ============== END OF LOAD BALANCING =============== 438.099
Info: useSync: 0 useProxySync: 0
LDB: =============== DONE WITH MIGRATION ================ 438.099
LDB: ============= START OF LOAD BALANCING ============== 438.239
LDB: Largest compute 17 load 0.007623 is 12.9% of average load 0.059248
LDB: Average compute 0.002386 is 4.0% of average load 0.059248
LDB: TIME 438.24 LOAD: AVG 0.059248 MAX 0.133824  PROXIES: TOTAL 28 MAXPE 3 MAXPATCH 5 None MEM: 0.23282 MB
LDB: TIME 438.24 LOAD: AVG 0.059248 MAX 0.133824  PROXIES: TOTAL 35 MAXPE 5 MAXPATCH 8 RefineTorusLB MEM: 0.23282 MB
LDB: TIME 438.24 LOAD: AVG 0.059248 MAX 0.133824  PROXIES: TOTAL 35 MAXPE 5 MAXPATCH 8 RefineTorusLB MEM: 0.23282 MB
LDB: ============== END OF LOAD BALANCING =============== 438.24
Info: useSync: 0 useProxySync: 0
LDB: =============== DONE WITH MIGRATION ================ 438.24
LDB: ============= START OF LOAD BALANCING ============== 443.72
LDB: ============== END OF LOAD BALANCING =============== 443.72
Info: useSync: 0 useProxySync: 0
LDB: =============== DONE WITH MIGRATION ================ 443.72
LDB: ============= START OF LOAD BALANCING ============== 443.861
LDB: Largest compute 238 load 0.007717 is 13.1% of average load 0.058814
LDB: Average compute 0.002361 is 4.0% of average load 0.058814
LDB: TIME 443.865 LOAD: AVG 0.0588144 MAX 0.134198  PROXIES: TOTAL 28 MAXPE 3 MAXPATCH 5 None MEM: 0.23282 MB
LDB: TIME 443.865 LOAD: AVG 0.0588144 MAX 0.134198  PROXIES: TOTAL 35 MAXPE 5 MAXPATCH 8 RefineTorusLB MEM: 0.23282 MB
LDB: TIME 443.865 LOAD: AVG 0.0588144 MAX 0.134198  PROXIES: TOTAL 35 MAXPE 5 MAXPATCH 8 RefineTorusLB MEM: 0.23282 MB
LDB: ============== END OF LOAD BALANCING =============== 443.87
Info: useSync: 0 useProxySync: 0
LDB: =============== DONE WITH MIGRATION ================ 443.87
WRITING COORDINATES TO DCD FILE MD.dcd AT STEP 135000
PRESSURE: 135000 -946.754 367.408 -494.375 122.669 -739.9 172.198 -245.606 451.902 2658.26
GPRESSURE: 135000 -928.304 184.437 -517.698 342.978 -780.381 333.218 -332.36 442.391 2747.24
PRESSAVG: 135000 -167.411 24.4901 -17.1645 73.3888 -92.5807 -34.1757 151.906 284.885 3354.52
GPRESSAVG: 135000 -167.466 23.9827 -17.528 73.4719 -92.2079 -34.5099 152.321 284.87 3354.71
ENERGY:  135000         0.0000         0.0000         0.0000         0.0000          -5519.9386       340.3284         0.0000         0.0000       937.4369          -4242.1733       297.8155     -5179.6102     -4239.6656       301.7314            323.8694       346.1863     22925.0439      1031.5080      1031.6778

LDB: ============= START OF LOAD BALANCING ============== 449.35
LDB: ============== END OF LOAD BALANCING =============== 449.35
Info: useSync: 0 useProxySync: 0
LDB: =============== DONE WITH MIGRATION ================ 449.353
LDB: ============= START OF LOAD BALANCING ============== 449.493
LDB: Largest compute 17 load 0.007349 is 12.4% of average load 0.059305
LDB: Average compute 0.002387 is 4.0% of average load 0.059305
LDB: TIME 449.493 LOAD: AVG 0.0593053 MAX 0.133989  PROXIES: TOTAL 28 MAXPE 3 MAXPATCH 5 None MEM: 0.23282 MB
LDB: TIME 449.493 LOAD: AVG 0.0593053 MAX 0.133989  PROXIES: TOTAL 35 MAXPE 5 MAXPATCH 8 RefineTorusLB MEM: 0.23282 MB
LDB: TIME 449.493 LOAD: AVG 0.0593053 MAX 0.133989  PROXIES: TOTAL 35 MAXPE 5 MAXPATCH 8 RefineTorusLB MEM: 0.23282 MB
LDB: ============== END OF LOAD BALANCING =============== 449.493
Info: useSync: 0 useProxySync: 0
LDB: =============== DONE WITH MIGRATION ================ 449.494
LDB: ============= START OF LOAD BALANCING ============== 455.047
LDB: ============== END OF LOAD BALANCING =============== 455.047
Info: useSync: 0 useProxySync: 0
LDB: =============== DONE WITH MIGRATION ================ 455.048
LDB: ============= START OF LOAD BALANCING ============== 455.188
LDB: Largest compute 110 load 0.007701 is 13.0% of average load 0.059095
LDB: Average compute 0.002380 is 4.0% of average load 0.059095
LDB: TIME 455.188 LOAD: AVG 0.0590946 MAX 0.133826  PROXIES: TOTAL 28 MAXPE 3 MAXPATCH 5 None MEM: 0.23282 MB
LDB: TIME 455.188 LOAD: AVG 0.0590946 MAX 0.133826  PROXIES: TOTAL 35 MAXPE 5 MAXPATCH 8 RefineTorusLB MEM: 0.23282 MB
LDB: TIME 455.188 LOAD: AVG 0.0590946 MAX 0.133826  PROXIES: TOTAL 35 MAXPE 5 MAXPATCH 8 RefineTorusLB MEM: 0.23282 MB
LDB: ============== END OF LOAD BALANCING =============== 455.188
Info: useSync: 0 useProxySync: 0
LDB: =============== DONE WITH MIGRATION ================ 455.198
PRESSURE: 140000 30.0211 199.698 -633.507 636.04 -419.041 -693.567 -228.204 642.659 3205.3
GPRESSURE: 140000 -14.4872 -144.105 -798.501 651.171 -357.493 -882.298 -162.273 675.05 3221.02
PRESSAVG: 140000 -14.1085 7.78135 -36.6083 10.0502 -39.6204 7.89756 0.182301 560.702 3515.88
GPRESSAVG: 140000 -13.8421 8.1575 -36.8583 9.74049 -39.498 7.77608 0.0964019 560.819 3515.71
ENERGY:  140000         0.0000         0.0000         0.0000         0.0000          -5561.8536       413.9108         0.0000         0.0000       950.6806          -4197.2622       302.0229     -5147.9428     -4195.4810       297.8476            938.7594       949.6809     22925.0439      1154.0514      1154.1240

WRITING COORDINATES TO DCD FILE MD.dcd AT STEP 140000
LDB: ============= START OF LOAD BALANCING ============== 460.657
LDB: ============== END OF LOAD BALANCING =============== 460.657
Info: useSync: 0 useProxySync: 0
LDB: =============== DONE WITH MIGRATION ================ 460.657
LDB: ============= START OF LOAD BALANCING ============== 460.797
LDB: Largest compute 128 load 0.008053 is 13.6% of average load 0.059062
LDB: Average compute 0.002378 is 4.0% of average load 0.059062
LDB: TIME 460.798 LOAD: AVG 0.059062 MAX 0.133935  PROXIES: TOTAL 28 MAXPE 3 MAXPATCH 5 None MEM: 0.23282 MB
LDB: TIME 460.798 LOAD: AVG 0.059062 MAX 0.133935  PROXIES: TOTAL 35 MAXPE 5 MAXPATCH 8 RefineTorusLB MEM: 0.23282 MB
LDB: TIME 460.798 LOAD: AVG 0.059062 MAX 0.133935  PROXIES: TOTAL 35 MAXPE 5 MAXPATCH 8 RefineTorusLB MEM: 0.23282 MB
LDB: ============== END OF LOAD BALANCING =============== 460.798
Info: useSync: 0 useProxySync: 0
LDB: =============== DONE WITH MIGRATION ================ 460.798
LDB: ============= START OF LOAD BALANCING ============== 466.28
LDB: ============== END OF LOAD BALANCING =============== 466.28
Info: useSync: 0 useProxySync: 0
LDB: =============== DONE WITH MIGRATION ================ 466.28
LDB: ============= START OF LOAD BALANCING ============== 466.421
LDB: Largest compute 240 load 0.007963 is 13.4% of average load 0.059258
LDB: Average compute 0.002385 is 4.0% of average load 0.059258
LDB: TIME 466.421 LOAD: AVG 0.0592575 MAX 0.133917  PROXIES: TOTAL 28 MAXPE 3 MAXPATCH 5 None MEM: 0.23282 MB
LDB: TIME 466.421 LOAD: AVG 0.0592575 MAX 0.133917  PROXIES: TOTAL 35 MAXPE 5 MAXPATCH 8 RefineTorusLB MEM: 0.23282 MB
LDB: TIME 466.421 LOAD: AVG 0.0592575 MAX 0.133917  PROXIES: TOTAL 35 MAXPE 5 MAXPATCH 8 RefineTorusLB MEM: 0.23282 MB
LDB: ============== END OF LOAD BALANCING =============== 466.421
Info: useSync: 0 useProxySync: 0
LDB: =============== DONE WITH MIGRATION ================ 466.421
LDB: ============= START OF LOAD BALANCING ============== 471.889
LDB: ============== END OF LOAD BALANCING =============== 471.889
Info: useSync: 0 useProxySync: 0
LDB: =============== DONE WITH MIGRATION ================ 471.889
LDB: ============= START OF LOAD BALANCING ============== 472.029
LDB: Largest compute 244 load 0.008170 is 13.8% of average load 0.059028
LDB: Average compute 0.002378 is 4.0% of average load 0.059028
LDB: TIME 472.03 LOAD: AVG 0.0590279 MAX 0.134019  PROXIES: TOTAL 28 MAXPE 3 MAXPATCH 5 None MEM: 0.23282 MB
LDB: TIME 472.03 LOAD: AVG 0.0590279 MAX 0.134019  PROXIES: TOTAL 35 MAXPE 5 MAXPATCH 8 RefineTorusLB MEM: 0.23282 MB
LDB: TIME 472.03 LOAD: AVG 0.0590279 MAX 0.134019  PROXIES: TOTAL 35 MAXPE 5 MAXPATCH 8 RefineTorusLB MEM: 0.23282 MB
LDB: Reverting to original mapping
LDB: ============== END OF LOAD BALANCING =============== 472.03
Info: useSync: 0 useProxySync: 0
LDB: =============== DONE WITH MIGRATION ================ 472.03
PRESSURE: 145000 -927.452 577.138 369.159 575.566 -251.787 48.6677 59.6408 728.981 3873.1
GPRESSURE: 145000 -878.967 655.833 260.191 422.789 -166.575 -24.8519 -33.38 603.155 3793.09
PRESSAVG: 145000 -50.5394 -31.1206 -2.55261 -51.0944 -96.1524 32.6053 -166.163 532.533 3398.13
GPRESSAVG: 145000 -50.5187 -31.3399 -2.94282 -50.913 -96.1516 32.4301 -165.359 532.67 3398.38
ENERGY:  145000         0.0000         0.0000         0.0000         0.0000          -5583.9789       403.7235         0.0000         0.0000       914.6497          -4265.6058       290.5762     -5180.2554     -4262.9328       303.9149            897.9552       915.8498     22925.0439      1083.8139      1083.9042

WRITING COORDINATES TO DCD FILE MD.dcd AT STEP 145000
LDB: ============= START OF LOAD BALANCING ============== 477.509
LDB: ============== END OF LOAD BALANCING =============== 477.51
Info: useSync: 0 useProxySync: 0
LDB: =============== DONE WITH MIGRATION ================ 477.51
LDB: ============= START OF LOAD BALANCING ============== 477.661
LDB: Largest compute 17 load 0.007232 is 12.1% of average load 0.059722
LDB: Average compute 0.002363 is 4.0% of average load 0.059722
LDB: TIME 477.661 LOAD: AVG 0.0597222 MAX 0.144777  PROXIES: TOTAL 28 MAXPE 3 MAXPATCH 5 None MEM: 0.23282 MB
LDB: TIME 477.661 LOAD: AVG 0.0597222 MAX 0.144777  PROXIES: TOTAL 35 MAXPE 5 MAXPATCH 8 RefineTorusLB MEM: 0.23282 MB
LDB: TIME 477.661 LOAD: AVG 0.0597222 MAX 0.144777  PROXIES: TOTAL 35 MAXPE 5 MAXPATCH 8 RefineTorusLB MEM: 0.23282 MB
LDB: ============== END OF LOAD BALANCING =============== 477.661
Info: useSync: 0 useProxySync: 0
LDB: =============== DONE WITH MIGRATION ================ 477.662
LDB: ============= START OF LOAD BALANCING ============== 483.164
LDB: ============== END OF LOAD BALANCING =============== 483.164
Info: useSync: 0 useProxySync: 0
LDB: =============== DONE WITH MIGRATION ================ 483.175
LDB: ============= START OF LOAD BALANCING ============== 483.315
LDB: Largest compute 17 load 0.007661 is 12.9% of average load 0.059173
LDB: Average compute 0.002376 is 4.0% of average load 0.059173
LDB: TIME 483.316 LOAD: AVG 0.0591726 MAX 0.134097  PROXIES: TOTAL 28 MAXPE 3 MAXPATCH 5 None MEM: 0.23282 MB
LDB: TIME 483.316 LOAD: AVG 0.0591726 MAX 0.134097  PROXIES: TOTAL 35 MAXPE 5 MAXPATCH 8 RefineTorusLB MEM: 0.23282 MB
LDB: TIME 483.316 LOAD: AVG 0.0591726 MAX 0.134097  PROXIES: TOTAL 35 MAXPE 5 MAXPATCH 8 RefineTorusLB MEM: 0.23282 MB
LDB: ============== END OF LOAD BALANCING =============== 483.316
Info: useSync: 0 useProxySync: 0
LDB: =============== DONE WITH MIGRATION ================ 483.316
WRITING COORDINATES TO DCD FILE MD.dcd AT STEP 150000
WRITING COORDINATES TO RESTART FILE AT STEP 150000
FINISHED WRITING RESTART COORDINATES
WRITING VELOCITIES TO RESTART FILE AT STEP 150000
FINISHED WRITING RESTART VELOCITIES
The last velocity output (seq=150000) takes 0.000 seconds, 0.233 MB of memory in use
PRESSURE: 150000 -620.391 -186.829 843.034 -106.342 -695.003 -228.622 -129.537 336.224 3331.36
GPRESSURE: 150000 -672.219 -491.908 669.49 87.1519 -487.48 78.4605 -69.604 228.273 3262.75
PRESSAVG: 150000 55.3027 3.28873 -30.1546 -4.8257 74.6641 -75.5488 -69.6382 544.186 3663.51
GPRESSAVG: 150000 55.4162 3.67997 -29.6763 -5.18293 74.6371 -76.031 -70.1588 544.53 3663.73
TIMING: 150000  CPU: 469.388, 0.0035194/step  Wall: 475.835, 0.00361423/step, 0.150593 hours remaining, 0.232820 MB of memory in use.
PERFORMANCE: 150000  averaging 54.4836 ns/day, 0.0031716 sec/step with standard deviation 0.000384531
ETITLE:      TS           BOND          ANGLE          DIHED          IMPRP               ELECT            VDW       BOUNDARY           MISC        KINETIC               TOTAL           TEMP      POTENTIAL         TOTAL3        TEMPAVG            PRESSURE      GPRESSURE         VOLUME       PRESSAVG      GPRESSAVG

ENERGY:  150000         0.0000         0.0000         0.0000         0.0000          -5483.2302       351.1514         0.0000         0.0000       909.7992          -4222.2796       289.0352     -5132.0787     -4219.7375       301.4098            671.9882       701.0183     22925.0439      1264.4931      1264.5948

WRITING EXTENDED SYSTEM TO RESTART FILE AT STEP 150000
LDB: ============= START OF LOAD BALANCING ============== 488.827
LDB: ============== END OF LOAD BALANCING =============== 488.827
Info: useSync: 0 useProxySync: 0
LDB: =============== DONE WITH MIGRATION ================ 488.827
LDB: ============= START OF LOAD BALANCING ============== 488.968
LDB: Largest compute 17 load 0.007652 is 13.0% of average load 0.059026
LDB: Average compute 0.002371 is 4.0% of average load 0.059026
LDB: TIME 488.968 LOAD: AVG 0.0590265 MAX 0.134215  PROXIES: TOTAL 28 MAXPE 3 MAXPATCH 5 None MEM: 0.23282 MB
LDB: TIME 488.968 LOAD: AVG 0.0590265 MAX 0.134215  PROXIES: TOTAL 35 MAXPE 5 MAXPATCH 8 RefineTorusLB MEM: 0.23282 MB
LDB: TIME 488.968 LOAD: AVG 0.0590265 MAX 0.134215  PROXIES: TOTAL 35 MAXPE 5 MAXPATCH 8 RefineTorusLB MEM: 0.23282 MB
LDB: ============== END OF LOAD BALANCING =============== 488.969
Info: useSync: 0 useProxySync: 0
LDB: =============== DONE WITH MIGRATION ================ 488.969
LDB: ============= START OF LOAD BALANCING ============== 494.48
LDB: ============== END OF LOAD BALANCING =============== 494.48
Info: useSync: 0 useProxySync: 0
LDB: =============== DONE WITH MIGRATION ================ 494.48
LDB: ============= START OF LOAD BALANCING ============== 494.62
LDB: Largest compute 216 load 0.007727 is 13.1% of average load 0.058919
LDB: Average compute 0.002375 is 4.0% of average load 0.058919
LDB: TIME 494.62 LOAD: AVG 0.0589195 MAX 0.13368  PROXIES: TOTAL 28 MAXPE 3 MAXPATCH 5 None MEM: 0.23282 MB
LDB: TIME 494.62 LOAD: AVG 0.0589195 MAX 0.13368  PROXIES: TOTAL 35 MAXPE 5 MAXPATCH 8 RefineTorusLB MEM: 0.23282 MB
LDB: TIME 494.62 LOAD: AVG 0.0589195 MAX 0.13368  PROXIES: TOTAL 35 MAXPE 5 MAXPATCH 8 RefineTorusLB MEM: 0.23282 MB
LDB: Reverting to original mapping
LDB: ============== END OF LOAD BALANCING =============== 494.62
Info: useSync: 0 useProxySync: 0
LDB: =============== DONE WITH MIGRATION ================ 494.62
LDB: ============= START OF LOAD BALANCING ============== 500.084
LDB: ============== END OF LOAD BALANCING =============== 500.095
Info: useSync: 0 useProxySync: 0
LDB: =============== DONE WITH MIGRATION ================ 500.095
LDB: ============= START OF LOAD BALANCING ============== 500.235
LDB: Largest compute 218 load 0.008067 is 13.7% of average load 0.058977
LDB: Average compute 0.002374 is 4.0% of average load 0.058977
LDB: TIME 500.235 LOAD: AVG 0.0589769 MAX 0.133734  PROXIES: TOTAL 28 MAXPE 3 MAXPATCH 5 None MEM: 0.23282 MB
LDB: TIME 500.235 LOAD: AVG 0.0589769 MAX 0.133734  PROXIES: TOTAL 35 MAXPE 5 MAXPATCH 8 RefineTorusLB MEM: 0.23282 MB
LDB: TIME 500.236 LOAD: AVG 0.0589769 MAX 0.133734  PROXIES: TOTAL 35 MAXPE 5 MAXPATCH 8 RefineTorusLB MEM: 0.23282 MB
LDB: Reverting to original mapping
LDB: ============== END OF LOAD BALANCING =============== 500.236
Info: useSync: 0 useProxySync: 0
LDB: =============== DONE WITH MIGRATION ================ 500.236
WRITING COORDINATES TO DCD FILE MD.dcd AT STEP 155000
PRESSURE: 155000 -696.178 -264.338 337.454 -14.3101 -534.841 550.16 -206.004 1302.02 3200.75
GPRESSURE: 155000 -860.384 -179.451 99.368 -88.3078 -442.496 445.097 -22.2761 1220.65 3326.65
PRESSAVG: 155000 -153.658 50.9818 118.301 9.63813 -136.464 56.5132 -334.764 405.352 3486.94
GPRESSAVG: 155000 -153.936 50.7193 118.622 10.129 -136.65 56.5781 -334.979 405.201 3487.02
ENERGY:  155000         0.0000         0.0000         0.0000         0.0000          -5562.7818       368.6062         0.0000         0.0000       927.4902          -4266.6854       294.6555     -5194.1756     -4264.5399       301.4870            656.5782       674.5911     22925.0439      1065.6062      1065.4770

LDB: ============= START OF LOAD BALANCING ============== 505.725
LDB: ============== END OF LOAD BALANCING =============== 505.736
Info: useSync: 0 useProxySync: 0
LDB: =============== DONE WITH MIGRATION ================ 505.737
LDB: ============= START OF LOAD BALANCING ============== 505.877
LDB: Largest compute 17 load 0.007753 is 13.2% of average load 0.058925
LDB: Average compute 0.002367 is 4.0% of average load 0.058925
LDB: TIME 505.877 LOAD: AVG 0.0589246 MAX 0.134106  PROXIES: TOTAL 28 MAXPE 3 MAXPATCH 5 None MEM: 0.23282 MB
LDB: TIME 505.877 LOAD: AVG 0.0589246 MAX 0.134106  PROXIES: TOTAL 35 MAXPE 5 MAXPATCH 8 RefineTorusLB MEM: 0.23282 MB
LDB: TIME 505.877 LOAD: AVG 0.0589246 MAX 0.134106  PROXIES: TOTAL 35 MAXPE 5 MAXPATCH 8 RefineTorusLB MEM: 0.23282 MB
LDB: Reverting to original mapping
LDB: ============== END OF LOAD BALANCING =============== 505.878
Info: useSync: 0 useProxySync: 0
LDB: =============== DONE WITH MIGRATION ================ 505.878
LDB: ============= START OF LOAD BALANCING ============== 511.342
LDB: ============== END OF LOAD BALANCING =============== 511.342
Info: useSync: 0 useProxySync: 0
LDB: =============== DONE WITH MIGRATION ================ 511.343
LDB: ============= START OF LOAD BALANCING ============== 511.484
LDB: Largest compute 247 load 0.008078 is 13.6% of average load 0.059282
LDB: Average compute 0.002384 is 4.0% of average load 0.059282
LDB: TIME 511.484 LOAD: AVG 0.0592816 MAX 0.134723  PROXIES: TOTAL 28 MAXPE 3 MAXPATCH 5 None MEM: 0.23282 MB
LDB: TIME 511.484 LOAD: AVG 0.0592816 MAX 0.134723  PROXIES: TOTAL 35 MAXPE 5 MAXPATCH 8 RefineTorusLB MEM: 0.23282 MB
LDB: TIME 511.484 LOAD: AVG 0.0592816 MAX 0.134723  PROXIES: TOTAL 35 MAXPE 5 MAXPATCH 8 RefineTorusLB MEM: 0.23282 MB
LDB: ============== END OF LOAD BALANCING =============== 511.484
Info: useSync: 0 useProxySync: 0
LDB: =============== DONE WITH MIGRATION ================ 511.484
WRITING COORDINATES TO DCD FILE MD.dcd AT STEP 160000
PRESSURE: 160000 -597.759 31.304 156.492 -198.72 714.945 239.385 -488.192 451.858 3588.87
GPRESSURE: 160000 -545.577 254.883 125.987 -370.215 605.037 333.167 -419.959 245.361 3690.08
PRESSAVG: 160000 -99.9409 14.6779 10.3725 -36.3512 -39.2143 60.8104 -699.456 366.605 3820.72
GPRESSAVG: 160000 -100.079 15.1394 9.76008 -36.6455 -39.1162 60.9173 -699.312 366.602 3820.82
ENERGY:  160000         0.0000         0.0000         0.0000         0.0000          -5548.3697       392.2775         0.0000         0.0000       967.8194          -4188.2729       307.4677     -5156.0923     -4184.9145       306.1504           1235.3534      1249.8462     22925.0439      1227.1898      1227.2080

LDB: ============= START OF LOAD BALANCING ============== 517.057
LDB: ============== END OF LOAD BALANCING =============== 517.057
Info: useSync: 0 useProxySync: 0
LDB: =============== DONE WITH MIGRATION ================ 517.057
LDB: ============= START OF LOAD BALANCING ============== 517.198
LDB: Largest compute 247 load 0.008437 is 14.3% of average load 0.058997
LDB: Average compute 0.002368 is 4.0% of average load 0.058997
LDB: TIME 517.199 LOAD: AVG 0.0589965 MAX 0.134425  PROXIES: TOTAL 28 MAXPE 3 MAXPATCH 5 None MEM: 0.23282 MB
LDB: TIME 517.199 LOAD: AVG 0.0589965 MAX 0.134425  PROXIES: TOTAL 35 MAXPE 5 MAXPATCH 8 RefineTorusLB MEM: 0.23282 MB
LDB: TIME 517.199 LOAD: AVG 0.0589965 MAX 0.134425  PROXIES: TOTAL 35 MAXPE 5 MAXPATCH 8 RefineTorusLB MEM: 0.23282 MB
LDB: Reverting to original mapping
LDB: ============== END OF LOAD BALANCING =============== 517.199
Info: useSync: 0 useProxySync: 0
LDB: =============== DONE WITH MIGRATION ================ 517.199
LDB: ============= START OF LOAD BALANCING ============== 522.705
LDB: ============== END OF LOAD BALANCING =============== 522.705
Info: useSync: 0 useProxySync: 0
LDB: =============== DONE WITH MIGRATION ================ 522.706
LDB: ============= START OF LOAD BALANCING ============== 522.847
LDB: Largest compute 221 load 0.008313 is 14.0% of average load 0.059233
LDB: Average compute 0.002386 is 4.0% of average load 0.059233
LDB: TIME 522.847 LOAD: AVG 0.059233 MAX 0.134463  PROXIES: TOTAL 28 MAXPE 3 MAXPATCH 5 None MEM: 0.23282 MB
LDB: TIME 522.847 LOAD: AVG 0.059233 MAX 0.134463  PROXIES: TOTAL 35 MAXPE 5 MAXPATCH 8 RefineTorusLB MEM: 0.23282 MB
LDB: TIME 522.847 LOAD: AVG 0.059233 MAX 0.134463  PROXIES: TOTAL 35 MAXPE 5 MAXPATCH 8 RefineTorusLB MEM: 0.23282 MB
LDB: ============== END OF LOAD BALANCING =============== 522.847
Info: useSync: 0 useProxySync: 0
LDB: =============== DONE WITH MIGRATION ================ 522.847
LDB: ============= START OF LOAD BALANCING ============== 528.365
LDB: ============== END OF LOAD BALANCING =============== 528.365
Info: useSync: 0 useProxySync: 0
LDB: =============== DONE WITH MIGRATION ================ 528.365
LDB: ============= START OF LOAD BALANCING ============== 528.507
LDB: Largest compute 247 load 0.007900 is 13.4% of average load 0.059165
LDB: Average compute 0.002371 is 4.0% of average load 0.059165
LDB: TIME 528.507 LOAD: AVG 0.0591654 MAX 0.134616  PROXIES: TOTAL 28 MAXPE 3 MAXPATCH 5 None MEM: 0.23282 MB
LDB: TIME 528.507 LOAD: AVG 0.0591654 MAX 0.134616  PROXIES: TOTAL 35 MAXPE 5 MAXPATCH 8 RefineTorusLB MEM: 0.23282 MB
LDB: TIME 528.507 LOAD: AVG 0.0591654 MAX 0.134616  PROXIES: TOTAL 35 MAXPE 5 MAXPATCH 8 RefineTorusLB MEM: 0.23282 MB
LDB: ============== END OF LOAD BALANCING =============== 528.507
Info: useSync: 0 useProxySync: 0
LDB: =============== DONE WITH MIGRATION ================ 528.507
PRESSURE: 165000 -706.292 -266.196 -182.988 -86.7156 -46.2112 -964.642 -861.156 -282.013 3175.51
GPRESSURE: 165000 -749.322 -209.267 -128.115 -37.6158 -79.2175 -745.373 -819.38 -510.088 3301.3
PRESSAVG: 165000 99.6862 23.2541 -42.5984 7.00122 -12.4613 -13.7828 -810.926 332.326 3967.68
GPRESSAVG: 165000 99.3209 23.3757 -42.0955 6.63825 -12.4896 -13.5386 -811.552 332.334 3967.63
ENERGY:  165000         0.0000         0.0000         0.0000         0.0000          -5558.6685       377.5937         0.0000         0.0000       921.4656          -4259.6092       292.7415     -5181.0747     -4257.4153       308.8785            807.6693       824.2521     22925.0439      1351.6344      1351.4868

WRITING COORDINATES TO DCD FILE MD.dcd AT STEP 165000
LDB: ============= START OF LOAD BALANCING ============== 534.023
LDB: ============== END OF LOAD BALANCING =============== 534.023
Info: useSync: 0 useProxySync: 0
LDB: =============== DONE WITH MIGRATION ================ 534.034
LDB: ============= START OF LOAD BALANCING ============== 534.175
LDB: Largest compute 132 load 0.007723 is 13.1% of average load 0.058921
LDB: Average compute 0.002359 is 4.0% of average load 0.058921
LDB: TIME 534.175 LOAD: AVG 0.0589213 MAX 0.134565  PROXIES: TOTAL 28 MAXPE 3 MAXPATCH 5 None MEM: 0.23282 MB
LDB: TIME 534.175 LOAD: AVG 0.0589213 MAX 0.134566  PROXIES: TOTAL 35 MAXPE 5 MAXPATCH 8 RefineTorusLB MEM: 0.23282 MB
LDB: TIME 534.176 LOAD: AVG 0.0589213 MAX 0.134566  PROXIES: TOTAL 35 MAXPE 5 MAXPATCH 8 RefineTorusLB MEM: 0.23282 MB
LDB: Reverting to original mapping
LDB: ============== END OF LOAD BALANCING =============== 534.176
Info: useSync: 0 useProxySync: 0
LDB: =============== DONE WITH MIGRATION ================ 534.176
LDB: ============= START OF LOAD BALANCING ============== 539.718
LDB: ============== END OF LOAD BALANCING =============== 539.719
Info: useSync: 0 useProxySync: 0
LDB: =============== DONE WITH MIGRATION ================ 539.719
LDB: ============= START OF LOAD BALANCING ============== 539.86
LDB: Largest compute 218 load 0.007493 is 12.7% of average load 0.058873
LDB: Average compute 0.002356 is 4.0% of average load 0.058873
LDB: TIME 539.86 LOAD: AVG 0.0588729 MAX 0.135038  PROXIES: TOTAL 28 MAXPE 3 MAXPATCH 5 None MEM: 0.23282 MB
LDB: TIME 539.861 LOAD: AVG 0.0588729 MAX 0.135038  PROXIES: TOTAL 35 MAXPE 5 MAXPATCH 8 RefineTorusLB MEM: 0.23282 MB
LDB: TIME 539.861 LOAD: AVG 0.0588729 MAX 0.135038  PROXIES: TOTAL 35 MAXPE 5 MAXPATCH 8 RefineTorusLB MEM: 0.23282 MB
LDB: Reverting to original mapping
LDB: ============== END OF LOAD BALANCING =============== 539.861
Info: useSync: 0 useProxySync: 0
LDB: =============== DONE WITH MIGRATION ================ 539.861
WRITING COORDINATES TO DCD FILE MD.dcd AT STEP 170000
PRESSURE: 170000 -58.8704 269.247 233.708 261.955 824.74 697.605 -305.687 1130.65 4294.38
GPRESSURE: 170000 -23.667 147.804 141.985 420.982 621.308 281.254 -218.65 1603.84 4497.05
PRESSAVG: 170000 -158.964 -4.32405 -24.1514 7.37108 -106.739 -48.3592 -685.032 465.402 3724.76
GPRESSAVG: 170000 -159.022 -4.63779 -24.2874 7.6232 -106.529 -48.4563 -684.94 465.612 3724.4
ENERGY:  170000         0.0000         0.0000         0.0000         0.0000          -5583.9425       425.2756         0.0000         0.0000       914.8477          -4243.8192       290.6391     -5158.6669     -4240.6089       299.6443           1686.7486      1698.2308     22925.0439      1153.0185      1152.9488

LDB: ============= START OF LOAD BALANCING ============== 545.368
LDB: ============== END OF LOAD BALANCING =============== 545.368
Info: useSync: 0 useProxySync: 0
LDB: =============== DONE WITH MIGRATION ================ 545.368
LDB: ============= START OF LOAD BALANCING ============== 545.509
LDB: Largest compute 222 load 0.008542 is 14.5% of average load 0.058983
LDB: Average compute 0.002365 is 4.0% of average load 0.058983
LDB: TIME 545.509 LOAD: AVG 0.058983 MAX 0.134416  PROXIES: TOTAL 28 MAXPE 3 MAXPATCH 5 None MEM: 0.23282 MB
LDB: TIME 545.509 LOAD: AVG 0.058983 MAX 0.134416  PROXIES: TOTAL 35 MAXPE 5 MAXPATCH 8 RefineTorusLB MEM: 0.23282 MB
LDB: TIME 545.509 LOAD: AVG 0.058983 MAX 0.134416  PROXIES: TOTAL 35 MAXPE 5 MAXPATCH 8 RefineTorusLB MEM: 0.23282 MB
LDB: ============== END OF LOAD BALANCING =============== 545.509
Info: useSync: 0 useProxySync: 0
LDB: =============== DONE WITH MIGRATION ================ 545.51
LDB: ============= START OF LOAD BALANCING ============== 551.042
LDB: ============== END OF LOAD BALANCING =============== 551.042
Info: useSync: 0 useProxySync: 0
LDB: =============== DONE WITH MIGRATION ================ 551.042
LDB: ============= START OF LOAD BALANCING ============== 551.183
LDB: Largest compute 17 load 0.007510 is 12.8% of average load 0.058791
LDB: Average compute 0.002357 is 4.0% of average load 0.058791
LDB: TIME 551.183 LOAD: AVG 0.0587907 MAX 0.134439  PROXIES: TOTAL 28 MAXPE 3 MAXPATCH 5 None MEM: 0.23282 MB
LDB: TIME 551.183 LOAD: AVG 0.0587907 MAX 0.134439  PROXIES: TOTAL 35 MAXPE 5 MAXPATCH 8 RefineTorusLB MEM: 0.23282 MB
LDB: TIME 551.183 LOAD: AVG 0.0587907 MAX 0.134439  PROXIES: TOTAL 35 MAXPE 5 MAXPATCH 8 RefineTorusLB MEM: 0.23282 MB
LDB: Reverting to original mapping
LDB: ============== END OF LOAD BALANCING =============== 551.183
Info: useSync: 0 useProxySync: 0
LDB: =============== DONE WITH MIGRATION ================ 551.183
LDB: ============= START OF LOAD BALANCING ============== 556.74
LDB: ============== END OF LOAD BALANCING =============== 556.74
Info: useSync: 0 useProxySync: 0
LDB: =============== DONE WITH MIGRATION ================ 556.741
LDB: ============= START OF LOAD BALANCING ============== 556.882
LDB: Largest compute 110 load 0.007449 is 12.6% of average load 0.058977
LDB: Average compute 0.002361 is 4.0% of average load 0.058977
LDB: TIME 556.883 LOAD: AVG 0.0589774 MAX 0.135208  PROXIES: TOTAL 28 MAXPE 3 MAXPATCH 5 None MEM: 0.23282 MB
LDB: TIME 556.883 LOAD: AVG 0.0589774 MAX 0.135208  PROXIES: TOTAL 35 MAXPE 5 MAXPATCH 8 RefineTorusLB MEM: 0.23282 MB
LDB: TIME 556.883 LOAD: AVG 0.0589774 MAX 0.135208  PROXIES: TOTAL 35 MAXPE 5 MAXPATCH 8 RefineTorusLB MEM: 0.23282 MB
LDB: Reverting to original mapping
LDB: ============== END OF LOAD BALANCING =============== 556.883
Info: useSync: 0 useProxySync: 0
LDB: =============== DONE WITH MIGRATION ================ 556.883
PRESSURE: 175000 474.955 -297.944 -501.875 -514.702 -1224.64 188.63 -264.868 1083.87 4243.41
GPRESSURE: 175000 457.395 -179.834 -117.333 -924.071 -1159.38 9.8583 -406.947 908.805 4249.02
PRESSAVG: 175000 -108.057 -16.8869 8.7226 20.6711 -149.754 43.7447 -570.444 553.86 4228.76
GPRESSAVG: 175000 -107.738 -17.0015 8.81595 20.7869 -150.086 43.3181 -570.431 553.7 4228.8
ENERGY:  175000         0.0000         0.0000         0.0000         0.0000          -5458.1534       337.5822         0.0000         0.0000       976.8856          -4143.6857       310.3480     -5120.5713     -4142.0044       302.2388           1164.5743      1182.3473     22925.0439      1323.6485      1323.6583

WRITING COORDINATES TO DCD FILE MD.dcd AT STEP 175000
LDB: ============= START OF LOAD BALANCING ============== 562.405
LDB: ============== END OF LOAD BALANCING =============== 562.405
Info: useSync: 0 useProxySync: 0
LDB: =============== DONE WITH MIGRATION ================ 562.406
LDB: ============= START OF LOAD BALANCING ============== 562.547
LDB: Largest compute 239 load 0.007280 is 12.4% of average load 0.058596
LDB: Average compute 0.002344 is 4.0% of average load 0.058596
LDB: TIME 562.547 LOAD: AVG 0.0585963 MAX 0.134828  PROXIES: TOTAL 28 MAXPE 3 MAXPATCH 5 None MEM: 0.23282 MB
LDB: TIME 562.547 LOAD: AVG 0.0585963 MAX 0.134828  PROXIES: TOTAL 35 MAXPE 5 MAXPATCH 8 RefineTorusLB MEM: 0.23282 MB
LDB: TIME 562.547 LOAD: AVG 0.0585963 MAX 0.134828  PROXIES: TOTAL 35 MAXPE 5 MAXPATCH 8 RefineTorusLB MEM: 0.23282 MB
LDB: ============== END OF LOAD BALANCING =============== 562.547
Info: useSync: 0 useProxySync: 0
LDB: =============== DONE WITH MIGRATION ================ 562.548
LDB: ============= START OF LOAD BALANCING ============== 568.949
LDB: ============== END OF LOAD BALANCING =============== 568.949
Info: useSync: 0 useProxySync: 0
LDB: =============== DONE WITH MIGRATION ================ 568.949
LDB: ============= START OF LOAD BALANCING ============== 569.091
LDB: Largest compute 12 load 0.007328 is 12.3% of average load 0.059704
LDB: Average compute 0.002397 is 4.0% of average load 0.059704
LDB: TIME 569.092 LOAD: AVG 0.0597045 MAX 0.135248  PROXIES: TOTAL 28 MAXPE 3 MAXPATCH 5 None MEM: 0.23282 MB
LDB: TIME 569.092 LOAD: AVG 0.0597045 MAX 0.135248  PROXIES: TOTAL 35 MAXPE 5 MAXPATCH 8 RefineTorusLB MEM: 0.23282 MB
LDB: TIME 569.092 LOAD: AVG 0.0597045 MAX 0.135248  PROXIES: TOTAL 35 MAXPE 5 MAXPATCH 8 RefineTorusLB MEM: 0.23282 MB
LDB: Reverting to original mapping
LDB: ============== END OF LOAD BALANCING =============== 569.092
Info: useSync: 0 useProxySync: 0
LDB: =============== DONE WITH MIGRATION ================ 569.092
WRITING COORDINATES TO DCD FILE MD.dcd AT STEP 180000
PRESSURE: 180000 -922.377 -102.646 -502.586 57.6306 -311.498 136.548 -568.408 405.853 4371.23
GPRESSURE: 180000 -963.368 -187.888 -881.642 124.643 -185.853 334.574 -487.379 565.537 4355.14
PRESSAVG: 180000 -168.333 -36.1753 54.0279 -58.8352 -216.394 22.2722 -670.398 440.144 4114.17
GPRESSAVG: 180000 -168.19 -35.9355 53.8122 -58.6632 -216.553 22.4022 -670.601 440.339 4114.18
ENERGY:  180000         0.0000         0.0000         0.0000         0.0000          -5512.0488       363.3502         0.0000         0.0000       958.7264          -4189.9722       304.5790     -5148.6986     -4186.4541       304.0814           1045.7859      1068.6399     22925.0439      1243.1484      1243.1444

LDB: ============= START OF LOAD BALANCING ============== 574.635
LDB: ============== END OF LOAD BALANCING =============== 574.635
Info: useSync: 0 useProxySync: 0
LDB: =============== DONE WITH MIGRATION ================ 574.635
LDB: ============= START OF LOAD BALANCING ============== 574.777
LDB: Largest compute 218 load 0.007594 is 12.7% of average load 0.059995
LDB: Average compute 0.002406 is 4.0% of average load 0.059995
LDB: TIME 574.777 LOAD: AVG 0.0599954 MAX 0.135667  PROXIES: TOTAL 28 MAXPE 3 MAXPATCH 5 None MEM: 0.23282 MB
LDB: TIME 574.777 LOAD: AVG 0.0599954 MAX 0.135667  PROXIES: TOTAL 35 MAXPE 5 MAXPATCH 8 RefineTorusLB MEM: 0.23282 MB
LDB: TIME 574.777 LOAD: AVG 0.0599954 MAX 0.135667  PROXIES: TOTAL 35 MAXPE 5 MAXPATCH 8 RefineTorusLB MEM: 0.23282 MB
LDB: Reverting to original mapping
LDB: ============== END OF LOAD BALANCING =============== 574.777
Info: useSync: 0 useProxySync: 0
LDB: =============== DONE WITH MIGRATION ================ 574.778
LDB: ============= START OF LOAD BALANCING ============== 580.408
LDB: ============== END OF LOAD BALANCING =============== 580.408
Info: useSync: 0 useProxySync: 0
LDB: =============== DONE WITH MIGRATION ================ 580.408
LDB: ============= START OF LOAD BALANCING ============== 580.55
LDB: Largest compute 244 load 0.008465 is 14.2% of average load 0.059574
LDB: Average compute 0.002389 is 4.0% of average load 0.059574
LDB: TIME 580.55 LOAD: AVG 0.0595743 MAX 0.135482  PROXIES: TOTAL 28 MAXPE 3 MAXPATCH 5 None MEM: 0.23282 MB
LDB: TIME 580.55 LOAD: AVG 0.0595743 MAX 0.135482  PROXIES: TOTAL 35 MAXPE 5 MAXPATCH 8 RefineTorusLB MEM: 0.23282 MB
LDB: TIME 580.55 LOAD: AVG 0.0595743 MAX 0.135482  PROXIES: TOTAL 35 MAXPE 5 MAXPATCH 8 RefineTorusLB MEM: 0.23282 MB
LDB: Reverting to original mapping
LDB: ============== END OF LOAD BALANCING =============== 580.551
Info: useSync: 0 useProxySync: 0
LDB: =============== DONE WITH MIGRATION ================ 580.551
LDB: ============= START OF LOAD BALANCING ============== 586.098
LDB: ============== END OF LOAD BALANCING =============== 586.098
Info: useSync: 0 useProxySync: 0
LDB: =============== DONE WITH MIGRATION ================ 586.098
LDB: ============= START OF LOAD BALANCING ============== 586.24
LDB: Largest compute 218 load 0.008731 is 14.6% of average load 0.059814
LDB: Average compute 0.002400 is 4.0% of average load 0.059814
LDB: TIME 586.24 LOAD: AVG 0.059814 MAX 0.135659  PROXIES: TOTAL 28 MAXPE 3 MAXPATCH 5 None MEM: 0.23282 MB
LDB: TIME 586.24 LOAD: AVG 0.059814 MAX 0.135659  PROXIES: TOTAL 35 MAXPE 5 MAXPATCH 8 RefineTorusLB MEM: 0.23282 MB
LDB: TIME 586.24 LOAD: AVG 0.059814 MAX 0.135659  PROXIES: TOTAL 35 MAXPE 5 MAXPATCH 8 RefineTorusLB MEM: 0.23282 MB
LDB: ============== END OF LOAD BALANCING =============== 586.24
Info: useSync: 0 useProxySync: 0
LDB: =============== DONE WITH MIGRATION ================ 586.24
WRITING COORDINATES TO DCD FILE MD.dcd AT STEP 185000
PRESSURE: 185000 131.963 -235.431 -38.5971 -48.1271 1231.4 -111.787 -1063.15 -71.834 5267.02
GPRESSURE: 185000 167.722 -118.712 183.794 169.726 1166.52 -160.129 -998.541 32.3739 5378.81
PRESSAVG: 185000 0.529854 -6.15503 26.8224 37.5218 -10.0117 -95.0543 -730.843 358.445 4478.72
GPRESSAVG: 185000 0.365111 -6.54172 27.1367 37.8006 -10.2694 -94.6343 -731.066 357.976 4479.34
ENERGY:  185000         0.0000         0.0000         0.0000         0.0000          -5646.6657       465.1215         0.0000         0.0000       940.0033          -4241.5409       298.6308     -5181.5442     -4240.2963       301.8660           2210.1265      2237.6815     22925.0439      1489.7449      1489.8105

LDB: ============= START OF LOAD BALANCING ============== 591.796
LDB: ============== END OF LOAD BALANCING =============== 591.799
Info: useSync: 0 useProxySync: 0
LDB: =============== DONE WITH MIGRATION ================ 591.799
LDB: ============= START OF LOAD BALANCING ============== 591.941
LDB: Largest compute 244 load 0.008081 is 13.5% of average load 0.059915
LDB: Average compute 0.002402 is 4.0% of average load 0.059915
LDB: TIME 591.942 LOAD: AVG 0.0599149 MAX 0.135959  PROXIES: TOTAL 28 MAXPE 3 MAXPATCH 5 None MEM: 0.23282 MB
LDB: TIME 591.942 LOAD: AVG 0.0599149 MAX 0.135959  PROXIES: TOTAL 35 MAXPE 5 MAXPATCH 8 RefineTorusLB MEM: 0.23282 MB
LDB: TIME 591.942 LOAD: AVG 0.0599149 MAX 0.135959  PROXIES: TOTAL 35 MAXPE 5 MAXPATCH 8 RefineTorusLB MEM: 0.23282 MB
LDB: ============== END OF LOAD BALANCING =============== 591.942
Info: useSync: 0 useProxySync: 0
LDB: =============== DONE WITH MIGRATION ================ 591.942
LDB: ============= START OF LOAD BALANCING ============== 597.536
LDB: ============== END OF LOAD BALANCING =============== 597.536
Info: useSync: 0 useProxySync: 0
LDB: =============== DONE WITH MIGRATION ================ 597.536
LDB: ============= START OF LOAD BALANCING ============== 597.678
LDB: Largest compute 238 load 0.007527 is 12.6% of average load 0.059938
LDB: Average compute 0.002404 is 4.0% of average load 0.059938
LDB: TIME 597.679 LOAD: AVG 0.0599382 MAX 0.135829  PROXIES: TOTAL 28 MAXPE 3 MAXPATCH 5 None MEM: 0.23282 MB
LDB: TIME 597.679 LOAD: AVG 0.0599382 MAX 0.135829  PROXIES: TOTAL 35 MAXPE 5 MAXPATCH 8 RefineTorusLB MEM: 0.23282 MB
LDB: TIME 597.679 LOAD: AVG 0.0599382 MAX 0.135829  PROXIES: TOTAL 35 MAXPE 5 MAXPATCH 8 RefineTorusLB MEM: 0.23282 MB
LDB: Reverting to original mapping
LDB: ============== END OF LOAD BALANCING =============== 597.679
Info: useSync: 0 useProxySync: 0
LDB: =============== DONE WITH MIGRATION ================ 597.679
WRITING COORDINATES TO DCD FILE MD.dcd AT STEP 190000
PRESSURE: 190000 3.97734 418.841 321.718 -59.8028 384.609 169.97 223.525 263.659 5405.59
GPRESSURE: 190000 -27.494 436.25 152.043 65.5913 410.522 527.213 58.1265 -81.977 5521.96
PRESSAVG: 190000 -130.768 -37.5113 67.0341 -22.2858 -180.49 77.8593 -475.575 179.702 3928.98
GPRESSAVG: 190000 -130.743 -37.4465 66.7508 -22.8555 -180.739 77.7111 -475.549 179.94 3928.95
ENERGY:  190000         0.0000         0.0000         0.0000         0.0000          -5669.4260       461.7011         0.0000         0.0000       940.1200          -4267.6048       298.6679     -5207.7249     -4264.5202       296.0794           1931.3909      1968.3308     22925.0439      1205.9057      1205.8229

LDB: ============= START OF LOAD BALANCING ============== 603.25
LDB: ============== END OF LOAD BALANCING =============== 603.25
Info: useSync: 0 useProxySync: 0
LDB: =============== DONE WITH MIGRATION ================ 603.251
LDB: ============= START OF LOAD BALANCING ============== 603.394
LDB: Largest compute 110 load 0.007682 is 12.7% of average load 0.060371
LDB: Average compute 0.002424 is 4.0% of average load 0.060371
LDB: TIME 603.394 LOAD: AVG 0.060371 MAX 0.136745  PROXIES: TOTAL 28 MAXPE 3 MAXPATCH 5 None MEM: 0.23282 MB
LDB: TIME 603.394 LOAD: AVG 0.060371 MAX 0.136745  PROXIES: TOTAL 35 MAXPE 5 MAXPATCH 8 RefineTorusLB MEM: 0.23282 MB
LDB: TIME 603.394 LOAD: AVG 0.060371 MAX 0.136745  PROXIES: TOTAL 35 MAXPE 5 MAXPATCH 8 RefineTorusLB MEM: 0.23282 MB
LDB: ============== END OF LOAD BALANCING =============== 603.394
Info: useSync: 0 useProxySync: 0
LDB: =============== DONE WITH MIGRATION ================ 603.394
LDB: ============= START OF LOAD BALANCING ============== 608.966
LDB: ============== END OF LOAD BALANCING =============== 608.966
Info: useSync: 0 useProxySync: 0
LDB: =============== DONE WITH MIGRATION ================ 608.966
LDB: ============= START OF LOAD BALANCING ============== 609.109
LDB: Largest compute 241 load 0.007658 is 12.7% of average load 0.060091
LDB: Average compute 0.002414 is 4.0% of average load 0.060091
LDB: TIME 609.109 LOAD: AVG 0.060091 MAX 0.135645  PROXIES: TOTAL 28 MAXPE 3 MAXPATCH 5 None MEM: 0.23282 MB
LDB: TIME 609.109 LOAD: AVG 0.060091 MAX 0.135645  PROXIES: TOTAL 35 MAXPE 5 MAXPATCH 8 RefineTorusLB MEM: 0.23282 MB
LDB: TIME 609.109 LOAD: AVG 0.060091 MAX 0.135645  PROXIES: TOTAL 35 MAXPE 5 MAXPATCH 8 RefineTorusLB MEM: 0.23282 MB
LDB: Reverting to original mapping
LDB: ============== END OF LOAD BALANCING =============== 609.109
Info: useSync: 0 useProxySync: 0
LDB: =============== DONE WITH MIGRATION ================ 609.109
LDB: ============= START OF LOAD BALANCING ============== 614.68
LDB: ============== END OF LOAD BALANCING =============== 614.68
Info: useSync: 0 useProxySync: 0
LDB: =============== DONE WITH MIGRATION ================ 614.681
LDB: ============= START OF LOAD BALANCING ============== 614.823
LDB: Largest compute 12 load 0.007524 is 12.5% of average load 0.060168
LDB: Average compute 0.002413 is 4.0% of average load 0.060168
LDB: TIME 614.824 LOAD: AVG 0.0601676 MAX 0.136418  PROXIES: TOTAL 28 MAXPE 3 MAXPATCH 5 None MEM: 0.23282 MB
LDB: TIME 614.824 LOAD: AVG 0.0601676 MAX 0.136418  PROXIES: TOTAL 35 MAXPE 5 MAXPATCH 8 RefineTorusLB MEM: 0.23282 MB
LDB: TIME 614.824 LOAD: AVG 0.0601676 MAX 0.136418  PROXIES: TOTAL 35 MAXPE 5 MAXPATCH 8 RefineTorusLB MEM: 0.23282 MB
LDB: ============== END OF LOAD BALANCING =============== 614.824
Info: useSync: 0 useProxySync: 0
LDB: =============== DONE WITH MIGRATION ================ 614.824
WRITING COORDINATES TO DCD FILE MD.dcd AT STEP 195000
PRESSURE: 195000 -391.872 -279.811 22.0036 292.928 -103.101 484.585 -904.9 198.855 3045.52
GPRESSURE: 195000 -246.614 -297.498 235.343 176.269 -367.041 634.273 -917.465 298.431 3200.51
PRESSAVG: 195000 -310.423 -29.0938 5.32667 -50.9963 -100.735 12.0968 -730.417 12.7799 4016.35
GPRESSAVG: 195000 -310.494 -28.7903 5.68923 -51.163 -100.726 12.0976 -730.583 12.3439 4016.07
ENERGY:  195000         0.0000         0.0000         0.0000         0.0000          -5516.9201       361.6930         0.0000         0.0000       955.7591          -4199.4680       303.6363     -5155.2271     -4196.8910       298.2542            850.1810       862.2863     22925.0439      1201.7302      1201.6162

LDB: ============= START OF LOAD BALANCING ============== 620.399
LDB: ============== END OF LOAD BALANCING =============== 620.399
Info: useSync: 0 useProxySync: 0
LDB: =============== DONE WITH MIGRATION ================ 620.4
LDB: ============= START OF LOAD BALANCING ============== 620.541
LDB: Largest compute 246 load 0.008171 is 13.7% of average load 0.059569
LDB: Average compute 0.002386 is 4.0% of average load 0.059569
LDB: TIME 620.542 LOAD: AVG 0.0595691 MAX 0.135365  PROXIES: TOTAL 28 MAXPE 3 MAXPATCH 5 None MEM: 0.23282 MB
LDB: TIME 620.542 LOAD: AVG 0.0595691 MAX 0.135365  PROXIES: TOTAL 35 MAXPE 5 MAXPATCH 8 RefineTorusLB MEM: 0.23282 MB
LDB: TIME 620.542 LOAD: AVG 0.0595691 MAX 0.135365  PROXIES: TOTAL 35 MAXPE 5 MAXPATCH 8 RefineTorusLB MEM: 0.23282 MB
LDB: ============== END OF LOAD BALANCING =============== 620.542
Info: useSync: 0 useProxySync: 0
LDB: =============== DONE WITH MIGRATION ================ 620.542
LDB: ============= START OF LOAD BALANCING ============== 626.331
LDB: ============== END OF LOAD BALANCING =============== 626.331
Info: useSync: 0 useProxySync: 0
LDB: =============== DONE WITH MIGRATION ================ 626.331
LDB: ============= START OF LOAD BALANCING ============== 626.543
LDB: Largest compute 236 load 0.021035 is 31.4% of average load 0.066962
LDB: Average compute 0.002647 is 4.0% of average load 0.066962
LDB: TIME 626.543 LOAD: AVG 0.0669618 MAX 0.136788  PROXIES: TOTAL 28 MAXPE 3 MAXPATCH 5 None MEM: 0.23282 MB
LDB: TIME 626.543 LOAD: AVG 0.0669618 MAX 0.136788  PROXIES: TOTAL 35 MAXPE 5 MAXPATCH 8 RefineTorusLB MEM: 0.23282 MB
LDB: TIME 626.543 LOAD: AVG 0.0669618 MAX 0.136788  PROXIES: TOTAL 35 MAXPE 5 MAXPATCH 8 RefineTorusLB MEM: 0.23282 MB
LDB: Reverting to original mapping
LDB: ============== END OF LOAD BALANCING =============== 626.543
Info: useSync: 0 useProxySync: 0
LDB: =============== DONE WITH MIGRATION ================ 626.543
PRESSURE: 200000 -421.137 -105.58 -509.512 84.0013 1044.6 372.829 -1220.66 46.4285 4475.43
GPRESSURE: 200000 -317.417 -378.522 -468.681 137.773 996.455 522.497 -1298.85 236.49 4522.77
PRESSAVG: 200000 -22.3059 -18.925 -11.848 20.2338 -136.183 50.2403 -683.764 220.407 4201.39
GPRESSAVG: 200000 -22.646 -19.4482 -12.0198 20.2736 -136.316 50.3833 -683.54 220.653 4201.54
TIMING: 200000  CPU: 612.638, 0.00286501/step  Wall: 619.308, 0.00286946/step, 0.0797072 hours remaining, 0.232820 MB of memory in use.
PERFORMANCE: 200000  averaging 55.8128 ns/day, 0.00309606 sec/step with standard deviation 0.000348421
ETITLE:      TS           BOND          ANGLE          DIHED          IMPRP               ELECT            VDW       BOUNDARY           MISC        KINETIC               TOTAL           TEMP      POTENTIAL         TOTAL3        TEMPAVG            PRESSURE      GPRESSURE         VOLUME       PRESSAVG      GPRESSAVG

ENERGY:  200000         0.0000         0.0000         0.0000         0.0000          -5621.2182       433.1427         0.0000         0.0000       967.3967          -4220.6788       307.3334     -5188.0755     -4219.4284       301.9984           1699.6294      1733.9371     22925.0439      1347.6342      1347.5266

WRITING EXTENDED SYSTEM TO RESTART FILE AT STEP 200000
WRITING COORDINATES TO DCD FILE MD.dcd AT STEP 200000
WRITING COORDINATES TO RESTART FILE AT STEP 200000
FINISHED WRITING RESTART COORDINATES
WRITING VELOCITIES TO RESTART FILE AT STEP 200000
FINISHED WRITING RESTART VELOCITIES
The last velocity output (seq=200000) takes 0.000 seconds, 0.233 MB of memory in use
LDB: ============= START OF LOAD BALANCING ============== 632.328
LDB: ============== END OF LOAD BALANCING =============== 632.328
Info: useSync: 0 useProxySync: 0
LDB: =============== DONE WITH MIGRATION ================ 632.328
LDB: ============= START OF LOAD BALANCING ============== 632.472
LDB: Largest compute 246 load 0.008126 is 13.6% of average load 0.059892
LDB: Average compute 0.002403 is 4.0% of average load 0.059892
LDB: TIME 632.472 LOAD: AVG 0.0598921 MAX 0.136892  PROXIES: TOTAL 28 MAXPE 3 MAXPATCH 5 None MEM: 0.23282 MB
LDB: TIME 632.472 LOAD: AVG 0.0598921 MAX 0.136892  PROXIES: TOTAL 35 MAXPE 5 MAXPATCH 8 RefineTorusLB MEM: 0.23282 MB
LDB: TIME 632.472 LOAD: AVG 0.0598921 MAX 0.136892  PROXIES: TOTAL 35 MAXPE 5 MAXPATCH 8 RefineTorusLB MEM: 0.23282 MB
LDB: Reverting to original mapping
LDB: ============== END OF LOAD BALANCING =============== 632.473
Info: useSync: 0 useProxySync: 0
LDB: =============== DONE WITH MIGRATION ================ 632.473
LDB: ============= START OF LOAD BALANCING ============== 638.203
LDB: ============== END OF LOAD BALANCING =============== 638.203
Info: useSync: 0 useProxySync: 0
LDB: =============== DONE WITH MIGRATION ================ 638.203
LDB: ============= START OF LOAD BALANCING ============== 638.344
LDB: Largest compute 246 load 0.008240 is 13.8% of average load 0.059616
LDB: Average compute 0.002398 is 4.0% of average load 0.059616
LDB: TIME 638.345 LOAD: AVG 0.0596165 MAX 0.135562  PROXIES: TOTAL 28 MAXPE 3 MAXPATCH 5 None MEM: 0.23282 MB
LDB: TIME 638.345 LOAD: AVG 0.0596165 MAX 0.135562  PROXIES: TOTAL 35 MAXPE 5 MAXPATCH 8 RefineTorusLB MEM: 0.23282 MB
LDB: TIME 638.345 LOAD: AVG 0.0596165 MAX 0.135562  PROXIES: TOTAL 35 MAXPE 5 MAXPATCH 8 RefineTorusLB MEM: 0.23282 MB
LDB: ============== END OF LOAD BALANCING =============== 638.345
Info: useSync: 0 useProxySync: 0
LDB: =============== DONE WITH MIGRATION ================ 638.345
LDB: ============= START OF LOAD BALANCING ============== 643.883
LDB: ============== END OF LOAD BALANCING =============== 643.883
Info: useSync: 0 useProxySync: 0
LDB: =============== DONE WITH MIGRATION ================ 643.883
LDB: ============= START OF LOAD BALANCING ============== 644.025
LDB: Largest compute 246 load 0.007801 is 13.1% of average load 0.059461
LDB: Average compute 0.002389 is 4.0% of average load 0.059461
LDB: TIME 644.025 LOAD: AVG 0.0594609 MAX 0.136122  PROXIES: TOTAL 28 MAXPE 3 MAXPATCH 5 None MEM: 0.23282 MB
LDB: TIME 644.025 LOAD: AVG 0.0594609 MAX 0.136122  PROXIES: TOTAL 35 MAXPE 5 MAXPATCH 8 RefineTorusLB MEM: 0.23282 MB
LDB: TIME 644.025 LOAD: AVG 0.0594609 MAX 0.136122  PROXIES: TOTAL 35 MAXPE 5 MAXPATCH 8 RefineTorusLB MEM: 0.23282 MB
LDB: Reverting to original mapping
LDB: ============== END OF LOAD BALANCING =============== 644.025
Info: useSync: 0 useProxySync: 0
LDB: =============== DONE WITH MIGRATION ================ 644.026
WRITING COORDINATES TO DCD FILE MD.dcd AT STEP 205000
PRESSURE: 205000 865.607 5.6003 -148.27 -470.559 -264.375 -176.346 -656.744 675.285 4495.91
GPRESSURE: 205000 878.894 86.3674 -314.812 -311.762 -116.502 -243.074 -696.582 576.38 4410.31
PRESSAVG: 205000 71.5078 32.4035 -13.3275 2.90323 -75.4288 -50.2868 -515.198 278.957 4274.19
GPRESSAVG: 205000 71.58 32.8879 -13.2898 2.57895 -75.6193 -50.4821 -515.351 278.929 4274.13
ENERGY:  205000         0.0000         0.0000         0.0000         0.0000          -5659.6977       457.1480         0.0000         0.0000       966.4629          -4236.0868       307.0368     -5202.5497     -4233.0467       298.6520           1699.0483      1724.2344     22925.0439      1423.4236      1423.3651

LDB: ============= START OF LOAD BALANCING ============== 649.578
LDB: ============== END OF LOAD BALANCING =============== 649.579
Info: useSync: 0 useProxySync: 0
LDB: =============== DONE WITH MIGRATION ================ 649.581
LDB: ============= START OF LOAD BALANCING ============== 649.724
LDB: Largest compute 245 load 0.008830 is 14.8% of average load 0.059679
LDB: Average compute 0.002382 is 4.0% of average load 0.059679
LDB: TIME 649.724 LOAD: AVG 0.0596793 MAX 0.136091  PROXIES: TOTAL 28 MAXPE 3 MAXPATCH 5 None MEM: 0.23282 MB
LDB: TIME 649.724 LOAD: AVG 0.0596793 MAX 0.136091  PROXIES: TOTAL 35 MAXPE 5 MAXPATCH 8 RefineTorusLB MEM: 0.23282 MB
LDB: TIME 649.724 LOAD: AVG 0.0596793 MAX 0.136091  PROXIES: TOTAL 35 MAXPE 5 MAXPATCH 8 RefineTorusLB MEM: 0.23282 MB
LDB: ============== END OF LOAD BALANCING =============== 649.724
Info: useSync: 0 useProxySync: 0
LDB: =============== DONE WITH MIGRATION ================ 649.724
LDB: ============= START OF LOAD BALANCING ============== 655.286
LDB: ============== END OF LOAD BALANCING =============== 655.286
Info: useSync: 0 useProxySync: 0
LDB: =============== DONE WITH MIGRATION ================ 655.286
LDB: ============= START OF LOAD BALANCING ============== 655.429
LDB: Largest compute 244 load 0.008382 is 13.9% of average load 0.060510
LDB: Average compute 0.002428 is 4.0% of average load 0.060510
LDB: TIME 655.429 LOAD: AVG 0.0605099 MAX 0.136917  PROXIES: TOTAL 28 MAXPE 3 MAXPATCH 5 None MEM: 0.23282 MB
LDB: TIME 655.429 LOAD: AVG 0.0605099 MAX 0.136917  PROXIES: TOTAL 35 MAXPE 5 MAXPATCH 8 RefineTorusLB MEM: 0.23282 MB
LDB: TIME 655.429 LOAD: AVG 0.0605099 MAX 0.136917  PROXIES: TOTAL 35 MAXPE 5 MAXPATCH 8 RefineTorusLB MEM: 0.23282 MB
LDB: ============== END OF LOAD BALANCING =============== 655.43
Info: useSync: 0 useProxySync: 0
LDB: =============== DONE WITH MIGRATION ================ 655.43
WRITING COORDINATES TO DCD FILE MD.dcd AT STEP 210000
PRESSURE: 210000 872.544 94.2201 -58.8029 231.789 325.236 -513.889 -523.324 681.682 4919.03
GPRESSURE: 210000 971.499 -12.4477 -303.588 251.247 389.433 -363.846 -373.043 542.551 4799.77
PRESSAVG: 210000 -139.455 -21.1312 13.7285 21.1831 -157.722 7.53265 -342.353 591.022 4601.83
GPRESSAVG: 210000 -139.371 -21.2489 13.8623 21.0972 -157.446 7.53421 -342.627 590.58 4601.68
ENERGY:  210000         0.0000         0.0000         0.0000         0.0000          -5617.4912       444.2405         0.0000         0.0000       908.2140          -4265.0367       288.5316     -5173.2507     -4262.6809       297.6293           2038.9386      2053.5680     22925.0439      1434.8829      1434.9549

LDB: ============= START OF LOAD BALANCING ============== 660.981
LDB: ============== END OF LOAD BALANCING =============== 660.981
Info: useSync: 0 useProxySync: 0
LDB: =============== DONE WITH MIGRATION ================ 660.982
LDB: ============= START OF LOAD BALANCING ============== 661.124
LDB: Largest compute 238 load 0.007933 is 13.3% of average load 0.059727
LDB: Average compute 0.002394 is 4.0% of average load 0.059727
LDB: TIME 661.124 LOAD: AVG 0.0597269 MAX 0.13618  PROXIES: TOTAL 28 MAXPE 3 MAXPATCH 5 None MEM: 0.23282 MB
LDB: TIME 661.124 LOAD: AVG 0.0597269 MAX 0.13618  PROXIES: TOTAL 35 MAXPE 5 MAXPATCH 8 RefineTorusLB MEM: 0.23282 MB
LDB: TIME 661.124 LOAD: AVG 0.0597269 MAX 0.13618  PROXIES: TOTAL 35 MAXPE 5 MAXPATCH 8 RefineTorusLB MEM: 0.23282 MB
LDB: Reverting to original mapping
LDB: ============== END OF LOAD BALANCING =============== 661.124
Info: useSync: 0 useProxySync: 0
LDB: =============== DONE WITH MIGRATION ================ 661.125
LDB: ============= START OF LOAD BALANCING ============== 666.661
LDB: ============== END OF LOAD BALANCING =============== 666.661
Info: useSync: 0 useProxySync: 0
LDB: =============== DONE WITH MIGRATION ================ 666.661
LDB: ============= START OF LOAD BALANCING ============== 666.809
LDB: Largest compute 218 load 0.008375 is 13.8% of average load 0.060590
LDB: Average compute 0.002416 is 4.0% of average load 0.060590
LDB: TIME 666.809 LOAD: AVG 0.0605904 MAX 0.136545  PROXIES: TOTAL 28 MAXPE 3 MAXPATCH 5 None MEM: 0.23282 MB
LDB: TIME 666.809 LOAD: AVG 0.0605904 MAX 0.136545  PROXIES: TOTAL 35 MAXPE 5 MAXPATCH 8 RefineTorusLB MEM: 0.23282 MB
LDB: TIME 666.809 LOAD: AVG 0.0605904 MAX 0.136545  PROXIES: TOTAL 35 MAXPE 5 MAXPATCH 8 RefineTorusLB MEM: 0.23282 MB
LDB: Reverting to original mapping
LDB: ============== END OF LOAD BALANCING =============== 666.809
Info: useSync: 0 useProxySync: 0
LDB: =============== DONE WITH MIGRATION ================ 666.812
LDB: ============= START OF LOAD BALANCING ============== 672.462
LDB: ============== END OF LOAD BALANCING =============== 672.473
Info: useSync: 0 useProxySync: 0
LDB: =============== DONE WITH MIGRATION ================ 672.473
LDB: ============= START OF LOAD BALANCING ============== 672.615
LDB: Largest compute 240 load 0.007509 is 12.6% of average load 0.059383
LDB: Average compute 0.002375 is 4.0% of average load 0.059383
LDB: TIME 672.616 LOAD: AVG 0.059383 MAX 0.135684  PROXIES: TOTAL 28 MAXPE 3 MAXPATCH 5 None MEM: 0.23282 MB
LDB: TIME 672.616 LOAD: AVG 0.059383 MAX 0.135684  PROXIES: TOTAL 35 MAXPE 5 MAXPATCH 8 RefineTorusLB MEM: 0.23282 MB
LDB: TIME 672.616 LOAD: AVG 0.059383 MAX 0.135684  PROXIES: TOTAL 35 MAXPE 5 MAXPATCH 8 RefineTorusLB MEM: 0.23282 MB
LDB: Reverting to original mapping
LDB: ============== END OF LOAD BALANCING =============== 672.616
Info: useSync: 0 useProxySync: 0
LDB: =============== DONE WITH MIGRATION ================ 672.616
WRITING COORDINATES TO DCD FILE MD.dcd AT STEP 215000
PRESSURE: 215000 21.3967 528.44 -124.475 362.153 234.955 415.874 -263.812 974.254 4799.85
GPRESSURE: 215000 73.9754 771.194 -21.9913 209.134 253.537 481.868 -420.696 815.056 4761.18
PRESSAVG: 215000 -132.332 -75.4113 -16.6694 -29.7214 -64.2637 32.0499 -484.415 564.425 4316.18
GPRESSAVG: 215000 -132.215 -75.2878 -16.7752 -29.5173 -64.5487 32.1779 -483.953 564.291 4316.16
ENERGY:  215000         0.0000         0.0000         0.0000         0.0000          -5692.2732       456.4631         0.0000         0.0000       941.0831          -4294.7269       298.9738     -5235.8101     -4291.9513       292.2055           1685.3990      1696.2316     22925.0439      1373.1935      1373.1323

LDB: ============= START OF LOAD BALANCING ============== 678.212
LDB: ============== END OF LOAD BALANCING =============== 678.212
Info: useSync: 0 useProxySync: 0
LDB: =============== DONE WITH MIGRATION ================ 678.212
LDB: ============= START OF LOAD BALANCING ============== 678.355
LDB: Largest compute 240 load 0.007979 is 13.4% of average load 0.059751
LDB: Average compute 0.002397 is 4.0% of average load 0.059751
LDB: TIME 678.355 LOAD: AVG 0.0597515 MAX 0.136514  PROXIES: TOTAL 28 MAXPE 3 MAXPATCH 5 None MEM: 0.23282 MB
LDB: TIME 678.355 LOAD: AVG 0.0597515 MAX 0.136514  PROXIES: TOTAL 35 MAXPE 5 MAXPATCH 8 RefineTorusLB MEM: 0.23282 MB
LDB: TIME 678.355 LOAD: AVG 0.0597515 MAX 0.136514  PROXIES: TOTAL 35 MAXPE 5 MAXPATCH 8 RefineTorusLB MEM: 0.23282 MB
LDB: Reverting to original mapping
LDB: ============== END OF LOAD BALANCING =============== 678.355
Info: useSync: 0 useProxySync: 0
LDB: =============== DONE WITH MIGRATION ================ 678.355
LDB: ============= START OF LOAD BALANCING ============== 683.96
LDB: ============== END OF LOAD BALANCING =============== 683.96
Info: useSync: 0 useProxySync: 0
LDB: =============== DONE WITH MIGRATION ================ 683.96
LDB: ============= START OF LOAD BALANCING ============== 684.11
LDB: Largest compute 240 load 0.008035 is 13.4% of average load 0.060063
LDB: Average compute 0.002417 is 4.0% of average load 0.060063
LDB: TIME 684.11 LOAD: AVG 0.0600629 MAX 0.135931  PROXIES: TOTAL 28 MAXPE 3 MAXPATCH 5 None MEM: 0.23282 MB
LDB: TIME 684.11 LOAD: AVG 0.0600629 MAX 0.135931  PROXIES: TOTAL 35 MAXPE 5 MAXPATCH 8 RefineTorusLB MEM: 0.23282 MB
LDB: TIME 684.11 LOAD: AVG 0.0600629 MAX 0.135931  PROXIES: TOTAL 35 MAXPE 5 MAXPATCH 8 RefineTorusLB MEM: 0.23282 MB
LDB: ============== END OF LOAD BALANCING =============== 684.11
Info: useSync: 0 useProxySync: 0
LDB: =============== DONE WITH MIGRATION ================ 684.11
WRITING COORDINATES TO DCD FILE MD.dcd AT STEP 220000
PRESSURE: 220000 89.3688 -10.5779 294.758 227.827 -689.481 -184.969 4.17359 811.486 5100.5
GPRESSURE: 220000 -57.158 150.328 258.041 108.148 -538.385 -118.929 -175.943 759.287 5181.83
PRESSAVG: 220000 -92.2804 77.0213 2.42187 53.4604 -132.236 -34.5451 -168.352 617.771 4558.33
GPRESSAVG: 220000 -92.3259 76.7085 2.56062 53.4584 -131.949 -34.2411 -168.414 617.85 4558.54
ENERGY:  220000         0.0000         0.0000         0.0000         0.0000          -5562.6528       396.6551         0.0000         0.0000       979.1126          -4186.8851       311.0555     -5165.9977     -4184.6463       300.6149           1500.1291      1528.7615     22925.0439      1444.6035      1444.7540

LDB: ============= START OF LOAD BALANCING ============== 689.681
LDB: ============== END OF LOAD BALANCING =============== 689.681
Info: useSync: 0 useProxySync: 0
LDB: =============== DONE WITH MIGRATION ================ 689.681
LDB: ============= START OF LOAD BALANCING ============== 689.823
LDB: Largest compute 246 load 0.007660 is 12.8% of average load 0.059627
LDB: Average compute 0.002386 is 4.0% of average load 0.059627
LDB: TIME 689.824 LOAD: AVG 0.0596272 MAX 0.135858  PROXIES: TOTAL 28 MAXPE 3 MAXPATCH 5 None MEM: 0.23282 MB
LDB: TIME 689.824 LOAD: AVG 0.0596272 MAX 0.135858  PROXIES: TOTAL 35 MAXPE 5 MAXPATCH 8 RefineTorusLB MEM: 0.23282 MB
LDB: TIME 689.824 LOAD: AVG 0.0596272 MAX 0.135858  PROXIES: TOTAL 35 MAXPE 5 MAXPATCH 8 RefineTorusLB MEM: 0.23282 MB
LDB: Reverting to original mapping
LDB: ============== END OF LOAD BALANCING =============== 689.824
Info: useSync: 0 useProxySync: 0
LDB: =============== DONE WITH MIGRATION ================ 689.824
LDB: ============= START OF LOAD BALANCING ============== 695.454
LDB: ============== END OF LOAD BALANCING =============== 695.454
Info: useSync: 0 useProxySync: 0
LDB: =============== DONE WITH MIGRATION ================ 695.455
LDB: ============= START OF LOAD BALANCING ============== 695.597
LDB: Largest compute 13 load 0.007580 is 12.9% of average load 0.058811
LDB: Average compute 0.002342 is 4.0% of average load 0.058811
LDB: TIME 695.597 LOAD: AVG 0.0588109 MAX 0.135832  PROXIES: TOTAL 28 MAXPE 3 MAXPATCH 5 None MEM: 0.23282 MB
LDB: TIME 695.597 LOAD: AVG 0.0588109 MAX 0.135832  PROXIES: TOTAL 35 MAXPE 5 MAXPATCH 8 RefineTorusLB MEM: 0.23282 MB
LDB: TIME 695.597 LOAD: AVG 0.0588109 MAX 0.135832  PROXIES: TOTAL 35 MAXPE 5 MAXPATCH 8 RefineTorusLB MEM: 0.23282 MB
LDB: ============== END OF LOAD BALANCING =============== 695.597
Info: useSync: 0 useProxySync: 0
LDB: =============== DONE WITH MIGRATION ================ 695.597
LDB: ============= START OF LOAD BALANCING ============== 709.335
LDB: ============== END OF LOAD BALANCING =============== 709.348
Info: useSync: 0 useProxySync: 0
LDB: =============== DONE WITH MIGRATION ================ 709.396
LDB: ============= START OF LOAD BALANCING ============== 709.767
LDB: Largest compute 106 load 0.015401 is 23.6% of average load 0.065263
LDB: Average compute 0.002517 is 3.9% of average load 0.065263
LDB: TIME 709.773 LOAD: AVG 0.0652632 MAX 0.140805  PROXIES: TOTAL 28 MAXPE 3 MAXPATCH 5 None MEM: 0.23282 MB
LDB: TIME 709.773 LOAD: AVG 0.0652632 MAX 0.140805  PROXIES: TOTAL 35 MAXPE 5 MAXPATCH 8 RefineTorusLB MEM: 0.23282 MB
LDB: TIME 709.773 LOAD: AVG 0.0652632 MAX 0.140805  PROXIES: TOTAL 35 MAXPE 5 MAXPATCH 8 RefineTorusLB MEM: 0.23282 MB
LDB: Reverting to original mapping
LDB: ============== END OF LOAD BALANCING =============== 709.78
Info: useSync: 0 useProxySync: 0
LDB: =============== DONE WITH MIGRATION ================ 709.833
PRESSURE: 225000 358.151 231.812 25.3893 497.651 408.03 -130.152 -60.8529 797.332 5447.35
GPRESSURE: 225000 459.349 204.676 -264.466 383.792 382.335 -276.815 -22.1954 814.02 5413.68
PRESSAVG: 225000 -152.894 51.6472 -83.5854 17.5255 -65.7352 3.55219 -4.63151 673.584 4702.82
GPRESSAVG: 225000 -152.664 51.6054 -83.7038 17.257 -65.8877 3.12133 -4.79124 673.979 4703.35
ENERGY:  225000         0.0000         0.0000         0.0000         0.0000          -5676.7169       468.4897         0.0000         0.0000       927.7444          -4280.4828       294.7362     -5208.2272     -4277.6905       296.5862           2071.1782      2085.1217     22925.0439      1494.7314      1494.9320

WRITING COORDINATES TO DCD FILE MD.dcd AT STEP 225000
LDB: ============= START OF LOAD BALANCING ============== 724.867
LDB: ============== END OF LOAD BALANCING =============== 724.87
Info: useSync: 0 useProxySync: 0
LDB: =============== DONE WITH MIGRATION ================ 724.882
LDB: ============= START OF LOAD BALANCING ============== 725.303
LDB: Largest compute 121 load 0.027207 is 40.7% of average load 0.066903
LDB: Average compute 0.002565 is 3.8% of average load 0.066903
LDB: TIME 725.307 LOAD: AVG 0.066903 MAX 0.147852  PROXIES: TOTAL 28 MAXPE 3 MAXPATCH 5 None MEM: 0.23282 MB
LDB: TIME 725.307 LOAD: AVG 0.066903 MAX 0.147852  PROXIES: TOTAL 35 MAXPE 5 MAXPATCH 8 RefineTorusLB MEM: 0.23282 MB
LDB: TIME 725.307 LOAD: AVG 0.066903 MAX 0.147852  PROXIES: TOTAL 34 MAXPE 4 MAXPATCH 7 RefineTorusLB MEM: 0.23282 MB
LDB: ============== END OF LOAD BALANCING =============== 725.337
Info: useSync: 0 useProxySync: 0
LDB: =============== DONE WITH MIGRATION ================ 725.388
LDB: ============= START OF LOAD BALANCING ============== 740.583
LDB: ============== END OF LOAD BALANCING =============== 740.584
Info: useSync: 0 useProxySync: 0
LDB: =============== DONE WITH MIGRATION ================ 740.611
LDB: ============= START OF LOAD BALANCING ============== 741.008
LDB: Largest compute 230 load 0.013240 is 20.6% of average load 0.064253
LDB: Average compute 0.002451 is 3.8% of average load 0.064253
LDB: TIME 741.014 LOAD: AVG 0.0642529 MAX 0.139257  PROXIES: TOTAL 28 MAXPE 3 MAXPATCH 5 None MEM: 0.23282 MB
LDB: TIME 741.014 LOAD: AVG 0.0642529 MAX 0.139257  PROXIES: TOTAL 34 MAXPE 4 MAXPATCH 7 RefineTorusLB MEM: 0.23282 MB
LDB: TIME 741.014 LOAD: AVG 0.0642529 MAX 0.139257  PROXIES: TOTAL 34 MAXPE 4 MAXPATCH 7 RefineTorusLB MEM: 0.23282 MB
LDB: ============== END OF LOAD BALANCING =============== 741.02
Info: useSync: 0 useProxySync: 0
LDB: =============== DONE WITH MIGRATION ================ 741.111
PRESSURE: 230000 -606.567 238.883 222.822 520.918 -45.6784 -327.998 -128.589 437.696 6067.12
GPRESSURE: 230000 -448.251 2.02172 335.578 674.202 -6.04444 -273.193 -230.36 268.537 5901.44
PRESSAVG: 230000 -33.2218 -70.2294 6.81158 -131.17 -70.7487 74.0272 -108.217 773.58 5260.82
GPRESSAVG: 230000 -33.3885 -70.0792 6.75666 -131.438 -70.4985 74.0439 -108.187 773.179 5260.84
ENERGY:  230000         0.0000         0.0000         0.0000         0.0000          -5643.9977       421.3031         0.0000         0.0000       942.2578          -4280.4367       299.3470     -5222.6946     -4277.7583       297.7540           1804.9586      1815.7155     22925.0439      1718.9496      1718.9839

WRITING COORDINATES TO DCD FILE MD.dcd AT STEP 230000
LDB: ============= START OF LOAD BALANCING ============== 757.271
LDB: ============== END OF LOAD BALANCING =============== 757.272
Info: useSync: 0 useProxySync: 0
LDB: =============== DONE WITH MIGRATION ================ 757.283
LDB: ============= START OF LOAD BALANCING ============== 757.514
LDB: Largest compute 216 load 0.010237 is 15.3% of average load 0.066793
LDB: Average compute 0.002525 is 3.8% of average load 0.066793
LDB: TIME 757.517 LOAD: AVG 0.0667929 MAX 0.164289  PROXIES: TOTAL 28 MAXPE 3 MAXPATCH 5 None MEM: 0.23282 MB
LDB: TIME 757.517 LOAD: AVG 0.0667929 MAX 0.164289  PROXIES: TOTAL 34 MAXPE 4 MAXPATCH 7 RefineTorusLB MEM: 0.23282 MB
LDB: TIME 757.518 LOAD: AVG 0.0667929 MAX 0.164289  PROXIES: TOTAL 34 MAXPE 4 MAXPATCH 7 RefineTorusLB MEM: 0.23282 MB
LDB: ============== END OF LOAD BALANCING =============== 757.518
Info: useSync: 0 useProxySync: 0
LDB: =============== DONE WITH MIGRATION ================ 757.521
LDB: ============= START OF LOAD BALANCING ============== 763.288
LDB: ============== END OF LOAD BALANCING =============== 763.288
Info: useSync: 0 useProxySync: 0
LDB: =============== DONE WITH MIGRATION ================ 763.288
LDB: ============= START OF LOAD BALANCING ============== 763.431
LDB: Largest compute 17 load 0.008149 is 13.6% of average load 0.059951
LDB: Average compute 0.002405 is 4.0% of average load 0.059951
LDB: TIME 763.431 LOAD: AVG 0.0599514 MAX 0.137153  PROXIES: TOTAL 28 MAXPE 3 MAXPATCH 5 None MEM: 0.23282 MB
LDB: TIME 763.431 LOAD: AVG 0.0599514 MAX 0.137153  PROXIES: TOTAL 34 MAXPE 4 MAXPATCH 7 RefineTorusLB MEM: 0.23282 MB
LDB: TIME 763.431 LOAD: AVG 0.0599514 MAX 0.137153  PROXIES: TOTAL 34 MAXPE 4 MAXPATCH 7 RefineTorusLB MEM: 0.23282 MB
LDB: ============== END OF LOAD BALANCING =============== 763.431
Info: useSync: 0 useProxySync: 0
LDB: =============== DONE WITH MIGRATION ================ 763.431
LDB: ============= START OF LOAD BALANCING ============== 769.025
LDB: ============== END OF LOAD BALANCING =============== 769.025
Info: useSync: 0 useProxySync: 0
LDB: =============== DONE WITH MIGRATION ================ 769.025
LDB: ============= START OF LOAD BALANCING ============== 769.168
LDB: Largest compute 239 load 0.009099 is 15.3% of average load 0.059604
LDB: Average compute 0.002392 is 4.0% of average load 0.059604
LDB: TIME 769.168 LOAD: AVG 0.0596035 MAX 0.136591  PROXIES: TOTAL 28 MAXPE 3 MAXPATCH 5 None MEM: 0.23282 MB
LDB: TIME 769.168 LOAD: AVG 0.0596035 MAX 0.136591  PROXIES: TOTAL 34 MAXPE 4 MAXPATCH 7 RefineTorusLB MEM: 0.23282 MB
LDB: TIME 769.168 LOAD: AVG 0.0596035 MAX 0.136591  PROXIES: TOTAL 34 MAXPE 4 MAXPATCH 7 RefineTorusLB MEM: 0.23282 MB
LDB: ============== END OF LOAD BALANCING =============== 769.168
Info: useSync: 0 useProxySync: 0
LDB: =============== DONE WITH MIGRATION ================ 769.168
WRITING COORDINATES TO DCD FILE MD.dcd AT STEP 235000
PRESSURE: 235000 571.289 624.418 660.434 538.471 687.271 51.0915 -284.501 141.674 5559.49
GPRESSURE: 235000 610.19 933.084 845.088 43.6657 615.398 -63.8487 -283.815 89.1963 5652.19
PRESSAVG: 235000 -42.3922 -26.7807 44.746 -63.4304 -103.375 -22.5218 -57.9576 591.119 4999.71
GPRESSAVG: 235000 -42.2612 -27.225 44.776 -63.1571 -103.418 -22.5944 -57.8706 591.59 4999.6
ENERGY:  235000         0.0000         0.0000         0.0000         0.0000          -5699.9835       464.0501         0.0000         0.0000       959.4814          -4276.4520       304.8188     -5235.9334     -4274.1380       291.8988           2272.6842      2292.5925     22925.0439      1617.9825      1617.9726

LDB: ============= START OF LOAD BALANCING ============== 774.844
LDB: ============== END OF LOAD BALANCING =============== 774.845
Info: useSync: 0 useProxySync: 0
LDB: =============== DONE WITH MIGRATION ================ 774.845
LDB: ============= START OF LOAD BALANCING ============== 774.99
LDB: Largest compute 216 load 0.007942 is 13.1% of average load 0.060640
LDB: Average compute 0.002411 is 4.0% of average load 0.060640
LDB: TIME 774.991 LOAD: AVG 0.06064 MAX 0.13824  PROXIES: TOTAL 28 MAXPE 3 MAXPATCH 5 None MEM: 0.23282 MB
LDB: TIME 774.991 LOAD: AVG 0.06064 MAX 0.13824  PROXIES: TOTAL 34 MAXPE 4 MAXPATCH 7 RefineTorusLB MEM: 0.23282 MB
LDB: TIME 774.991 LOAD: AVG 0.06064 MAX 0.13824  PROXIES: TOTAL 34 MAXPE 4 MAXPATCH 7 RefineTorusLB MEM: 0.23282 MB
LDB: ============== END OF LOAD BALANCING =============== 774.991
Info: useSync: 0 useProxySync: 0
LDB: =============== DONE WITH MIGRATION ================ 774.991
LDB: ============= START OF LOAD BALANCING ============== 780.656
LDB: ============== END OF LOAD BALANCING =============== 780.668
Info: useSync: 0 useProxySync: 0
LDB: =============== DONE WITH MIGRATION ================ 780.668
LDB: ============= START OF LOAD BALANCING ============== 780.811
LDB: Largest compute 220 load 0.007785 is 13.1% of average load 0.059562
LDB: Average compute 0.002374 is 4.0% of average load 0.059562
LDB: TIME 780.812 LOAD: AVG 0.0595618 MAX 0.137262  PROXIES: TOTAL 28 MAXPE 3 MAXPATCH 5 None MEM: 0.23282 MB
LDB: TIME 780.812 LOAD: AVG 0.0595618 MAX 0.137262  PROXIES: TOTAL 34 MAXPE 4 MAXPATCH 7 RefineTorusLB MEM: 0.23282 MB
LDB: TIME 780.812 LOAD: AVG 0.0595618 MAX 0.137262  PROXIES: TOTAL 34 MAXPE 4 MAXPATCH 7 RefineTorusLB MEM: 0.23282 MB
LDB: Reverting to original mapping
LDB: ============== END OF LOAD BALANCING =============== 780.812
Info: useSync: 0 useProxySync: 0
LDB: =============== DONE WITH MIGRATION ================ 780.812
WRITING COORDINATES TO DCD FILE MD.dcd AT STEP 240000
PRESSURE: 240000 -668.133 43.8395 139.681 -12.5361 -764.62 -352.162 57.9764 -18.6332 6437.07
GPRESSURE: 240000 -681.704 -1.36359 -134.826 102.462 -665.878 -617.061 -98.551 279.23 6349.51
PRESSAVG: 240000 -26.6615 -9.18329 100.443 -19.0242 -112.878 -87.9131 -128.267 355.78 5411.99
GPRESSAVG: 240000 -26.4156 -8.89581 100.131 -19.286 -112.762 -87.5291 -128.005 355.725 5411.63
ENERGY:  240000         0.0000         0.0000         0.0000         0.0000          -5581.3391       402.5797         0.0000         0.0000       953.6253          -4225.1341       302.9584     -5178.7594     -4223.6270       300.2464           1668.1063      1667.3082     22925.0439      1757.4839      1757.4851

LDB: ============= START OF LOAD BALANCING ============== 786.59
LDB: ============== END OF LOAD BALANCING =============== 786.59
Info: useSync: 0 useProxySync: 0
LDB: =============== DONE WITH MIGRATION ================ 786.59
LDB: ============= START OF LOAD BALANCING ============== 786.737
LDB: Largest compute 12 load 0.007897 is 13.0% of average load 0.060921
LDB: Average compute 0.002413 is 4.0% of average load 0.060921
LDB: TIME 786.738 LOAD: AVG 0.0609214 MAX 0.137417  PROXIES: TOTAL 28 MAXPE 3 MAXPATCH 5 None MEM: 0.23282 MB
LDB: TIME 786.738 LOAD: AVG 0.0609214 MAX 0.137417  PROXIES: TOTAL 34 MAXPE 4 MAXPATCH 7 RefineTorusLB MEM: 0.23282 MB
LDB: TIME 786.738 LOAD: AVG 0.0609214 MAX 0.137417  PROXIES: TOTAL 34 MAXPE 4 MAXPATCH 7 RefineTorusLB MEM: 0.23282 MB
LDB: ============== END OF LOAD BALANCING =============== 786.738
Info: useSync: 0 useProxySync: 0
LDB: =============== DONE WITH MIGRATION ================ 786.738
LDB: ============= START OF LOAD BALANCING ============== 793.798
LDB: ============== END OF LOAD BALANCING =============== 793.798
Info: useSync: 0 useProxySync: 0
LDB: =============== DONE WITH MIGRATION ================ 793.798
LDB: ============= START OF LOAD BALANCING ============== 793.945
LDB: Largest compute 239 load 0.009586 is 15.6% of average load 0.061294
LDB: Average compute 0.002457 is 4.0% of average load 0.061294
LDB: TIME 793.945 LOAD: AVG 0.0612944 MAX 0.137125  PROXIES: TOTAL 28 MAXPE 3 MAXPATCH 5 None MEM: 0.23282 MB
LDB: TIME 793.945 LOAD: AVG 0.0612944 MAX 0.137125  PROXIES: TOTAL 34 MAXPE 4 MAXPATCH 7 RefineTorusLB MEM: 0.23282 MB
LDB: TIME 793.945 LOAD: AVG 0.0612944 MAX 0.137125  PROXIES: TOTAL 34 MAXPE 4 MAXPATCH 7 RefineTorusLB MEM: 0.23282 MB
LDB: ============== END OF LOAD BALANCING =============== 793.945
Info: useSync: 0 useProxySync: 0
LDB: =============== DONE WITH MIGRATION ================ 793.951
LDB: ============= START OF LOAD BALANCING ============== 799.672
LDB: ============== END OF LOAD BALANCING =============== 799.672
Info: useSync: 0 useProxySync: 0
LDB: =============== DONE WITH MIGRATION ================ 799.672
LDB: ============= START OF LOAD BALANCING ============== 799.826
LDB: Largest compute 238 load 0.008689 is 14.5% of average load 0.060011
LDB: Average compute 0.002362 is 3.9% of average load 0.060011
LDB: TIME 799.826 LOAD: AVG 0.0600107 MAX 0.13681  PROXIES: TOTAL 28 MAXPE 3 MAXPATCH 5 None MEM: 0.23282 MB
LDB: TIME 799.826 LOAD: AVG 0.0600107 MAX 0.13681  PROXIES: TOTAL 34 MAXPE 4 MAXPATCH 7 RefineTorusLB MEM: 0.23282 MB
LDB: TIME 799.826 LOAD: AVG 0.0600107 MAX 0.13681  PROXIES: TOTAL 34 MAXPE 4 MAXPATCH 7 RefineTorusLB MEM: 0.23282 MB
LDB: Reverting to original mapping
LDB: ============== END OF LOAD BALANCING =============== 799.826
Info: useSync: 0 useProxySync: 0
LDB: =============== DONE WITH MIGRATION ================ 799.826
WRITING COORDINATES TO DCD FILE MD.dcd AT STEP 245000
PRESSURE: 245000 -421.935 117.718 -2.88205 -242.383 -422.473 -148.871 64.7292 148.705 5557.82
GPRESSURE: 245000 -661.748 79.212 23.5247 -75.6978 -237.101 -439.828 71.2895 374.533 5689.85
PRESSAVG: 245000 29.321 10.4906 104.566 -40.6846 49.794 -22.1774 -131.697 228.493 5536.02
GPRESSAVG: 245000 29.1874 10.2734 104.419 -40.4346 49.8278 -22.3987 -132.299 228.144 5535.87
ENERGY:  245000         0.0000         0.0000         0.0000         0.0000          -5558.5762       399.8443         0.0000         0.0000       945.6445          -4213.0874       300.4229     -5158.7319     -4210.2224       299.4653           1571.1361      1597.0002     22925.0439      1871.7126      1871.6286

LDB: ============= START OF LOAD BALANCING ============== 805.792
LDB: ============== END OF LOAD BALANCING =============== 805.803
Info: useSync: 0 useProxySync: 0
LDB: =============== DONE WITH MIGRATION ================ 805.803
LDB: ============= START OF LOAD BALANCING ============== 805.956
LDB: Largest compute 17 load 0.008570 is 13.9% of average load 0.061865
LDB: Average compute 0.002445 is 4.0% of average load 0.061865
LDB: TIME 805.956 LOAD: AVG 0.0618651 MAX 0.144838  PROXIES: TOTAL 28 MAXPE 3 MAXPATCH 5 None MEM: 0.23282 MB
LDB: TIME 805.956 LOAD: AVG 0.0618651 MAX 0.144838  PROXIES: TOTAL 34 MAXPE 4 MAXPATCH 7 RefineTorusLB MEM: 0.23282 MB
LDB: TIME 805.956 LOAD: AVG 0.0618651 MAX 0.144838  PROXIES: TOTAL 34 MAXPE 4 MAXPATCH 7 RefineTorusLB MEM: 0.23282 MB
LDB: Reverting to original mapping
LDB: ============== END OF LOAD BALANCING =============== 805.956
Info: useSync: 0 useProxySync: 0
LDB: =============== DONE WITH MIGRATION ================ 805.956
LDB: ============= START OF LOAD BALANCING ============== 811.644
LDB: ============== END OF LOAD BALANCING =============== 811.645
Info: useSync: 0 useProxySync: 0
LDB: =============== DONE WITH MIGRATION ================ 811.645
LDB: ============= START OF LOAD BALANCING ============== 811.796
LDB: Largest compute 239 load 0.007617 is 12.6% of average load 0.060309
LDB: Average compute 0.002397 is 4.0% of average load 0.060309
LDB: TIME 811.796 LOAD: AVG 0.0603094 MAX 0.137826  PROXIES: TOTAL 28 MAXPE 3 MAXPATCH 5 None MEM: 0.23282 MB
LDB: TIME 811.797 LOAD: AVG 0.0603094 MAX 0.137826  PROXIES: TOTAL 34 MAXPE 4 MAXPATCH 7 RefineTorusLB MEM: 0.23282 MB
LDB: TIME 811.797 LOAD: AVG 0.0603094 MAX 0.137826  PROXIES: TOTAL 34 MAXPE 4 MAXPATCH 7 RefineTorusLB MEM: 0.23282 MB
LDB: Reverting to original mapping
LDB: ============== END OF LOAD BALANCING =============== 811.797
Info: useSync: 0 useProxySync: 0
LDB: =============== DONE WITH MIGRATION ================ 811.797
PRESSURE: 250000 536.679 86.7 452.979 172.274 -286.666 211.944 -661.284 -396.685 5667.75
GPRESSURE: 250000 663.022 -223.675 679.752 226.959 -156.769 142.195 -859.962 -623.079 5462.84
PRESSAVG: 250000 -3.7954 37.4801 15.8389 45.2757 18.9606 12.868 -212.489 166.078 5629.93
GPRESSAVG: 250000 -3.95327 37.5413 15.9775 45.5494 18.2831 12.6078 -212.397 166.651 5630.39
TIMING: 250000  CPU: 792.275, 0.00359273/step  Wall: 804.653, 0.0037069/step, 0.0514848 hours remaining, 0.232820 MB of memory in use.
PERFORMANCE: 250000  averaging 53.6941 ns/day, 0.00321823 sec/step with standard deviation 0.00040703
ETITLE:      TS           BOND          ANGLE          DIHED          IMPRP               ELECT            VDW       BOUNDARY           MISC        KINETIC               TOTAL           TEMP      POTENTIAL         TOTAL3        TEMPAVG            PRESSURE      GPRESSURE         VOLUME       PRESSAVG      GPRESSAVG

ENERGY:  250000         0.0000         0.0000         0.0000         0.0000          -5599.9377       424.1141         0.0000         0.0000       924.4264          -4251.3972       293.6822     -5175.8236     -4248.8846       301.8878           1972.5878      1989.6981     22925.0439      1881.6990      1881.5721

WRITING EXTENDED SYSTEM TO RESTART FILE AT STEP 250000
WRITING COORDINATES TO DCD FILE MD.dcd AT STEP 250000
WRITING COORDINATES TO RESTART FILE AT STEP 250000
FINISHED WRITING RESTART COORDINATES
WRITING VELOCITIES TO RESTART FILE AT STEP 250000
FINISHED WRITING RESTART VELOCITIES
The last velocity output (seq=250000) takes 0.000 seconds, 0.233 MB of memory in use
LDB: ============= START OF LOAD BALANCING ============== 817.654
LDB: ============== END OF LOAD BALANCING =============== 817.654
Info: useSync: 0 useProxySync: 0
LDB: =============== DONE WITH MIGRATION ================ 817.654
LDB: ============= START OF LOAD BALANCING ============== 817.798
LDB: Largest compute 234 load 0.009011 is 15.2% of average load 0.059298
LDB: Average compute 0.002393 is 4.0% of average load 0.059298
LDB: TIME 817.802 LOAD: AVG 0.0592983 MAX 0.133566  PROXIES: TOTAL 28 MAXPE 3 MAXPATCH 5 None MEM: 0.23282 MB
LDB: TIME 817.802 LOAD: AVG 0.0592983 MAX 0.133566  PROXIES: TOTAL 34 MAXPE 4 MAXPATCH 7 RefineTorusLB MEM: 0.23282 MB
LDB: TIME 817.802 LOAD: AVG 0.0592983 MAX 0.133566  PROXIES: TOTAL 34 MAXPE 4 MAXPATCH 7 RefineTorusLB MEM: 0.23282 MB
LDB: Reverting to original mapping
LDB: ============== END OF LOAD BALANCING =============== 817.802
Info: useSync: 0 useProxySync: 0
LDB: =============== DONE WITH MIGRATION ================ 817.803
LDB: ============= START OF LOAD BALANCING ============== 823.612
LDB: ============== END OF LOAD BALANCING =============== 823.612
Info: useSync: 0 useProxySync: 0
LDB: =============== DONE WITH MIGRATION ================ 823.612
LDB: ============= START OF LOAD BALANCING ============== 823.791
LDB: Largest compute 222 load 0.017434 is 27.5% of average load 0.063348
LDB: Average compute 0.002442 is 3.9% of average load 0.063348
LDB: TIME 823.795 LOAD: AVG 0.0633483 MAX 0.16327  PROXIES: TOTAL 28 MAXPE 3 MAXPATCH 5 None MEM: 0.23282 MB
LDB: TIME 823.795 LOAD: AVG 0.0633483 MAX 0.16327  PROXIES: TOTAL 34 MAXPE 4 MAXPATCH 7 RefineTorusLB MEM: 0.23282 MB
LDB: TIME 823.795 LOAD: AVG 0.0633483 MAX 0.16327  PROXIES: TOTAL 34 MAXPE 4 MAXPATCH 7 RefineTorusLB MEM: 0.23282 MB
LDB: ============== END OF LOAD BALANCING =============== 823.802
Info: useSync: 0 useProxySync: 0
LDB: =============== DONE WITH MIGRATION ================ 823.823
LDB: ============= START OF LOAD BALANCING ============== 829.626
LDB: ============== END OF LOAD BALANCING =============== 829.626
Info: useSync: 0 useProxySync: 0
LDB: =============== DONE WITH MIGRATION ================ 829.626
LDB: ============= START OF LOAD BALANCING ============== 829.771
LDB: Largest compute 238 load 0.007801 is 12.9% of average load 0.060637
LDB: Average compute 0.002450 is 4.0% of average load 0.060637
LDB: TIME 829.772 LOAD: AVG 0.0606366 MAX 0.13438  PROXIES: TOTAL 28 MAXPE 3 MAXPATCH 5 None MEM: 0.23282 MB
LDB: TIME 829.772 LOAD: AVG 0.0606366 MAX 0.13438  PROXIES: TOTAL 34 MAXPE 4 MAXPATCH 7 RefineTorusLB MEM: 0.23282 MB
LDB: TIME 829.772 LOAD: AVG 0.0606366 MAX 0.13438  PROXIES: TOTAL 34 MAXPE 4 MAXPATCH 7 RefineTorusLB MEM: 0.23282 MB
LDB: ============== END OF LOAD BALANCING =============== 829.772
Info: useSync: 0 useProxySync: 0
LDB: =============== DONE WITH MIGRATION ================ 829.772
WRITING COORDINATES TO DCD FILE MD.dcd AT STEP 255000
PRESSURE: 255000 -404.539 720.834 137.251 409.413 42.1336 521.617 -763.815 361.11 6477.07
GPRESSURE: 255000 -448.651 1169.11 146.237 377.962 179.364 250.583 -801.15 402.62 6430.55
PRESSAVG: 255000 76.7031 54.3717 54.2226 74.892 -72.6823 114.66 -475.659 50.0504 5589.33
GPRESSAVG: 255000 76.3862 54.5442 54.1646 74.9059 -72.6604 114.833 -475.684 49.7913 5589.65
ENERGY:  255000         0.0000         0.0000         0.0000         0.0000          -5640.7604       437.8753         0.0000         0.0000       932.0582          -4270.8268       296.1067     -5202.8850     -4269.0587       295.8751           2038.2213      2053.7555     22925.0439      1864.4499      1864.4581

LDB: ============= START OF LOAD BALANCING ============== 835.679
LDB: ============== END OF LOAD BALANCING =============== 835.68
Info: useSync: 0 useProxySync: 0
LDB: =============== DONE WITH MIGRATION ================ 835.704
LDB: ============= START OF LOAD BALANCING ============== 835.931
LDB: Largest compute 230 load 0.015173 is 22.9% of average load 0.066389
LDB: Average compute 0.002639 is 4.0% of average load 0.066389
LDB: TIME 835.931 LOAD: AVG 0.0663895 MAX 0.133336  PROXIES: TOTAL 28 MAXPE 3 MAXPATCH 5 None MEM: 0.23282 MB
LDB: TIME 835.931 LOAD: AVG 0.0663895 MAX 0.133336  PROXIES: TOTAL 34 MAXPE 4 MAXPATCH 7 RefineTorusLB MEM: 0.23282 MB
LDB: TIME 835.931 LOAD: AVG 0.0663895 MAX 0.133336  PROXIES: TOTAL 34 MAXPE 4 MAXPATCH 7 RefineTorusLB MEM: 0.23282 MB
LDB: Reverting to original mapping
LDB: ============== END OF LOAD BALANCING =============== 835.931
Info: useSync: 0 useProxySync: 0
LDB: =============== DONE WITH MIGRATION ================ 835.932
LDB: ============= START OF LOAD BALANCING ============== 842.702
LDB: ============== END OF LOAD BALANCING =============== 842.702
Info: useSync: 0 useProxySync: 0
LDB: =============== DONE WITH MIGRATION ================ 842.702
LDB: ============= START OF LOAD BALANCING ============== 842.845
LDB: Largest compute 241 load 0.007801 is 13.1% of average load 0.059695
LDB: Average compute 0.002401 is 4.0% of average load 0.059695
LDB: TIME 842.845 LOAD: AVG 0.0596946 MAX 0.135921  PROXIES: TOTAL 28 MAXPE 3 MAXPATCH 5 None MEM: 0.23282 MB
LDB: TIME 842.845 LOAD: AVG 0.0596946 MAX 0.135921  PROXIES: TOTAL 34 MAXPE 4 MAXPATCH 7 RefineTorusLB MEM: 0.23282 MB
LDB: TIME 842.845 LOAD: AVG 0.0596946 MAX 0.135921  PROXIES: TOTAL 34 MAXPE 4 MAXPATCH 7 RefineTorusLB MEM: 0.23282 MB
LDB: Reverting to original mapping
LDB: ============== END OF LOAD BALANCING =============== 842.845
Info: useSync: 0 useProxySync: 0
LDB: =============== DONE WITH MIGRATION ================ 842.845
PRESSURE: 260000 -1483.56 -127.453 -564.001 -505.12 -738.108 263.842 -1391.79 -996.463 5693.7
GPRESSURE: 260000 -1553.93 -441.094 -813.458 -212.521 -835.369 184.371 -1304.72 -1408.25 5941.97
PRESSAVG: 260000 53.2006 21.6004 -26.7885 34.0635 8.22488 -134.598 -751.706 -74.0771 5860.3
GPRESSAVG: 260000 53.4278 21.6706 -26.5631 34.0193 8.25524 -134.649 -752.006 -74.2228 5860.13
ENERGY:  260000         0.0000         0.0000         0.0000         0.0000          -5532.6145       349.0662         0.0000         0.0000       950.3702          -4233.1781       301.9243     -5183.5483     -4230.1114       300.6992           1157.3418      1184.2238     22925.0439      1973.9078      1973.9362

WRITING COORDINATES TO DCD FILE MD.dcd AT STEP 260000
LDB: ============= START OF LOAD BALANCING ============== 850.227
LDB: ============== END OF LOAD BALANCING =============== 850.227
Info: useSync: 0 useProxySync: 0
LDB: =============== DONE WITH MIGRATION ================ 850.227
LDB: ============= START OF LOAD BALANCING ============== 850.392
LDB: Largest compute 13 load 0.012552 is 20.1% of average load 0.062483
LDB: Average compute 0.002511 is 4.0% of average load 0.062483
LDB: TIME 850.394 LOAD: AVG 0.0624834 MAX 0.137917  PROXIES: TOTAL 28 MAXPE 3 MAXPATCH 5 None MEM: 0.23282 MB
LDB: TIME 850.394 LOAD: AVG 0.0624834 MAX 0.137917  PROXIES: TOTAL 34 MAXPE 4 MAXPATCH 7 RefineTorusLB MEM: 0.23282 MB
LDB: TIME 850.394 LOAD: AVG 0.0624834 MAX 0.137917  PROXIES: TOTAL 34 MAXPE 4 MAXPATCH 7 RefineTorusLB MEM: 0.23282 MB
LDB: ============== END OF LOAD BALANCING =============== 850.394
Info: useSync: 0 useProxySync: 0
LDB: =============== DONE WITH MIGRATION ================ 850.395
LDB: ============= START OF LOAD BALANCING ============== 856.055
LDB: ============== END OF LOAD BALANCING =============== 856.055
Info: useSync: 0 useProxySync: 0
LDB: =============== DONE WITH MIGRATION ================ 856.055
LDB: ============= START OF LOAD BALANCING ============== 856.205
LDB: Largest compute 228 load 0.009040 is 15.0% of average load 0.060126
LDB: Average compute 0.002424 is 4.0% of average load 0.060126
LDB: TIME 856.205 LOAD: AVG 0.0601256 MAX 0.133515  PROXIES: TOTAL 28 MAXPE 3 MAXPATCH 5 None MEM: 0.23282 MB
LDB: TIME 856.206 LOAD: AVG 0.0601256 MAX 0.133515  PROXIES: TOTAL 34 MAXPE 4 MAXPATCH 7 RefineTorusLB MEM: 0.23282 MB
LDB: TIME 856.206 LOAD: AVG 0.0601256 MAX 0.133515  PROXIES: TOTAL 34 MAXPE 4 MAXPATCH 7 RefineTorusLB MEM: 0.23282 MB
LDB: ============== END OF LOAD BALANCING =============== 856.206
Info: useSync: 0 useProxySync: 0
LDB: =============== DONE WITH MIGRATION ================ 856.206
LDB: ============= START OF LOAD BALANCING ============== 861.936
LDB: ============== END OF LOAD BALANCING =============== 861.937
Info: useSync: 0 useProxySync: 0
LDB: =============== DONE WITH MIGRATION ================ 861.937
LDB: ============= START OF LOAD BALANCING ============== 862.078
LDB: Largest compute 239 load 0.008357 is 14.0% of average load 0.059883
LDB: Average compute 0.002412 is 4.0% of average load 0.059883
LDB: TIME 862.078 LOAD: AVG 0.0598833 MAX 0.134862  PROXIES: TOTAL 28 MAXPE 3 MAXPATCH 5 None MEM: 0.23282 MB
LDB: TIME 862.078 LOAD: AVG 0.0598833 MAX 0.134862  PROXIES: TOTAL 34 MAXPE 4 MAXPATCH 7 RefineTorusLB MEM: 0.23282 MB
LDB: TIME 862.078 LOAD: AVG 0.0598833 MAX 0.134862  PROXIES: TOTAL 34 MAXPE 4 MAXPATCH 7 RefineTorusLB MEM: 0.23282 MB
LDB: Reverting to original mapping
LDB: ============== END OF LOAD BALANCING =============== 862.078
Info: useSync: 0 useProxySync: 0
LDB: =============== DONE WITH MIGRATION ================ 862.078
WRITING COORDINATES TO DCD FILE MD.dcd AT STEP 265000
PRESSURE: 265000 388.064 277.135 -256.079 -263.141 -447.032 -292.192 -955.67 -548.445 5320.25
GPRESSURE: 265000 464.18 137.905 -178.731 -491.319 -442.769 -305.542 -1207.81 -512.448 5248.61
PRESSAVG: 265000 -149.577 -54.6657 -89.1231 6.8663 -93.3175 41.5525 -718.448 -234.886 5717.27
GPRESSAVG: 265000 -149.892 -54.0187 -89.3623 6.44978 -93.338 41.5515 -717.635 -235.172 5716.96
ENERGY:  265000         0.0000         0.0000         0.0000         0.0000          -5576.7702       384.8259         0.0000         0.0000       977.3293          -4214.6150       310.4889     -5191.9443     -4212.8088       304.3923           1753.7601      1756.6730     22925.0439      1824.7928      1824.5772

LDB: ============= START OF LOAD BALANCING ============== 867.823
LDB: ============== END OF LOAD BALANCING =============== 867.823
Info: useSync: 0 useProxySync: 0
LDB: =============== DONE WITH MIGRATION ================ 867.824
LDB: ============= START OF LOAD BALANCING ============== 867.964
LDB: Largest compute 128 load 0.008112 is 13.7% of average load 0.059417
LDB: Average compute 0.002381 is 4.0% of average load 0.059417
LDB: TIME 867.965 LOAD: AVG 0.0594168 MAX 0.134914  PROXIES: TOTAL 28 MAXPE 3 MAXPATCH 5 None MEM: 0.23282 MB
LDB: TIME 867.965 LOAD: AVG 0.0594168 MAX 0.134914  PROXIES: TOTAL 34 MAXPE 4 MAXPATCH 7 RefineTorusLB MEM: 0.23282 MB
LDB: TIME 867.965 LOAD: AVG 0.0594168 MAX 0.134914  PROXIES: TOTAL 34 MAXPE 4 MAXPATCH 7 RefineTorusLB MEM: 0.23282 MB
LDB: Reverting to original mapping
LDB: ============== END OF LOAD BALANCING =============== 867.965
Info: useSync: 0 useProxySync: 0
LDB: =============== DONE WITH MIGRATION ================ 867.965
LDB: ============= START OF LOAD BALANCING ============== 873.698
LDB: ============== END OF LOAD BALANCING =============== 873.698
Info: useSync: 0 useProxySync: 0
LDB: =============== DONE WITH MIGRATION ================ 873.698
LDB: ============= START OF LOAD BALANCING ============== 873.84
LDB: Largest compute 16 load 0.007414 is 12.4% of average load 0.059703
LDB: Average compute 0.002388 is 4.0% of average load 0.059703
LDB: TIME 873.84 LOAD: AVG 0.0597033 MAX 0.13576  PROXIES: TOTAL 28 MAXPE 3 MAXPATCH 5 None MEM: 0.23282 MB
LDB: TIME 873.84 LOAD: AVG 0.0597033 MAX 0.13576  PROXIES: TOTAL 34 MAXPE 4 MAXPATCH 7 RefineTorusLB MEM: 0.23282 MB
LDB: TIME 873.841 LOAD: AVG 0.0597033 MAX 0.13576  PROXIES: TOTAL 34 MAXPE 4 MAXPATCH 7 RefineTorusLB MEM: 0.23282 MB
LDB: Reverting to original mapping
LDB: ============== END OF LOAD BALANCING =============== 873.841
Info: useSync: 0 useProxySync: 0
LDB: =============== DONE WITH MIGRATION ================ 873.841
WRITING COORDINATES TO DCD FILE MD.dcd AT STEP 270000
PRESSURE: 270000 454.803 1000.63 84.37 752.429 -65.8371 453.184 -574.677 557.922 6334.34
GPRESSURE: 270000 534.914 1032.17 7.34397 700.703 -95.6583 364.444 -522.363 697.14 6325.4
PRESSAVG: 270000 81.5404 15.0705 -44.3741 10.8083 16.7973 -7.09142 -705.783 -268.428 6047.4
GPRESSAVG: 270000 81.7562 14.906 -44.8347 11.1895 16.6448 -7.10296 -705.775 -268.205 6047.44
ENERGY:  270000         0.0000         0.0000         0.0000         0.0000          -5629.4716       439.8738         0.0000         0.0000       946.6574          -4242.9404       300.7447     -5189.5978     -4241.0817       298.7497           2241.1012      2254.8861     22925.0439      2048.5793      2048.6124

LDB: ============= START OF LOAD BALANCING ============== 879.642
LDB: ============== END OF LOAD BALANCING =============== 879.642
Info: useSync: 0 useProxySync: 0
LDB: =============== DONE WITH MIGRATION ================ 879.642
LDB: ============= START OF LOAD BALANCING ============== 879.782
LDB: Largest compute 106 load 0.008607 is 14.5% of average load 0.059236
LDB: Average compute 0.002384 is 4.0% of average load 0.059236
LDB: TIME 879.783 LOAD: AVG 0.0592364 MAX 0.135058  PROXIES: TOTAL 28 MAXPE 3 MAXPATCH 5 None MEM: 0.23282 MB
LDB: TIME 879.783 LOAD: AVG 0.0592364 MAX 0.135058  PROXIES: TOTAL 34 MAXPE 4 MAXPATCH 7 RefineTorusLB MEM: 0.23282 MB
LDB: TIME 879.783 LOAD: AVG 0.0592364 MAX 0.135058  PROXIES: TOTAL 34 MAXPE 4 MAXPATCH 7 RefineTorusLB MEM: 0.23282 MB
LDB: ============== END OF LOAD BALANCING =============== 879.783
Info: useSync: 0 useProxySync: 0
LDB: =============== DONE WITH MIGRATION ================ 879.783
LDB: ============= START OF LOAD BALANCING ============== 885.377
LDB: ============== END OF LOAD BALANCING =============== 885.377
Info: useSync: 0 useProxySync: 0
LDB: =============== DONE WITH MIGRATION ================ 885.377
LDB: ============= START OF LOAD BALANCING ============== 885.518
LDB: Largest compute 245 load 0.007529 is 12.7% of average load 0.059152
LDB: Average compute 0.002377 is 4.0% of average load 0.059152
LDB: TIME 885.518 LOAD: AVG 0.0591525 MAX 0.134252  PROXIES: TOTAL 28 MAXPE 3 MAXPATCH 5 None MEM: 0.23282 MB
LDB: TIME 885.518 LOAD: AVG 0.0591525 MAX 0.134252  PROXIES: TOTAL 34 MAXPE 4 MAXPATCH 7 RefineTorusLB MEM: 0.23282 MB
LDB: TIME 885.518 LOAD: AVG 0.0591525 MAX 0.134252  PROXIES: TOTAL 34 MAXPE 4 MAXPATCH 7 RefineTorusLB MEM: 0.23282 MB
LDB: Reverting to original mapping
LDB: ============== END OF LOAD BALANCING =============== 885.518
Info: useSync: 0 useProxySync: 0
LDB: =============== DONE WITH MIGRATION ================ 885.518
LDB: ============= START OF LOAD BALANCING ============== 891.066
LDB: ============== END OF LOAD BALANCING =============== 891.066
Info: useSync: 0 useProxySync: 0
LDB: =============== DONE WITH MIGRATION ================ 891.066
LDB: ============= START OF LOAD BALANCING ============== 891.228
LDB: Largest compute 245 load 0.008216 is 13.6% of average load 0.060584
LDB: Average compute 0.002409 is 4.0% of average load 0.060584
LDB: TIME 891.228 LOAD: AVG 0.0605841 MAX 0.129865  PROXIES: TOTAL 28 MAXPE 3 MAXPATCH 5 None MEM: 0.23282 MB
LDB: TIME 891.228 LOAD: AVG 0.0605841 MAX 0.129865  PROXIES: TOTAL 34 MAXPE 4 MAXPATCH 7 RefineTorusLB MEM: 0.23282 MB
LDB: TIME 891.228 LOAD: AVG 0.0605841 MAX 0.129865  PROXIES: TOTAL 34 MAXPE 4 MAXPATCH 7 RefineTorusLB MEM: 0.23282 MB
LDB: ============== END OF LOAD BALANCING =============== 891.229
Info: useSync: 0 useProxySync: 0
LDB: =============== DONE WITH MIGRATION ================ 891.229
WRITING COORDINATES TO DCD FILE MD.dcd AT STEP 275000
PRESSURE: 275000 491.714 419.348 -46.3365 726.992 -553.2 325.744 -287.667 -325.653 6023.38
GPRESSURE: 275000 326.727 444.503 182.683 608.151 -504.746 213.229 -588.207 -256.539 6185.92
PRESSAVG: 275000 2.31664 58.4135 21.6647 19.8498 -89.9358 3.67159 -522.399 -306.021 6444.63
GPRESSAVG: 275000 2.47196 58.4357 21.3428 19.5745 -89.6128 3.8739 -522.547 -306.228 6444.48
ENERGY:  275000         0.0000         0.0000         0.0000         0.0000          -5595.3813       399.2006         0.0000         0.0000       971.8817          -4224.2990       308.7583     -5196.1807     -4222.5642       299.8076           1987.2980      2002.6330     22925.0439      2119.0020      2119.1114

LDB: ============= START OF LOAD BALANCING ============== 896.906
LDB: ============== END OF LOAD BALANCING =============== 896.906
Info: useSync: 0 useProxySync: 0
LDB: =============== DONE WITH MIGRATION ================ 896.906
LDB: ============= START OF LOAD BALANCING ============== 897.046
LDB: Largest compute 241 load 0.007994 is 13.4% of average load 0.059457
LDB: Average compute 0.002391 is 4.0% of average load 0.059457
LDB: TIME 897.047 LOAD: AVG 0.0594569 MAX 0.133788  PROXIES: TOTAL 28 MAXPE 3 MAXPATCH 5 None MEM: 0.23282 MB
LDB: TIME 897.047 LOAD: AVG 0.0594569 MAX 0.133788  PROXIES: TOTAL 34 MAXPE 4 MAXPATCH 7 RefineTorusLB MEM: 0.23282 MB
LDB: TIME 897.047 LOAD: AVG 0.0594569 MAX 0.133788  PROXIES: TOTAL 34 MAXPE 4 MAXPATCH 7 RefineTorusLB MEM: 0.23282 MB
LDB: ============== END OF LOAD BALANCING =============== 897.047
Info: useSync: 0 useProxySync: 0
LDB: =============== DONE WITH MIGRATION ================ 897.047
LDB: ============= START OF LOAD BALANCING ============== 902.516
LDB: ============== END OF LOAD BALANCING =============== 902.516
Info: useSync: 0 useProxySync: 0
LDB: =============== DONE WITH MIGRATION ================ 902.517
LDB: ============= START OF LOAD BALANCING ============== 902.657
LDB: Largest compute 244 load 0.007859 is 13.1% of average load 0.059875
LDB: Average compute 0.002416 is 4.0% of average load 0.059875
LDB: TIME 902.657 LOAD: AVG 0.0598747 MAX 0.134239  PROXIES: TOTAL 28 MAXPE 3 MAXPATCH 5 None MEM: 0.23282 MB
LDB: TIME 902.657 LOAD: AVG 0.0598747 MAX 0.134239  PROXIES: TOTAL 34 MAXPE 4 MAXPATCH 7 RefineTorusLB MEM: 0.23282 MB
LDB: TIME 902.658 LOAD: AVG 0.0598747 MAX 0.134239  PROXIES: TOTAL 34 MAXPE 4 MAXPATCH 7 RefineTorusLB MEM: 0.23282 MB
LDB: ============== END OF LOAD BALANCING =============== 902.658
Info: useSync: 0 useProxySync: 0
LDB: =============== DONE WITH MIGRATION ================ 902.658
WRITING COORDINATES TO DCD FILE MD.dcd AT STEP 280000
PRESSURE: 280000 -98.6459 601.894 152.271 1000.33 311.359 -70.5625 -729.251 -385.583 5694.59
GPRESSURE: 280000 -273.805 615.025 -66.6705 903.328 511.209 -70.7591 -373.081 -521.961 5728.09
PRESSAVG: 280000 170.141 20.4346 47.2701 -29.955 23.3273 40.494 -303.889 -200.77 6546.97
GPRESSAVG: 280000 169.959 20.5391 47.5139 -30.2204 23.4994 40.5819 -303.679 -200.63 6547.13
ENERGY:  280000         0.0000         0.0000         0.0000         0.0000          -5611.2968       422.8383         0.0000         0.0000       980.9448          -4207.5137       311.6376     -5188.4586     -4205.2031       300.2765           1969.1011      1988.4966     22925.0439      2246.8114      2246.8628

LDB: ============= START OF LOAD BALANCING ============== 908.205
LDB: ============== END OF LOAD BALANCING =============== 908.205
Info: useSync: 0 useProxySync: 0
LDB: =============== DONE WITH MIGRATION ================ 908.205
LDB: ============= START OF LOAD BALANCING ============== 908.346
LDB: Largest compute 13 load 0.007491 is 12.5% of average load 0.060079
LDB: Average compute 0.002417 is 4.0% of average load 0.060079
LDB: TIME 908.346 LOAD: AVG 0.0600785 MAX 0.133479  PROXIES: TOTAL 28 MAXPE 3 MAXPATCH 5 None MEM: 0.23282 MB
LDB: TIME 908.346 LOAD: AVG 0.0600785 MAX 0.133479  PROXIES: TOTAL 34 MAXPE 4 MAXPATCH 7 RefineTorusLB MEM: 0.23282 MB
LDB: TIME 908.346 LOAD: AVG 0.0600785 MAX 0.133479  PROXIES: TOTAL 34 MAXPE 4 MAXPATCH 7 RefineTorusLB MEM: 0.23282 MB
LDB: Reverting to original mapping
LDB: ============== END OF LOAD BALANCING =============== 908.346
Info: useSync: 0 useProxySync: 0
LDB: =============== DONE WITH MIGRATION ================ 908.346
LDB: ============= START OF LOAD BALANCING ============== 913.84
LDB: ============== END OF LOAD BALANCING =============== 913.851
Info: useSync: 0 useProxySync: 0
LDB: =============== DONE WITH MIGRATION ================ 913.851
LDB: ============= START OF LOAD BALANCING ============== 914.01
LDB: Largest compute 245 load 0.007761 is 12.9% of average load 0.060167
LDB: Average compute 0.002426 is 4.0% of average load 0.060167
LDB: TIME 914.01 LOAD: AVG 0.0601671 MAX 0.133328  PROXIES: TOTAL 28 MAXPE 3 MAXPATCH 5 None MEM: 0.23282 MB
LDB: TIME 914.01 LOAD: AVG 0.0601671 MAX 0.133328  PROXIES: TOTAL 34 MAXPE 4 MAXPATCH 7 RefineTorusLB MEM: 0.23282 MB
LDB: TIME 914.01 LOAD: AVG 0.0601671 MAX 0.133328  PROXIES: TOTAL 34 MAXPE 4 MAXPATCH 7 RefineTorusLB MEM: 0.23282 MB
LDB: ============== END OF LOAD BALANCING =============== 914.01
Info: useSync: 0 useProxySync: 0
LDB: =============== DONE WITH MIGRATION ================ 914.01
LDB: ============= START OF LOAD BALANCING ============== 919.569
LDB: ============== END OF LOAD BALANCING =============== 919.569
Info: useSync: 0 useProxySync: 0
LDB: =============== DONE WITH MIGRATION ================ 919.569
LDB: ============= START OF LOAD BALANCING ============== 919.717
LDB: Largest compute 106 load 0.009480 is 15.5% of average load 0.061291
LDB: Average compute 0.002458 is 4.0% of average load 0.061291
LDB: TIME 919.717 LOAD: AVG 0.0612911 MAX 0.135298  PROXIES: TOTAL 28 MAXPE 3 MAXPATCH 5 None MEM: 0.23282 MB
LDB: TIME 919.717 LOAD: AVG 0.0612911 MAX 0.135298  PROXIES: TOTAL 34 MAXPE 4 MAXPATCH 7 RefineTorusLB MEM: 0.23282 MB
LDB: TIME 919.717 LOAD: AVG 0.0612911 MAX 0.135298  PROXIES: TOTAL 34 MAXPE 4 MAXPATCH 7 RefineTorusLB MEM: 0.23282 MB
LDB: ============== END OF LOAD BALANCING =============== 919.717
Info: useSync: 0 useProxySync: 0
LDB: =============== DONE WITH MIGRATION ================ 919.717
WRITING COORDINATES TO DCD FILE MD.dcd AT STEP 285000
PRESSURE: 285000 -38.2102 68.517 -350.434 42.9029 -220.159 -946.972 -775.646 -1121.2 5757.46
GPRESSURE: 285000 -30.6187 -125.331 -71.5581 -26.6503 -144.717 -1171.14 -768.812 -905.768 5719.66
PRESSAVG: 285000 -84.7907 -12.8099 26.5941 0.738062 -172.335 -125.251 -245.234 -6.28349 5949.99
GPRESSAVG: 285000 -84.9902 -13.4717 26.8809 1.10538 -172.587 -125.308 -245.321 -6.31249 5950.08
ENERGY:  285000         0.0000         0.0000         0.0000         0.0000          -5596.4103       403.5821         0.0000         0.0000       932.7100          -4260.1181       296.3138     -5192.8282     -4257.1423       297.1748           1833.0317      1848.1082     22925.0439      1897.6220      1897.5012

LDB: ============= START OF LOAD BALANCING ============== 926.31
LDB: ============== END OF LOAD BALANCING =============== 926.31
Info: useSync: 0 useProxySync: 0
LDB: =============== DONE WITH MIGRATION ================ 926.31
LDB: ============= START OF LOAD BALANCING ============== 926.451
LDB: Largest compute 12 load 0.007625 is 12.8% of average load 0.059543
LDB: Average compute 0.002385 is 4.0% of average load 0.059543
LDB: TIME 926.451 LOAD: AVG 0.0595431 MAX 0.134278  PROXIES: TOTAL 28 MAXPE 3 MAXPATCH 5 None MEM: 0.23282 MB
LDB: TIME 926.451 LOAD: AVG 0.0595431 MAX 0.134278  PROXIES: TOTAL 34 MAXPE 4 MAXPATCH 7 RefineTorusLB MEM: 0.23282 MB
LDB: TIME 926.451 LOAD: AVG 0.0595431 MAX 0.134278  PROXIES: TOTAL 34 MAXPE 4 MAXPATCH 7 RefineTorusLB MEM: 0.23282 MB
LDB: Reverting to original mapping
LDB: ============== END OF LOAD BALANCING =============== 926.451
Info: useSync: 0 useProxySync: 0
LDB: =============== DONE WITH MIGRATION ================ 926.452
LDB: ============= START OF LOAD BALANCING ============== 932.011
LDB: ============== END OF LOAD BALANCING =============== 932.011
Info: useSync: 0 useProxySync: 0
LDB: =============== DONE WITH MIGRATION ================ 932.011
LDB: ============= START OF LOAD BALANCING ============== 932.152
LDB: Largest compute 246 load 0.007900 is 13.2% of average load 0.059768
LDB: Average compute 0.002399 is 4.0% of average load 0.059768
LDB: TIME 932.153 LOAD: AVG 0.0597679 MAX 0.13419  PROXIES: TOTAL 28 MAXPE 3 MAXPATCH 5 None MEM: 0.23282 MB
LDB: TIME 932.153 LOAD: AVG 0.0597679 MAX 0.13419  PROXIES: TOTAL 34 MAXPE 4 MAXPATCH 7 RefineTorusLB MEM: 0.23282 MB
LDB: TIME 932.153 LOAD: AVG 0.0597679 MAX 0.13419  PROXIES: TOTAL 34 MAXPE 4 MAXPATCH 7 RefineTorusLB MEM: 0.23282 MB
LDB: Reverting to original mapping
LDB: ============== END OF LOAD BALANCING =============== 932.153
Info: useSync: 0 useProxySync: 0
LDB: =============== DONE WITH MIGRATION ================ 932.153
WRITING COORDINATES TO DCD FILE MD.dcd AT STEP 290000
PRESSURE: 290000 1203.09 -186.209 -1.45673 -421.954 798.394 -409.477 -343.299 645.857 7811.02
GPRESSURE: 290000 1195.13 -102.523 57.3885 -460.666 812.399 -50.3984 -338.94 602.858 7859.81
PRESSAVG: 290000 -147.392 24.8566 -17.9114 -0.765414 -123.227 -46.7407 -360.054 599.718 6148.21
GPRESSAVG: 290000 -147.677 25.2456 -18.4869 -0.960773 -122.989 -47.04 -359.902 599.645 6148.16
ENERGY:  290000         0.0000         0.0000         0.0000         0.0000          -5631.6898       505.3919         0.0000         0.0000       893.9652          -4232.3326       284.0049     -5126.2978     -4228.6053       298.2688           3270.8336      3289.1121     22925.0439      1959.1977      1959.1653

LDB: ============= START OF LOAD BALANCING ============== 938.207
LDB: ============== END OF LOAD BALANCING =============== 938.207
Info: useSync: 0 useProxySync: 0
LDB: =============== DONE WITH MIGRATION ================ 938.207
LDB: ============= START OF LOAD BALANCING ============== 938.362
LDB: Largest compute 14 load 0.011900 is 19.8% of average load 0.060149
LDB: Average compute 0.002410 is 4.0% of average load 0.060149
LDB: TIME 938.362 LOAD: AVG 0.0601488 MAX 0.13563  PROXIES: TOTAL 28 MAXPE 3 MAXPATCH 5 None MEM: 0.23282 MB
LDB: TIME 938.362 LOAD: AVG 0.0601488 MAX 0.13563  PROXIES: TOTAL 34 MAXPE 4 MAXPATCH 7 RefineTorusLB MEM: 0.23282 MB
LDB: TIME 938.362 LOAD: AVG 0.0601488 MAX 0.13563  PROXIES: TOTAL 34 MAXPE 4 MAXPATCH 7 RefineTorusLB MEM: 0.23282 MB
LDB: Reverting to original mapping
LDB: ============== END OF LOAD BALANCING =============== 938.363
Info: useSync: 0 useProxySync: 0
LDB: =============== DONE WITH MIGRATION ================ 938.363
LDB: ============= START OF LOAD BALANCING ============== 944.026
LDB: ============== END OF LOAD BALANCING =============== 944.026
Info: useSync: 0 useProxySync: 0
LDB: =============== DONE WITH MIGRATION ================ 944.026
LDB: ============= START OF LOAD BALANCING ============== 944.181
LDB: Largest compute 132 load 0.007779 is 12.8% of average load 0.060960
LDB: Average compute 0.002412 is 4.0% of average load 0.060960
LDB: TIME 944.181 LOAD: AVG 0.0609604 MAX 0.135674  PROXIES: TOTAL 28 MAXPE 3 MAXPATCH 5 None MEM: 0.23282 MB
LDB: TIME 944.182 LOAD: AVG 0.0609604 MAX 0.135674  PROXIES: TOTAL 34 MAXPE 4 MAXPATCH 7 RefineTorusLB MEM: 0.23282 MB
LDB: TIME 944.182 LOAD: AVG 0.0609604 MAX 0.135674  PROXIES: TOTAL 34 MAXPE 4 MAXPATCH 7 RefineTorusLB MEM: 0.23282 MB
LDB: ============== END OF LOAD BALANCING =============== 944.182
Info: useSync: 0 useProxySync: 0
LDB: =============== DONE WITH MIGRATION ================ 944.182
LDB: ============= START OF LOAD BALANCING ============== 949.79
LDB: ============== END OF LOAD BALANCING =============== 949.79
Info: useSync: 0 useProxySync: 0
LDB: =============== DONE WITH MIGRATION ================ 949.79
LDB: ============= START OF LOAD BALANCING ============== 949.931
LDB: Largest compute 106 load 0.008161 is 13.7% of average load 0.059499
LDB: Average compute 0.002387 is 4.0% of average load 0.059499
LDB: TIME 949.931 LOAD: AVG 0.0594989 MAX 0.134777  PROXIES: TOTAL 28 MAXPE 3 MAXPATCH 5 None MEM: 0.23282 MB
LDB: TIME 949.931 LOAD: AVG 0.0594989 MAX 0.134777  PROXIES: TOTAL 34 MAXPE 4 MAXPATCH 7 RefineTorusLB MEM: 0.23282 MB
LDB: TIME 949.931 LOAD: AVG 0.0594989 MAX 0.134777  PROXIES: TOTAL 34 MAXPE 4 MAXPATCH 7 RefineTorusLB MEM: 0.23282 MB
LDB: ============== END OF LOAD BALANCING =============== 949.931
Info: useSync: 0 useProxySync: 0
LDB: =============== DONE WITH MIGRATION ================ 949.932
WRITING COORDINATES TO DCD FILE MD.dcd AT STEP 295000
PRESSURE: 295000 -83.5869 83.7646 -26.3293 -320.681 -646.881 -164.622 365.142 1175.51 7707.33
GPRESSURE: 295000 91.166 83.0737 -166.033 -150.543 -643.922 -382.11 414.48 1262.91 7563.57
PRESSAVG: 295000 31.8527 1.02853 -16.2374 -37.2116 -88.6429 -47.9418 -277.967 503.524 6244.92
GPRESSAVG: 295000 32.0823 0.632945 -16.2918 -37.1794 -88.4344 -47.8603 -278.033 503.401 6244.83
ENERGY:  295000         0.0000         0.0000         0.0000         0.0000          -5544.7782       400.3534         0.0000         0.0000       956.0938          -4188.3310       303.7426     -5144.4248     -4186.4856       303.0344           2325.6208      2336.9388     22925.0439      2062.7115      2062.8251

LDB: ============= START OF LOAD BALANCING ============== 955.499
LDB: ============== END OF LOAD BALANCING =============== 955.499
Info: useSync: 0 useProxySync: 0
LDB: =============== DONE WITH MIGRATION ================ 955.5
LDB: ============= START OF LOAD BALANCING ============== 955.641
LDB: Largest compute 106 load 0.008140 is 13.6% of average load 0.059691
LDB: Average compute 0.002398 is 4.0% of average load 0.059691
LDB: TIME 955.641 LOAD: AVG 0.059691 MAX 0.135268  PROXIES: TOTAL 28 MAXPE 3 MAXPATCH 5 None MEM: 0.23282 MB
LDB: TIME 955.642 LOAD: AVG 0.059691 MAX 0.135268  PROXIES: TOTAL 34 MAXPE 4 MAXPATCH 7 RefineTorusLB MEM: 0.23282 MB
LDB: TIME 955.642 LOAD: AVG 0.059691 MAX 0.135268  PROXIES: TOTAL 34 MAXPE 4 MAXPATCH 7 RefineTorusLB MEM: 0.23282 MB
LDB: ============== END OF LOAD BALANCING =============== 955.642
Info: useSync: 0 useProxySync: 0
LDB: =============== DONE WITH MIGRATION ================ 955.642
LDB: ============= START OF LOAD BALANCING ============== 961.235
LDB: ============== END OF LOAD BALANCING =============== 961.235
Info: useSync: 0 useProxySync: 0
LDB: =============== DONE WITH MIGRATION ================ 961.235
LDB: ============= START OF LOAD BALANCING ============== 961.386
LDB: Largest compute 106 load 0.007895 is 13.2% of average load 0.060021
LDB: Average compute 0.002397 is 4.0% of average load 0.060021
LDB: TIME 961.386 LOAD: AVG 0.0600207 MAX 0.13657  PROXIES: TOTAL 28 MAXPE 3 MAXPATCH 5 None MEM: 0.23282 MB
LDB: TIME 961.386 LOAD: AVG 0.0600207 MAX 0.13657  PROXIES: TOTAL 34 MAXPE 4 MAXPATCH 7 RefineTorusLB MEM: 0.23282 MB
LDB: TIME 961.386 LOAD: AVG 0.0600207 MAX 0.13657  PROXIES: TOTAL 34 MAXPE 4 MAXPATCH 7 RefineTorusLB MEM: 0.23282 MB
LDB: ============== END OF LOAD BALANCING =============== 961.387
Info: useSync: 0 useProxySync: 0
LDB: =============== DONE WITH MIGRATION ================ 961.387
PRESSURE: 300000 -972.075 -343.881 61.1523 111.084 -346.152 197.301 -214.074 832.905 5395.7
GPRESSURE: 300000 -1069.55 -261.036 183.382 196.291 -323.563 132.928 -607.551 680.01 5530.98
PRESSAVG: 300000 -177.841 -32.5299 -18.8659 -17.9351 -175.713 -67.0644 -220.015 608.565 5972.13
GPRESSAVG: 300000 -177.944 -31.9558 -18.5678 -18.4422 -175.977 -66.8722 -220.227 608.258 5972.32
TIMING: 300000  CPU: 940.229, 0.00295908/step  Wall: 954.136, 0.00298965/step, 0 hours remaining, 0.232820 MB of memory in use.
PERFORMANCE: 300000  averaging 54.3373 ns/day, 0.00318013 sec/step with standard deviation 0.000375829
ETITLE:      TS           BOND          ANGLE          DIHED          IMPRP               ELECT            VDW       BOUNDARY           MISC        KINETIC               TOTAL           TEMP      POTENTIAL         TOTAL3        TEMPAVG            PRESSURE      GPRESSURE         VOLUME       PRESSAVG      GPRESSAVG

ENERGY:  300000         0.0000         0.0000         0.0000         0.0000          -5524.7255       366.5243         0.0000         0.0000       928.5710          -4229.6302       294.9989     -5158.2012     -4228.0610       298.7069           1359.1571      1379.2859     22925.0439      1872.8586      1872.7991

WRITING EXTENDED SYSTEM TO RESTART FILE AT STEP 300000
WRITING COORDINATES TO DCD FILE MD.dcd AT STEP 300000
WRITING COORDINATES TO RESTART FILE AT STEP 300000
FINISHED WRITING RESTART COORDINATES
WRITING VELOCITIES TO RESTART FILE AT STEP 300000
FINISHED WRITING RESTART VELOCITIES
WRITING EXTENDED SYSTEM TO OUTPUT FILE AT STEP 300000
CLOSING EXTENDED SYSTEM TRAJECTORY FILE
WRITING COORDINATES TO OUTPUT FILE AT STEP 300000
CLOSING COORDINATE DCD FILE MD.dcd
WRITING VELOCITIES TO OUTPUT FILE AT STEP 300000
====================================================

WallClock: 966.694824  CPUTime: 951.720947  Memory: 0.232820 MB
[Partition 0][Node 0] End of program
