0 1816524788.1700
1 32698391.7536
2 2347711.1480
3 316468.9281
4 66014.7109
5 22613.3034
6 12888.9018
7 10328.2771
8 9573.8699
9 4143.2649
10 1486.9135
11 98.3672
12 -632.8448
13 -1159.0763
14 -1716.3167
15 -2094.1290
16 -2317.8634
17 -2698.9400
18 -2810.2819
19 -2670.5777
20 -2810.6586
21 -2810.8126
22 -2990.5448
23 -3078.0263
24 -3060.8239
25 -3085.5598
26 -3085.4882
27 -3085.5900
28 -3204.7039
29 -3287.0348
30 -3419.8857
31 -3503.6097
32 -3537.7175
33 -3518.6609
34 -3538.3899
35 -3538.2220
36 -3538.3902
37 -3678.1969
38 -3775.9537
39 -3808.2668
40 -3830.8450
41 -3842.2217
42 -3839.6272
43 -3843.0892
44 -3843.0707
45 -3843.0907
46 -3872.2261
47 -3887.8140
48 -3887.6861
49 -3889.8644
50 -3889.8477
51 -3889.8646
52 -3968.8450
53 -4042.7627
54 -4094.1427
55 -4162.4002
56 -4178.8596
57 -4141.5564
58 -4179.8119
59 -4259.2740
60 -4316.9885
61 -4348.9539
62 -4374.7296
63 -4416.2280
64 -4423.9073
65 -4397.5705
66 -4425.1580
67 -4532.1232
68 -4602.2492
69 -4633.9219
70 -4624.7513
71 -4635.5907
72 -4635.4947
73 -4635.5913
74 -4677.8819
75 -4710.4089
76 -4718.2174
77 -4725.0936
78 -4731.1939
79 -4737.0523
80 -4742.6465
81 -4748.0546
82 -4753.2402
83 -4758.2537
84 -4763.0598
85 -4767.7075
86 -4772.1662
87 -4776.4874
88 -4780.6519
89 -4784.7213
90 -4788.6853
91 -4792.6122
92 -4796.5105
93 -4800.4608
94 -4804.4781
95 -4808.6411
96 -4812.9616
97 -4817.4901
98 -4822.2125
99 -4827.1366
100 -4832.2081
101 -4837.3857
102 -4842.5792
103 -4847.7081
104 -4852.6692
105 -4857.3557
106 -4861.6704
107 -4865.4905
108 -4868.7672
109 -4871.3450
110 -4873.2822
111 -4874.3813
112 -4874.5479
113 -4873.6887
114 -4874.6022
115 -4874.3901
116 -4874.6099
117 -4874.0940
118 -4874.4657
119 -4874.5650
120 -4874.5938
121 -4874.6037
122 -4874.6074
123 -4874.6086
124 -4874.6093
125 -4874.6096
126 -4874.6098
127 -4874.6098
128 -4874.3986
129 -4874.5995
130 -4874.0678
131 -4874.4304
132 -4874.5382
133 -4874.5744
134 -4874.5885
135 -4874.5945
136 -4874.5971
137 -4874.5983
138 -4874.5989
139 -4874.5992
140 -4874.5994
141 -4874.0877
142 -4874.4405
143 -4874.5429
144 -4874.5766
145 -4874.5895
146 -4874.5949
147 -4874.5973
148 -4874.5983
149 -4874.5988
150 -4874.5991
151 -4874.5993
152 -4874.0974
153 -4874.4460
154 -4874.5454
155 -4874.5778
156 -4874.5900
157 -4874.5951
158 -4874.5974
159 -4874.5982
160 -4874.5988
161 -4874.5990
162 -4874.5991
163 -4874.1282
164 -4874.4552
165 -4874.5495
166 -4874.5797
167 -4874.5909
168 -4874.5955
169 -4874.5975
170 -4874.5982
171 -4874.5987
172 -4874.5989
173 -4874.5990
174 -4874.1275
175 -4874.4561
176 -4874.5499
177 -4874.5798
178 -4874.5909
179 -4874.5954
180 -4874.5974
181 -4874.5982
182 -4874.5986
183 -4874.5988
184 -4874.5989
185 -4874.1268
186 -4874.4570
187 -4874.5503
188 -4874.5799
189 -4874.5909
190 -4874.5954
191 -4874.5973
192 -4874.5981
193 -4874.5985
194 -4874.5987
195 -4874.5988
196 -4874.1262
197 -4874.4579
198 -4874.5506
199 -4874.5800
200 -4874.5909
201 -4874.5953
202 -4874.5972
203 -4874.5980
204 -4874.5984
205 -4874.5986
206 -4874.5987
207 -4874.1255
208 -4874.4587
209 -4874.5510
210 -4874.5801
211 -4874.5907
212 -4874.5952
213 -4874.5971
214 -4874.5979
215 -4874.5983
216 -4874.5985
217 -4874.5986
218 -4874.1255
219 -4874.4536
220 -4874.5485
221 -4874.5788
222 -4874.5901
223 -4874.5947
224 -4874.5969
225 -4874.5978
226 -4874.5982
227 -4874.5984
228 -4874.5985
229 -4874.1248
230 -4874.4545
231 -4874.5488
232 -4874.5788
233 -4874.5901
234 -4874.5946
235 -4874.5968
236 -4874.5978
237 -4874.5981
238 -4874.5983
239 -4874.5984
240 -4874.1241
241 -4874.4554
242 -4874.5492
243 -4874.5789
244 -4874.5901
245 -4874.5945
246 -4874.5967
247 -4874.5977
248 -4874.5980
249 -4874.5982
250 -4874.5983
251 -4874.1234
252 -4874.4563
253 -4874.5496
254 -4874.5791
255 -4874.5901
256 -4874.5945
257 -4874.5967
258 -4874.5976
259 -4874.5979
260 -4874.5981
261 -4874.5982
262 -4874.1228
263 -4874.4571
264 -4874.5499
265 -4874.5792
266 -4874.5901
267 -4874.5944
268 -4874.5965
269 -4874.5975
270 -4874.5979
271 -4874.5980
272 -4874.5981
273 -4874.1222
274 -4874.4580
275 -4874.5504
276 -4874.5793
277 -4874.5900
278 -4874.5944
279 -4874.5965
280 -4874.5974
281 -4874.5978
282 -4874.5979
283 -4874.5980
284 -4874.1222
285 -4874.4516
286 -4874.5472
287 -4874.5778
288 -4874.5893
289 -4874.5939
290 -4874.5962
291 -4874.5972
292 -4874.5977
293 -4874.1195
294 -4874.4513
295 -4874.5468
296 -4874.5773
297 -4874.5889
298 -4874.5935
299 -4874.5957
300 -4874.5967
301 -4874.5972
302 -4874.5975
303 -4874.5976
304 -4874.1190
305 -4874.4523
306 -4874.5472
307 -4874.5775
308 -4874.5889
309 -4874.5934
310 -4874.5957
311 -4874.5966
312 -4874.5971
313 -4874.5974
314 -4874.5975
315 -4874.1184
316 -4874.4532
317 -4874.5476
318 -4874.5775
319 -4874.5889
320 -4874.5934
321 -4874.5956
322 -4874.5965
323 -4874.5970
324 -4874.5972
325 -4874.5974
326 -4874.1177
327 -4874.4541
328 -4874.5481
329 -4874.5777
330 -4874.5888
331 -4874.5933
332 -4874.5955
333 -4874.5964
334 -4874.5969
335 -4874.5971
336 -4874.5972
337 -4874.1172
338 -4874.4550
339 -4874.5485
340 -4874.5778
341 -4874.5888
342 -4874.5932
343 -4874.5955
344 -4874.5963
345 -4874.5968
346 -4874.5970
347 -4874.5971
348 -4874.1173
349 -4874.4486
350 -4874.5451
351 -4874.5763
352 -4874.5880
353 -4874.5928
354 -4874.5952
355 -4874.5962
356 -4874.5966
357 -4874.5969
358 -4874.5970
359 -4874.1166
360 -4874.4495
361 -4874.5455
362 -4874.5764
363 -4874.5880
364 -4874.5928
365 -4874.5951
366 -4874.5961
367 -4874.5965
368 -4874.5968
369 -4874.5969
370 -4874.1160
371 -4874.4504
372 -4874.5460
373 -4874.5765
374 -4874.5880
375 -4874.5927
376 -4874.5947
377 -4874.5960
378 -4874.5964
379 -4874.5967
380 -4874.5968
381 -4874.1153
382 -4874.4514
383 -4874.5463
384 -4874.5766
385 -4874.5880
386 -4874.5926
387 -4874.5947
388 -4874.5959
389 -4874.5963
390 -4874.5965
391 -4874.5967
392 -4874.1147
393 -4874.4523
394 -4874.5468
395 -4874.5767
396 -4874.5880
397 -4874.5926
398 -4874.5946
399 -4874.5958
400 -4874.5962
401 -4874.5964
402 -4874.5966
403 -4874.1141
404 -4874.4532
405 -4874.5471
406 -4874.5768
407 -4874.5880
408 -4874.5925
409 -4874.5945
410 -4874.5957
411 -4874.5961
412 -4874.5963
413 -4874.5965
414 -4874.1135
415 -4874.4541
416 -4874.5475
417 -4874.5769
418 -4874.5880
419 -4874.5926
420 -4874.5944
421 -4874.5956
422 -4874.5960
423 -4874.5962
424 -4874.5963
425 -4874.1136
426 -4874.4463
427 -4874.5436
428 -4874.5751
429 -4874.5871
430 -4874.5921
431 -4874.5941
432 -4874.5954
433 -4874.5959
434 -4874.5961
435 -4874.5962
436 -4874.1130
437 -4874.4472
438 -4874.5441
439 -4874.5752
440 -4874.5870
441 -4874.5920
442 -4874.5940
443 -4874.5953
444 -4874.5958
445 -4874.5960
446 -4874.5961
447 -4874.1123
448 -4874.4482
449 -4874.5444
450 -4874.5753
451 -4874.5870
452 -4874.5919
453 -4874.5940
454 -4874.5952
455 -4874.5956
456 -4874.5959
457 -4874.5960
458 -4874.1117
459 -4874.4491
460 -4874.5448
461 -4874.5754
462 -4874.5870
463 -4874.5919
464 -4874.5939
465 -4874.5948
466 -4874.5956
467 -4874.5958
468 -4874.5959
469 -4874.1111
470 -4874.4500
471 -4874.5452
472 -4874.5756
473 -4874.5870
474 -4874.5918
475 -4874.5938
476 -4874.5948
477 -4874.5954
478 -4874.5956
479 -4874.5958
480 -4874.1105
481 -4874.4509
482 -4874.5456
483 -4874.5757
484 -4874.5870
485 -4874.5918
486 -4874.5937
487 -4874.5946
488 -4874.5953
489 -4874.5956
490 -4874.5957
491 -4874.1099
492 -4874.4519
493 -4874.5461
494 -4874.5758
495 -4874.5870
496 -4874.5917
497 -4874.5936
498 -4874.5945
499 -4874.5953
500 -4874.5955
501 -4874.5956
502 -4874.1100
503 -4874.4440
504 -4874.5422
505 -4874.5739
506 -4874.5861
507 -4874.5912
508 -4874.5933
509 -4874.5943
510 -4874.5948
511 -4874.5953
512 -4874.5954
513 -4874.1094
514 -4874.4449
515 -4874.5425
516 -4874.5740
517 -4874.5860
518 -4874.5911
519 -4874.5932
520 -4874.5942
521 -4874.5947
522 -4874.5952
523 -4874.5953
524 -4874.1087
525 -4874.4458
526 -4874.5429
527 -4874.5742
528 -4874.5860
529 -4874.5909
530 -4874.5931
531 -4874.5941
532 -4874.5946
533 -4874.5951
534 -4874.5952
535 -4874.1080
536 -4874.4468
537 -4874.5433
538 -4874.5743
539 -4874.5860
540 -4874.5909
541 -4874.5930
542 -4874.5940
543 -4874.5945
544 -4874.5947
545 -4874.5951
546 -4874.1074
547 -4874.4478
548 -4874.5438
549 -4874.5744
550 -4874.5860
551 -4874.5908
552 -4874.5929
553 -4874.5939
554 -4874.5944
555 -4874.5946
556 -4874.5948
557 -4874.1068
558 -4874.4487
559 -4874.5442
560 -4874.5745
561 -4874.5860
562 -4874.5908
563 -4874.5929
564 -4874.5938
565 -4874.5943
566 -4874.5945
567 -4874.5946
568 -4874.1062
569 -4874.4497
570 -4874.5446
571 -4874.5746
572 -4874.5860
573 -4874.5907
574 -4874.5928
575 -4874.5937
576 -4874.5942
577 -4874.5944
578 -4874.5945
579 -4874.0808
580 -4874.4388
581 -4874.5392
582 -4874.5720
583 -4874.5846
584 -4874.5900
585 -4874.5924
586 -4874.5935
587 -4874.5940
588 -4874.5943
589 -4874.5944
590 -4874.1057
591 -4874.4413
592 -4874.5404
593 -4874.5726
594 -4874.5849
595 -4874.5901
596 -4874.5924
597 -4874.5934
598 -4874.5939
599 -4874.5942
600 -4874.5943
601 -4874.1050
602 -4874.4423
603 -4874.5408
604 -4874.5727
605 -4874.5849
606 -4874.5899
607 -4874.5923
608 -4874.5933
609 -4874.5938
610 -4874.5940
611 -4874.5941
612 -4874.1044
613 -4874.4433
614 -4874.5413
615 -4874.5728
616 -4874.5848
617 -4874.5899
618 -4874.5922
619 -4874.5932
620 -4874.5937
621 -4874.5939
622 -4874.5940
623 -4874.1037
624 -4874.4442
625 -4874.5417
626 -4874.5729
627 -4874.5848
628 -4874.5899
629 -4874.5921
630 -4874.5931
631 -4874.5936
632 -4874.5938
633 -4874.5939
634 -4874.1031
635 -4874.4452
636 -4874.5421
637 -4874.5731
638 -4874.5848
639 -4874.5898
640 -4874.5920
641 -4874.5930
642 -4874.5935
643 -4874.5937
644 -4874.5938
645 -4874.1025
646 -4874.4461
647 -4874.5425
648 -4874.5732
649 -4874.5848
650 -4874.5897
651 -4874.5919
652 -4874.5928
653 -4874.5934
654 -4874.5936
655 -4874.5937
656 -4874.1019
657 -4874.4471
658 -4874.5430
659 -4874.5733
660 -4874.5848
661 -4874.5896
662 -4874.5919
663 -4874.5927
664 -4874.5932
665 -4874.5935
666 -4874.5936
667 -4874.0767
668 -4874.4363
669 -4874.5376
670 -4874.5706
671 -4874.5835
672 -4874.5889
673 -4874.5915
674 -4874.5925
675 -4874.5931
676 -4874.5933
677 -4874.5935
678 -4874.1015
679 -4874.4387
680 -4874.5386
681 -4874.5713
682 -4874.5837
683 -4874.5890
684 -4874.5914
685 -4874.5925
686 -4874.5929
687 -4874.5932
688 -4874.5933
689 -4874.1009
690 -4874.4397
691 -4874.5390
692 -4874.5714
693 -4874.5837
694 -4874.5889
695 -4874.5913
696 -4874.5924
697 -4874.5928
698 -4874.5931
699 -4874.5932
700 -4874.1002
701 -4874.4406
702 -4874.5395
703 -4874.5715
704 -4874.5837
705 -4874.5888
706 -4874.5912
707 -4874.5923
708 -4874.5927
709 -4874.5930
710 -4874.5931
711 -4874.0996
712 -4874.4416
713 -4874.5399
714 -4874.5716
715 -4874.5837
716 -4874.5887
717 -4874.5911
718 -4874.5922
719 -4874.5926
720 -4874.5928
721 -4874.5929
722 -4874.0989
723 -4874.4426
724 -4874.5404
725 -4874.5718
726 -4874.5837
727 -4874.5886
728 -4874.5909
729 -4874.5921
730 -4874.5926
731 -4874.5927
732 -4874.5928
733 -4874.0983
734 -4874.4435
735 -4874.5408
736 -4874.5719
737 -4874.5837
738 -4874.5886
739 -4874.5908
740 -4874.5920
741 -4874.5925
742 -4874.5926
743 -4874.5927
744 -4874.0977
745 -4874.4445
746 -4874.5412
747 -4874.5721
748 -4874.5837
749 -4874.5885
750 -4874.5907
751 -4874.5919
752 -4874.5924
753 -4874.5926
754 -4874.5926
755 -4874.0726
756 -4874.4338
757 -4874.5360
758 -4874.5694
759 -4874.5823
760 -4874.5878
761 -4874.5903
762 -4874.5916
763 -4874.5922
764 -4874.5924
765 -4874.5926
766 -4874.0720
767 -4874.4349
768 -4874.5365
769 -4874.5696
770 -4874.5823
771 -4874.5878
772 -4874.5902
773 -4874.5915
774 -4874.5920
775 -4874.5923
776 -4874.5925
777 -4874.0969
778 -4874.4357
779 -4874.5364
780 -4874.5697
781 -4874.5824
782 -4874.5877
783 -4874.5901
784 -4874.5914
785 -4874.5919
786 -4874.5922
787 -4874.5923
788 -4874.0962
789 -4874.4367
790 -4874.5368
791 -4874.5698
792 -4874.5824
793 -4874.5876
794 -4874.5900
795 -4874.5913
796 -4874.5918
797 -4874.5921
798 -4874.5922
799 -4874.0955
800 -4874.4377
801 -4874.5373
802 -4874.5700
803 -4874.5824
804 -4874.5875
805 -4874.5899
806 -4874.5912
807 -4874.5917
808 -4874.5920
809 -4874.5921
810 -4874.0949
811 -4874.4387
812 -4874.5377
813 -4874.5701
814 -4874.5824
815 -4874.5875
816 -4874.5899
817 -4874.5909
818 -4874.5916
819 -4874.5918
820 -4874.5919
821 -4874.0942
822 -4874.4397
823 -4874.5382
824 -4874.5702
825 -4874.5824
826 -4874.5874
827 -4874.5898
828 -4874.5908
829 -4874.5914
830 -4874.5917
831 -4874.5918
832 -4874.0936
833 -4874.4407
834 -4874.5387
835 -4874.5704
836 -4874.5824
837 -4874.5874
838 -4874.5897
839 -4874.5907
840 -4874.5914
841 -4874.5916
842 -4874.5917
843 -4874.0930
844 -4874.4417
845 -4874.5392
846 -4874.5705
847 -4874.5824
848 -4874.5873
849 -4874.5896
850 -4874.5906
851 -4874.5912
852 -4874.5915
853 -4874.5916
854 -4874.0680
855 -4874.4310
856 -4874.5340
857 -4874.5679
858 -4874.5810
859 -4874.5866
860 -4874.5892
861 -4874.5904
862 -4874.5911
863 -4874.5913
864 -4874.5915
865 -4874.0674
866 -4874.4322
867 -4874.5346
868 -4874.5681
869 -4874.5811
870 -4874.5866
871 -4874.5891
872 -4874.5903
873 -4874.5908
874 -4874.5912
875 -4874.5913
876 -4874.0922
877 -4874.4327
878 -4874.5343
879 -4874.5682
880 -4874.5811
881 -4874.5864
882 -4874.5889
883 -4874.5901
884 -4874.5907
885 -4874.5910
886 -4874.5912
887 -4874.0915
888 -4874.4337
889 -4874.5347
890 -4874.5683
891 -4874.5810
892 -4874.5864
893 -4874.5888
894 -4874.5900
895 -4874.5905
896 -4874.5908
897 -4874.5909
898 -4874.0908
899 -4874.4348
900 -4874.5352
901 -4874.5685
902 -4874.5810
903 -4874.5863
904 -4874.5887
905 -4874.5899
906 -4874.5904
907 -4874.5907
908 -4874.5908
909 -4874.0902
910 -4874.4358
911 -4874.5357
912 -4874.5686
913 -4874.5810
914 -4874.5863
915 -4874.5886
916 -4874.5898
917 -4874.5903
918 -4874.5906
919 -4874.5907
920 -4874.0895
921 -4874.4368
922 -4874.5361
923 -4874.5686
924 -4874.5810
925 -4874.5862
926 -4874.5885
927 -4874.5897
928 -4874.5902
929 -4874.5904
930 -4874.5905
931 -4874.0889
932 -4874.4378
933 -4874.5366
934 -4874.5688
935 -4874.5810
936 -4874.5861
937 -4874.5884
938 -4874.5895
939 -4874.5900
940 -4874.5903
941 -4874.5904
942 -4874.0883
943 -4874.4388
944 -4874.5371
945 -4874.5689
946 -4874.5810
947 -4874.5861
948 -4874.5883
949 -4874.5894
950 -4874.5899
951 -4874.5902
952 -4874.5903
953 -4874.0634
954 -4874.4282
955 -4874.5319
956 -4874.5663
957 -4874.5797
958 -4874.5854
959 -4874.5879
960 -4874.5892
961 -4874.5898
962 -4874.5900
963 -4874.5902
964 -4874.0629
965 -4874.4294
966 -4874.5325
967 -4874.5665
968 -4874.5797
969 -4874.5853
970 -4874.5878
971 -4874.5891
972 -4874.5897
973 -4874.5899
974 -4874.5900
975 -4874.0875
976 -4874.4297
977 -4874.5322
978 -4874.5667
979 -4874.5795
980 -4874.5851
981 -4874.5877
982 -4874.5889
983 -4874.5895
984 -4874.5898
985 -4874.5899
986 -4874.0867
987 -4874.4308
988 -4874.5327
989 -4874.5669
990 -4874.5795
991 -4874.5850
992 -4874.5876
993 -4874.5887
994 -4874.5894
995 -4874.5897
996 -4874.5898
997 -4874.0861
998 -4874.4318
999 -4874.5331
1000 -4874.5670
1001 -4874.5795
1002 -4874.5850
1003 -4874.5875
1004 -4874.5886
1005 -4874.5892
1006 -4874.5895
1007 -4874.5897
1008 -4874.0854
1009 -4874.4328
1010 -4874.5336
1011 -4874.5671
1012 -4874.5795
1013 -4874.5849
1014 -4874.5874
1015 -4874.5885
1016 -4874.5891
1017 -4874.5894
1018 -4874.5895
1019 -4874.0848
1020 -4874.4338
1021 -4874.5341
1022 -4874.5673
1023 -4874.5795
1024 -4874.5848
1025 -4874.5873
1026 -4874.5884
1027 -4874.5890
1028 -4874.5893
1029 -4874.5894
1030 -4874.0841
1031 -4874.4348
1032 -4874.5346
1033 -4874.5674
1034 -4874.5795
1035 -4874.5848
1036 -4874.5872
1037 -4874.5883
1038 -4874.5889
1039 -4874.5891
1040 -4874.5893
1041 -4874.0835
1042 -4874.4359
1043 -4874.5350
1044 -4874.5676
1045 -4874.5795
1046 -4874.5847
1047 -4874.5871
1048 -4874.5882
1049 -4874.5887
1050 -4874.5890
1051 -4874.5891
1052 -4874.0588
1053 -4874.4254
1054 -4874.5299
1055 -4874.5650
1056 -4874.5781
1057 -4874.5840
1058 -4874.5867
1059 -4874.5879
1060 -4874.5885
1061 -4874.5889
1062 -4874.5890
1063 -4874.0582
1064 -4874.4266
1065 -4874.5305
1066 -4874.5652
1067 -4874.5782
1068 -4874.5839
1069 -4874.5866
1070 -4874.5878
1071 -4874.5884
1072 -4874.5887
1073 -4874.5889
1074 -4874.0828
1075 -4874.4265
1076 -4874.5302
1077 -4874.5651
1078 -4874.5781
1079 -4874.5838
1080 -4874.5864
1081 -4874.5877
1082 -4874.5883
1083 -4874.5885
1084 -4874.5887
1085 -4874.0821
1086 -4874.4275
1087 -4874.5306
1088 -4874.5653
1089 -4874.5780
1090 -4874.5837
1091 -4874.5863
1092 -4874.5875
1093 -4874.5881
1094 -4874.5884
1095 -4874.5885
1096 -4874.0814
1097 -4874.4286
1098 -4874.5311
1099 -4874.5655
1100 -4874.5780
1101 -4874.5837
1102 -4874.5862
1103 -4874.5874
1104 -4874.5880
1105 -4874.5883
1106 -4874.5884
1107 -4874.0807
1108 -4874.4298
1109 -4874.5316
1110 -4874.5656
1111 -4874.5781
1112 -4874.5836
1113 -4874.5861
1114 -4874.5873
1115 -4874.5879
1116 -4874.5881
1117 -4874.5883
1118 -4874.0801
1119 -4874.4308
1120 -4874.5321
1121 -4874.5658
1122 -4874.5781
1123 -4874.5835
1124 -4874.5860
1125 -4874.5872
1126 -4874.5877
1127 -4874.5880
1128 -4874.5881
1129 -4874.0794
1130 -4874.4319
1131 -4874.5326
1132 -4874.5659
1133 -4874.5781
1134 -4874.5835
1135 -4874.5859
1136 -4874.5871
1137 -4874.5876
1138 -4874.5879
1139 -4874.5880
1140 -4874.0789
1141 -4874.4330
1142 -4874.5330
1143 -4874.5661
1144 -4874.5781
1145 -4874.5834
1146 -4874.5858
1147 -4874.5869
1148 -4874.5875
1149 -4874.5877
1150 -4874.5879
1151 -4874.0542
1152 -4874.4226
1153 -4874.5280
1154 -4874.5634
1155 -4874.5768
1156 -4874.5827
1157 -4874.5854
1158 -4874.5867
1159 -4874.5873
1160 -4874.5876
1161 -4874.5878
1162 -4874.0536
1163 -4874.4237
1164 -4874.5285
1165 -4874.5636
1166 -4874.5768
1167 -4874.5827
1168 -4874.5853
1169 -4874.5866
1170 -4874.5872
1171 -4874.5874
1172 -4874.5876
1173 -4874.0780
1174 -4874.4236
1175 -4874.5282
1176 -4874.5635
1177 -4874.5766
1178 -4874.5825
1179 -4874.5851
1180 -4874.5864
1181 -4874.5870
1182 -4874.5873
1183 -4874.5875
1184 -4874.0775
1185 -4874.4246
1186 -4874.5286
1187 -4874.5636
1188 -4874.5766
1189 -4874.5825
1190 -4874.5850
1191 -4874.5863
1192 -4874.5869
1193 -4874.5872
1194 -4874.5873
1195 -4874.0768
1196 -4874.4257
1197 -4874.5292
1198 -4874.5638
1199 -4874.5766
1200 -4874.5824
1201 -4874.5849
1202 -4874.5862
1203 -4874.5867
1204 -4874.5870
1205 -4874.5872
1206 -4874.0761
1207 -4874.4267
1208 -4874.5297
1209 -4874.5640
1210 -4874.5766
1211 -4874.5823
1212 -4874.5848
1213 -4874.5860
1214 -4874.5866
1215 -4874.5869
1216 -4874.5870
1217 -4874.0754
1218 -4874.4277
1219 -4874.5302
1220 -4874.5641
1221 -4874.5766
1222 -4874.5823
1223 -4874.5847
1224 -4874.5859
1225 -4874.5865
1226 -4874.5868
1227 -4874.5869
1228 -4874.0745
1229 -4874.4288
1230 -4874.5307
1231 -4874.5642
1232 -4874.5766
1233 -4874.5822
1234 -4874.5846
1235 -4874.5858
1236 -4874.5864
1237 -4874.5866
1238 -4874.5868
1239 -4874.0739
1240 -4874.4298
1241 -4874.5310
1242 -4874.5644
1243 -4874.5766
1244 -4874.5821
1245 -4874.5845
1246 -4874.5857
1247 -4874.5863
1248 -4874.5865
1249 -4874.5866
1250 -4874.0494
1251 -4874.4196
1252 -4874.5260
1253 -4874.5619
1254 -4874.5753
1255 -4874.5815
1256 -4874.5841
1257 -4874.5854
1258 -4874.5861
1259 -4874.5864
1260 -4874.5865
1261 -4874.0488
1262 -4874.4209
1263 -4874.5266
1264 -4874.5621
1265 -4874.5754
1266 -4874.5814
1267 -4874.5840
1268 -4874.5853
1269 -4874.5859
1270 -4874.5862
1271 -4874.5863
1272 -4874.0731
1273 -4874.4205
1274 -4874.5260
1275 -4874.5618
1276 -4874.5751
1277 -4874.5812
1278 -4874.5838
1279 -4874.5851
1280 -4874.5858
1281 -4874.5861
1282 -4874.5862
1283 -4874.0724
1284 -4874.4216
1285 -4874.5265
1286 -4874.5619
1287 -4874.5751
1288 -4874.5811
1289 -4874.5837
1290 -4874.5850
1291 -4874.5856
1292 -4874.5859
1293 -4874.5861
1294 -4874.0717
1295 -4874.4227
1296 -4874.5270
1297 -4874.5621
1298 -4874.5751
1299 -4874.5810
1300 -4874.5836
1301 -4874.5848
1302 -4874.5855
1303 -4874.5858
1304 -4874.5859
1305 -4874.0710
1306 -4874.4237
1307 -4874.5275
1308 -4874.5623
1309 -4874.5751
1310 -4874.5810
1311 -4874.5835
1312 -4874.5847
1313 -4874.5854
1314 -4874.5856
1315 -4874.5858
1316 -4874.0704
1317 -4874.4248
1318 -4874.5281
1319 -4874.5624
1320 -4874.5751
1321 -4874.5809
1322 -4874.5834
1323 -4874.5846
1324 -4874.5852
1325 -4874.5855
1326 -4874.5856
1327 -4874.0697
1328 -4874.4259
1329 -4874.5286
1330 -4874.5626
1331 -4874.5751
1332 -4874.5808
1333 -4874.5833
1334 -4874.5845
1335 -4874.5850
1336 -4874.5854
1337 -4874.5855
1338 -4874.0691
1339 -4874.4270
1340 -4874.5291
1341 -4874.5627
1342 -4874.5752
1343 -4874.5808
1344 -4874.5832
1345 -4874.5844
1346 -4874.5849
1347 -4874.5853
1348 -4874.5854
1349 -4874.0447
1350 -4874.4166
1351 -4874.5241
1352 -4874.5602
1353 -4874.5739
1354 -4874.5801
1355 -4874.5828
1356 -4874.5841
1357 -4874.5847
1358 -4874.5850
1359 -4874.5852
1360 -4874.0442
1361 -4874.4178
1362 -4874.5247
1363 -4874.5605
1364 -4874.5739
1365 -4874.5799
1366 -4874.5827
1367 -4874.5840
1368 -4874.5846
1369 -4874.5849
1370 -4874.5850
1371 -4874.0684
1372 -4874.4172
1373 -4874.5239
1374 -4874.5599
1375 -4874.5736
1376 -4874.5796
1377 -4874.5825
1378 -4874.5838
1379 -4874.5844
1380 -4874.5847
1381 -4874.5849
1382 -4874.0677
1383 -4874.4184
1384 -4874.5244
1385 -4874.5602
1386 -4874.5736
1387 -4874.5796
1388 -4874.5824
1389 -4874.5837
1390 -4874.5843
1391 -4874.5846
1392 -4874.5847
1393 -4874.0670
1394 -4874.4197
1395 -4874.5248
1396 -4874.5604
1397 -4874.5736
1398 -4874.5795
1399 -4874.5823
1400 -4874.5835
1401 -4874.5841
1402 -4874.5844
1403 -4874.5846
1404 -4874.0663
1405 -4874.4207
1406 -4874.5254
1407 -4874.5606
1408 -4874.5736
1409 -4874.5794
1410 -4874.5822
1411 -4874.5834
1412 -4874.5840
1413 -4874.5843
1414 -4874.5844
1415 -4874.0656
1416 -4874.4218
1417 -4874.5259
1418 -4874.5607
1419 -4874.5736
1420 -4874.5794
1421 -4874.5821
1422 -4874.5833
1423 -4874.5839
1424 -4874.5842
1425 -4874.5843
1426 -4874.0650
1427 -4874.4229
1428 -4874.5264
1429 -4874.5609
1430 -4874.5737
1431 -4874.5794
1432 -4874.5820
1433 -4874.5832
1434 -4874.5837
1435 -4874.5840
1436 -4874.5842
1437 -4874.0644
1438 -4874.4240
1439 -4874.5269
1440 -4874.5611
1441 -4874.5736
1442 -4874.5793
1443 -4874.5819
1444 -4874.5830
1445 -4874.5836
1446 -4874.5839
1447 -4874.5840
1448 -4874.0401
1449 -4874.4138
1450 -4874.5220
1451 -4874.5586
1452 -4874.5724
1453 -4874.5787
1454 -4874.5815
1455 -4874.5828
1456 -4874.5834
1457 -4874.5837
1458 -4874.5839
1459 -4874.0395
1460 -4874.4151
1461 -4874.5226
1462 -4874.5588
1463 -4874.5724
1464 -4874.5786
1465 -4874.5814
1466 -4874.5827
1467 -4874.5833
1468 -4874.5836
1469 -4874.5837
1470 -4874.0636
1471 -4874.4142
1472 -4874.5215
1473 -4874.5581
1474 -4874.5722
1475 -4874.5782
1476 -4874.5812
1477 -4874.5825
1478 -4874.5831
1479 -4874.5834
1480 -4874.5836
1481 -4874.0628
1482 -4874.4152
1483 -4874.5221
1484 -4874.5583
1485 -4874.5722
1486 -4874.5781
1487 -4874.5811
1488 -4874.5824
1489 -4874.5830
1490 -4874.5833
1491 -4874.5834
1492 -4874.0622
1493 -4874.4164
1494 -4874.5227
1495 -4874.5585
1496 -4874.5722
1497 -4874.5781
1498 -4874.5810
1499 -4874.5823
1500 -4874.5828
1501 -4874.5831
1502 -4874.5833
1503 -4874.0615
1504 -4874.4175
1505 -4874.5233
1506 -4874.5587
1507 -4874.5722
1508 -4874.5780
1509 -4874.5809
1510 -4874.5821
1511 -4874.5827
1512 -4874.5830
1513 -4874.5831
1514 -4874.0608
1515 -4874.4186
1516 -4874.5238
1517 -4874.5589
1518 -4874.5722
1519 -4874.5779
1520 -4874.5806
1521 -4874.5820
1522 -4874.5826
1523 -4874.5829
1524 -4874.5830
1525 -4874.0602
1526 -4874.4197
1527 -4874.5244
1528 -4874.5590
1529 -4874.5723
1530 -4874.5779
1531 -4874.5805
1532 -4874.5819
1533 -4874.5825
1534 -4874.5828
1535 -4874.5829
1536 -4874.0596
1537 -4874.4211
1538 -4874.5249
1539 -4874.5592
1540 -4874.5722
1541 -4874.5778
1542 -4874.5804
1543 -4874.5818
1544 -4874.5823
1545 -4874.5826
1546 -4874.5828
1547 -4874.0354
1548 -4874.4109
1549 -4874.5199
1550 -4874.5568
1551 -4874.5710
1552 -4874.5771
1553 -4874.5801
1554 -4874.5815
1555 -4874.5822
1556 -4874.5825
1557 -4874.5826
1558 -4874.0348
1559 -4874.4122
1560 -4874.5206
1561 -4874.5570
1562 -4874.5711
1563 -4874.5771
1564 -4874.5800
1565 -4874.5814
1566 -4874.5820
1567 -4874.5823
1568 -4874.5825
1569 -4874.0588
1570 -4874.4110
1571 -4874.5193
1572 -4874.5564
1573 -4874.5707
1574 -4874.5767
1575 -4874.5796
1576 -4874.5812
1577 -4874.5819
1578 -4874.5822
1579 -4874.5823
1580 -4874.0581
1581 -4874.4121
1582 -4874.5198
1583 -4874.5566
1584 -4874.5707
1585 -4874.5767
1586 -4874.5795
1587 -4874.5811
1588 -4874.5817
1589 -4874.5820
1590 -4874.5822
1591 -4874.0574
1592 -4874.4133
1593 -4874.5204
1594 -4874.5567
1595 -4874.5707
1596 -4874.5766
1597 -4874.5794
1598 -4874.5809
1599 -4874.5815
1600 -4874.5818
1601 -4874.5820
1602 -4874.0567
1603 -4874.4144
1604 -4874.5209
1605 -4874.5569
1606 -4874.5707
1607 -4874.5766
1608 -4874.5794
1609 -4874.5808
1610 -4874.5814
1611 -4874.5817
1612 -4874.5819
1613 -4874.0561
1614 -4874.4155
1615 -4874.5215
1616 -4874.5571
1617 -4874.5707
1618 -4874.5765
1619 -4874.5793
1620 -4874.5805
1621 -4874.5813
1622 -4874.5816
1623 -4874.5817
1624 -4874.0554
1625 -4874.4167
1626 -4874.5220
1627 -4874.5573
1628 -4874.5707
1629 -4874.5764
1630 -4874.5792
1631 -4874.5804
1632 -4874.5811
1633 -4874.5814
1634 -4874.5816
1635 -4874.0548
1636 -4874.4178
1637 -4874.5227
1638 -4874.5575
1639 -4874.5707
1640 -4874.5764
1641 -4874.5791
1642 -4874.5803
1643 -4874.5810
1644 -4874.5813
1645 -4874.5814
1646 -4874.0306
1647 -4874.4078
1648 -4874.5179
1649 -4874.5551
1650 -4874.5695
1651 -4874.5757
1652 -4874.5786
1653 -4874.5800
1654 -4874.5808
1655 -4874.5811
1656 -4874.5813
1657 -4874.0300
1658 -4874.4090
1659 -4874.5185
1660 -4874.5553
1661 -4874.5695
1662 -4874.5756
1663 -4874.5785
1664 -4874.5799
1665 -4874.5807
1666 -4874.5810
1667 -4874.5811
1668 -4874.0539
1669 -4874.4079
1670 -4874.5170
1671 -4874.5545
1672 -4874.5692
1673 -4874.5753
1674 -4874.5782
1675 -4874.5796
1676 -4874.5804
1677 -4874.5808
1678 -4874.5810
1679 -4874.0532
1680 -4874.4090
1681 -4874.5176
1682 -4874.5547
1683 -4874.5692
1684 -4874.5753
1685 -4874.5781
1686 -4874.5795
1687 -4874.5802
1688 -4874.5805
1689 -4874.5808
1690 -4874.0525
1691 -4874.4102
1692 -4874.5182
1693 -4874.5549
1694 -4874.5692
1695 -4874.5752
1696 -4874.5780
1697 -4874.5794
1698 -4874.5801
1699 -4874.5804
1700 -4874.5805
1701 -4874.0518
1702 -4874.4114
1703 -4874.5187
1704 -4874.5551
1705 -4874.5692
1706 -4874.5751
1707 -4874.5779
1708 -4874.5794
1709 -4874.5799
1710 -4874.5803
1711 -4874.5804
1712 -4874.0512
1713 -4874.4125
1714 -4874.5193
1715 -4874.5553
1716 -4874.5692
1717 -4874.5750
1718 -4874.5778
1719 -4874.5792
1720 -4874.5797
1721 -4874.5801
1722 -4874.5803
1723 -4874.0505
1724 -4874.4136
1725 -4874.5199
1726 -4874.5555
1727 -4874.5692
1728 -4874.5750
1729 -4874.5777
1730 -4874.5791
1731 -4874.5796
1732 -4874.5799
1733 -4874.5801
1734 -4874.0499
1735 -4874.4148
1736 -4874.5204
1737 -4874.5557
1738 -4874.5693
1739 -4874.5749
1740 -4874.5776
1741 -4874.5789
1742 -4874.5795
1743 -4874.5797
1744 -4874.5799
1745 -4874.0259
1746 -4874.4048
1747 -4874.5156
1748 -4874.5532
1749 -4874.5681
1750 -4874.5742
1751 -4874.5772
1752 -4874.5786
1753 -4874.5793
1754 -4874.5796
1755 -4874.5797
1756 -4874.0253
1757 -4874.4061
1758 -4874.5163
1759 -4874.5535
1760 -4874.5681
1761 -4874.5742
1762 -4874.5771
1763 -4874.5785
1764 -4874.5793
1765 -4874.5794
1766 -4874.5796
1767 -4874.0491
1768 -4874.4047
1769 -4874.5147
1770 -4874.5528
1771 -4874.5677
1772 -4874.5738
1773 -4874.5768
1774 -4874.5782
1775 -4874.5790
1776 -4874.5793
1777 -4874.5795
1778 -4874.0484
1779 -4874.4059
1780 -4874.5153
1781 -4874.5530
1782 -4874.5677
1783 -4874.5738
1784 -4874.5767
1785 -4874.5781
1786 -4874.5788
1787 -4874.5792
1788 -4874.5793
1789 -4874.0477
1790 -4874.4071
1791 -4874.5159
1792 -4874.5531
1793 -4874.5678
1794 -4874.5737
1795 -4874.5766
1796 -4874.5779
1797 -4874.5786
1798 -4874.5791
1799 -4874.5792
1800 -4874.0469
1801 -4874.4082
1802 -4874.5165
1803 -4874.5533
1804 -4874.5678
1805 -4874.5736
1806 -4874.5765
1807 -4874.5778
1808 -4874.5785
1809 -4874.5788
1810 -4874.5791
1811 -4874.0463
1812 -4874.4094
1813 -4874.5171
1814 -4874.5535
1815 -4874.5678
1816 -4874.5736
1817 -4874.5764
1818 -4874.5777
1819 -4874.5783
1820 -4874.5787
1821 -4874.5788
1822 -4874.0457
1823 -4874.4106
1824 -4874.5176
1825 -4874.5537
1826 -4874.5678
1827 -4874.5736
1828 -4874.5763
1829 -4874.5775
1830 -4874.5782
1831 -4874.5785
1832 -4874.5786
1833 -4874.0450
1834 -4874.4117
1835 -4874.5182
1836 -4874.5539
1837 -4874.5678
1838 -4874.5735
1839 -4874.5762
1840 -4874.5774
1841 -4874.5780
1842 -4874.5784
1843 -4874.5785
1844 -4874.0211
1845 -4874.4019
1846 -4874.5135
1847 -4874.5515
1848 -4874.5666
1849 -4874.5729
1850 -4874.5758
1851 -4874.5772
1852 -4874.5778
1853 -4874.5782
1854 -4874.5784
1855 -4874.0206
1856 -4874.4032
1857 -4874.5141
1858 -4874.5517
1859 -4874.5667
1860 -4874.5729
1861 -4874.5757
1862 -4874.5770
1863 -4874.5777
1864 -4874.5780
1865 -4874.5782
1866 -4874.0442
1867 -4874.4013
1868 -4874.5124
1869 -4874.5509
1870 -4874.5662
1871 -4874.5724
1872 -4874.5754
1873 -4874.5768
1874 -4874.5775
1875 -4874.5778
1876 -4874.5780
1877 -4874.0435
1878 -4874.4028
1879 -4874.5130
1880 -4874.5511
1881 -4874.5662
1882 -4874.5724
1883 -4874.5752
1884 -4874.5767
1885 -4874.5774
1886 -4874.5777
1887 -4874.5779
1888 -4874.0428
1889 -4874.4039
1890 -4874.5136
1891 -4874.5513
1892 -4874.5662
1893 -4874.5723
1894 -4874.5751
1895 -4874.5765
1896 -4874.5772
1897 -4874.5775
1898 -4874.5777
1899 -4874.0421
1900 -4874.4051
1901 -4874.5142
1902 -4874.5515
1903 -4874.5663
1904 -4874.5722
1905 -4874.5750
1906 -4874.5764
1907 -4874.5770
1908 -4874.5774
1909 -4874.5775
1910 -4874.0414
1911 -4874.4063
1912 -4874.5148
1913 -4874.5517
1914 -4874.5663
1915 -4874.5722
1916 -4874.5749
1917 -4874.5762
1918 -4874.5769
1919 -4874.5772
1920 -4874.5774
1921 -4874.0408
1922 -4874.4075
1923 -4874.5154
1924 -4874.5519
1925 -4874.5663
1926 -4874.5721
1927 -4874.5748
1928 -4874.5761
1929 -4874.5768
1930 -4874.5771
1931 -4874.5772
1932 -4874.0402
1933 -4874.4087
1934 -4874.5160
1935 -4874.5522
1936 -4874.5663
1937 -4874.5720
1938 -4874.5747
1939 -4874.5760
1940 -4874.5766
1941 -4874.5769
1942 -4874.5771
1943 -4874.0164
1944 -4874.3989
1945 -4874.5113
1946 -4874.5498
1947 -4874.5651
1948 -4874.5714
1949 -4874.5743
1950 -4874.5757
1951 -4874.5764
1952 -4874.5768
1953 -4874.5769
1954 -4874.0158
1955 -4874.4002
1956 -4874.5119
1957 -4874.5501
1958 -4874.5651
1959 -4874.5713
1960 -4874.5742
1961 -4874.5756
1962 -4874.5763
1963 -4874.5766
1964 -4874.5768
1965 -4874.0393
1966 -4874.3981
1967 -4874.5101
1968 -4874.5490
1969 -4874.5646
1970 -4874.5709
1971 -4874.5739
1972 -4874.5754
1973 -4874.5761
1974 -4874.5764
1975 -4874.5766
1976 -4874.0386
1977 -4874.3993
1978 -4874.5107
1979 -4874.5492
1980 -4874.5646
1981 -4874.5708
1982 -4874.5737
1983 -4874.5752
1984 -4874.5759
1985 -4874.5763
1986 -4874.5764
1987 -4874.0380
1988 -4874.4005
1989 -4874.5114
1990 -4874.5494
1991 -4874.5646
1992 -4874.5707
1993 -4874.5736
1994 -4874.5751
1995 -4874.5758
1996 -4874.5761
1997 -4874.5763
1998 -4874.0373
1999 -4874.4018
2000 -4874.5119
2001 -4874.5496
2002 -4874.5646
2003 -4874.5707
2004 -4874.5735
2005 -4874.5749
2006 -4874.5756
2007 -4874.5759
2008 -4874.5761
2009 -4874.0366
2010 -4874.4030
2011 -4874.5125
2012 -4874.5499
2013 -4874.5646
2014 -4874.5706
2015 -4874.5735
2016 -4874.5748
2017 -4874.5754
2018 -4874.5758
2019 -4874.5760
2020 -4874.0359
2021 -4874.4044
2022 -4874.5131
2023 -4874.5501
2024 -4874.5647
2025 -4874.5706
2026 -4874.5734
2027 -4874.5747
2028 -4874.5753
2029 -4874.5756
2030 -4874.5758
2031 -4874.0353
2032 -4874.4056
2033 -4874.5137
2034 -4874.5503
2035 -4874.5647
2036 -4874.5705
2037 -4874.5733
2038 -4874.5745
2039 -4874.5752
2040 -4874.5755
2041 -4874.5757
2042 -4874.0117
2043 -4874.3959
2044 -4874.5091
2045 -4874.5479
2046 -4874.5635
2047 -4874.5698
2048 -4874.5729
2049 -4874.5743
2050 -4874.5750
2051 -4874.5753
2052 -4874.5755
2053 -4874.0110
2054 -4874.3972
2055 -4874.5098
2056 -4874.5482
2057 -4874.5635
2058 -4874.5698
2059 -4874.5728
2060 -4874.5741
2061 -4874.5748
2062 -4874.5752
2063 -4874.5754
2064 -4874.0345
2065 -4874.3949
2066 -4874.5077
2067 -4874.5472
2068 -4874.5629
2069 -4874.5695
2070 -4874.5725
2071 -4874.5738
2072 -4874.5746
2073 -4874.5750
2074 -4874.5752
2075 -4874.0338
2076 -4874.3962
2077 -4874.5083
2078 -4874.5474
2079 -4874.5629
2080 -4874.5693
2081 -4874.5724
2082 -4874.5737
2083 -4874.5744
2084 -4874.5748
2085 -4874.5750
2086 -4874.0331
2087 -4874.3974
2088 -4874.5090
2089 -4874.5476
2090 -4874.5629
2091 -4874.5693
2092 -4874.5722
2093 -4874.5736
2094 -4874.5743
2095 -4874.5746
2096 -4874.5748
2097 -4874.0324
2098 -4874.3986
2099 -4874.5096
2100 -4874.5478
2101 -4874.5629
2102 -4874.5692
2103 -4874.5721
2104 -4874.5736
2105 -4874.5742
2106 -4874.5745
2107 -4874.5747
2108 -4874.0317
2109 -4874.3998
2110 -4874.5102
2111 -4874.5480
2112 -4874.5630
2113 -4874.5692
2114 -4874.5720
2115 -4874.5734
2116 -4874.5740
2117 -4874.5743
2118 -4874.5745
2119 -4874.0311
2120 -4874.4010
2121 -4874.5108
2122 -4874.5482
2123 -4874.5630
2124 -4874.5691
2125 -4874.5719
2126 -4874.5733
2127 -4874.5738
2128 -4874.5742
2129 -4874.5743
2130 -4874.0305
2131 -4874.4022
2132 -4874.5114
2133 -4874.5485
2134 -4874.5630
2135 -4874.5691
2136 -4874.5718
2137 -4874.5732
2138 -4874.5737
2139 -4874.5740
2140 -4874.5742
2141 -4874.0069
2142 -4874.3926
2143 -4874.5068
2144 -4874.5461
2145 -4874.5618
2146 -4874.5684
2147 -4874.5714
2148 -4874.5729
2149 -4874.5735
2150 -4874.5738
2151 -4874.5740
2152 -4874.0063
2153 -4874.3942
2154 -4874.5075
2155 -4874.5464
2156 -4874.5619
2157 -4874.5685
2158 -4874.5713
2159 -4874.5728
2160 -4874.5735
2161 -4874.5737
2162 -4874.5739
2163 -4874.0296
2164 -4874.3916
2165 -4874.5053
2166 -4874.5453
2167 -4874.5612
2168 -4874.5680
2169 -4874.5709
2170 -4874.5725
2171 -4874.5732
2172 -4874.5735
2173 -4874.5737
2174 -4874.0289
2175 -4874.3929
2176 -4874.5060
2177 -4874.5456
2178 -4874.5612
2179 -4874.5679
2180 -4874.5708
2181 -4874.5723
2182 -4874.5731
2183 -4874.5735
2184 -4874.5735
2185 -4874.0282
2186 -4874.3941
2187 -4874.5066
2188 -4874.5458
2189 -4874.5612
2190 -4874.5678
2191 -4874.5707
2192 -4874.5722
2193 -4874.5729
2194 -4874.5733
2195 -4874.5735
2196 -4874.0275
2197 -4874.3954
2198 -4874.5072
2199 -4874.5460
2200 -4874.5613
2201 -4874.5678
2202 -4874.5706
2203 -4874.5720
2204 -4874.5727
2205 -4874.5731
2206 -4874.5733
2207 -4874.0269
2208 -4874.3967
2209 -4874.5078
2210 -4874.5462
2211 -4874.5613
2212 -4874.5677
2213 -4874.5705
2214 -4874.5719
2215 -4874.5726
2216 -4874.5729
2217 -4874.5731
2218 -4874.0262
2219 -4874.3979
2220 -4874.5085
2221 -4874.5465
2222 -4874.5613
2223 -4874.5676
2224 -4874.5704
2225 -4874.5717
2226 -4874.5724
2227 -4874.5728
2228 -4874.5729
2229 -4874.0256
2230 -4874.3991
2231 -4874.5091
2232 -4874.5467
2233 -4874.5614
2234 -4874.5676
2235 -4874.5703
2236 -4874.5716
2237 -4874.5723
2238 -4874.5726
2239 -4874.5728
2240 -4874.0022
2241 -4874.3895
2242 -4874.5045
2243 -4874.5443
2244 -4874.5602
2245 -4874.5669
2246 -4874.5699
2247 -4874.5714
2248 -4874.5721
2249 -4874.5725
2250 -4874.5726
2251 -4874.0016
2252 -4874.3909
2253 -4874.5052
2254 -4874.5446
2255 -4874.5602
2256 -4874.5669
2257 -4874.5698
2258 -4874.5713
2259 -4874.5720
2260 -4874.5723
2261 -4874.5725
2262 -4874.0248
2263 -4874.3884
2264 -4874.5029
2265 -4874.5434
2266 -4874.5594
2267 -4874.5665
2268 -4874.5695
2269 -4874.5709
2270 -4874.5717
2271 -4874.5721
2272 -4874.5723
2273 -4874.0241
2274 -4874.3896
2275 -4874.5036
2276 -4874.5436
2277 -4874.5594
2278 -4874.5664
2279 -4874.5694
2280 -4874.5708
2281 -4874.5715
2282 -4874.5719
2283 -4874.5721
2284 -4874.0234
2285 -4874.3909
2286 -4874.5042
2287 -4874.5439
2288 -4874.5594
2289 -4874.5663
2290 -4874.5692
2291 -4874.5707
2292 -4874.5714
2293 -4874.5717
2294 -4874.5719
2295 -4874.0227
2296 -4874.3922
2297 -4874.5049
2298 -4874.5441
2299 -4874.5595
2300 -4874.5663
2301 -4874.5691
2302 -4874.5705
2303 -4874.5712
2304 -4874.5716
2305 -4874.5718
2306 -4874.0221
2307 -4874.3934
2308 -4874.5055
2309 -4874.5443
2310 -4874.5594
2311 -4874.5662
2312 -4874.5690
2313 -4874.5704
2314 -4874.5711
2315 -4874.5714
2316 -4874.5716
2317 -4874.0214
2318 -4874.3947
2319 -4874.5062
2320 -4874.5445
2321 -4874.5595
2322 -4874.5661
2323 -4874.5691
2324 -4874.5702
2325 -4874.5709
2326 -4874.5713
2327 -4874.5714
2328 -4874.0208
2329 -4874.3960
2330 -4874.5068
2331 -4874.5448
2332 -4874.5595
2333 -4874.5661
2334 -4874.5689
2335 -4874.5701
2336 -4874.5708
2337 -4874.5711
2338 -4874.5713
2339 -4873.9975
2340 -4874.3865
2341 -4874.5023
2342 -4874.5425
2343 -4874.5584
2344 -4874.5655
2345 -4874.5686
2346 -4874.5699
2347 -4874.5706
2348 -4874.5709
2349 -4874.5711
2350 -4873.9969
2351 -4874.3879
2352 -4874.5030
2353 -4874.5428
2354 -4874.5584
2355 -4874.5654
2356 -4874.5684
2357 -4874.5697
2358 -4874.5704
2359 -4874.5708
2360 -4874.5709
2361 -4874.0200
2362 -4874.3851
2363 -4874.5005
2364 -4874.5413
2365 -4874.5576
2366 -4874.5648
2367 -4874.5680
2368 -4874.5695
2369 -4874.5702
2370 -4874.5706
2371 -4874.5708
2372 -4874.0193
2373 -4874.3864
2374 -4874.5012
2375 -4874.5415
2376 -4874.5576
2377 -4874.5648
2378 -4874.5679
2379 -4874.5694
2380 -4874.5700
2381 -4874.5704
2382 -4874.5706
2383 -4874.0186
2384 -4874.3877
2385 -4874.5018
2386 -4874.5417
2387 -4874.5576
2388 -4874.5647
2389 -4874.5678
2390 -4874.5691
2391 -4874.5698
2392 -4874.5702
2393 -4874.5704
2394 -4874.0179
2395 -4874.3889
2396 -4874.5025
2397 -4874.5420
2398 -4874.5577
2399 -4874.5646
2400 -4874.5677
2401 -4874.5691
2402 -4874.5697
2403 -4874.5700
2404 -4874.5702
2405 -4874.0173
2406 -4874.3902
2407 -4874.5032
2408 -4874.5422
2409 -4874.5577
2410 -4874.5646
2411 -4874.5676
2412 -4874.5691
2413 -4874.5696
2414 -4874.5699
2415 -4874.5700
2416 -4874.0167
2417 -4874.3915
2418 -4874.5038
2419 -4874.5424
2420 -4874.5577
2421 -4874.5645
2422 -4874.5674
2423 -4874.5689
2424 -4874.5695
2425 -4874.5697
2426 -4874.5699
2427 -4874.0161
2428 -4874.3928
2429 -4874.5044
2430 -4874.5427
2431 -4874.5578
2432 -4874.5644
2433 -4874.5673
2434 -4874.5687
2435 -4874.5693
2436 -4874.5695
2437 -4874.5697
2438 -4873.9929
2439 -4874.3833
2440 -4874.4999
2441 -4874.5406
2442 -4874.5566
2443 -4874.5638
2444 -4874.5670
2445 -4874.5685
2446 -4874.5691
2447 -4874.5695
2448 -4874.5696
2449 -4873.9924
2450 -4874.3847
2451 -4874.5007
2452 -4874.5409
2453 -4874.5567
2454 -4874.5638
2455 -4874.5668
2456 -4874.5684
2457 -4874.5690
2458 -4874.5693
2459 -4874.5695
2460 -4874.0154
2461 -4874.3818
2462 -4874.4981
2463 -4874.5392
2464 -4874.5557
2465 -4874.5632
2466 -4874.5666
2467 -4874.5681
2468 -4874.5689
2469 -4874.5691
2470 -4874.5692
2471 -4874.0146
2472 -4874.3831
2473 -4874.4988
2474 -4874.5395
2475 -4874.5558
2476 -4874.5631
2477 -4874.5664
2478 -4874.5679
2479 -4874.5687
2480 -4874.5690
2481 -4874.5691
2482 -4874.0139
2483 -4874.3844
2484 -4874.4994
2485 -4874.5397
2486 -4874.5558
2487 -4874.5630
2488 -4874.5663
2489 -4874.5677
2490 -4874.5685
2491 -4874.5689
2492 -4874.5691
2493 -4874.0132
2494 -4874.3857
2495 -4874.5001
2496 -4874.5400
2497 -4874.5559
2498 -4874.5629
2499 -4874.5662
2500 -4874.5676
2501 -4874.5683
2502 -4874.5687
2503 -4874.5689
2504 -4874.0125
2505 -4874.3870
2506 -4874.5008
2507 -4874.5402
2508 -4874.5559
2509 -4874.5629
2510 -4874.5661
2511 -4874.5674
2512 -4874.5682
2513 -4874.5685
2514 -4874.5687
2515 -4874.0119
2516 -4874.3883
2517 -4874.5014
2518 -4874.5405
2519 -4874.5559
2520 -4874.5629
2521 -4874.5659
2522 -4874.5673
2523 -4874.5680
2524 -4874.5684
2525 -4874.5685
2526 -4874.0113
2527 -4874.3896
2528 -4874.5021
2529 -4874.5407
2530 -4874.5560
2531 -4874.5628
2532 -4874.5658
2533 -4874.5672
2534 -4874.5679
2535 -4874.5682
2536 -4874.5684
2537 -4873.9882
2538 -4874.3802
2539 -4874.4977
2540 -4874.5385
2541 -4874.5548
2542 -4874.5621
2543 -4874.5654
2544 -4874.5669
2545 -4874.5677
2546 -4874.5680
2547 -4874.5682
2548 -4873.9876
2549 -4874.3816
2550 -4874.4984
2551 -4874.5388
2552 -4874.5549
2553 -4874.5621
2554 -4874.5654
2555 -4874.5668
2556 -4874.5675
2557 -4874.5679
2558 -4874.5680
2559 -4874.0105
2560 -4874.3785
2561 -4874.4956
2562 -4874.5373
2563 -4874.5540
2564 -4874.5615
2565 -4874.5649
2566 -4874.5665
2567 -4874.5673
2568 -4874.5676
2569 -4874.5678
2570 -4874.0097
2571 -4874.3798
2572 -4874.4964
2573 -4874.5375
2574 -4874.5540
2575 -4874.5614
2576 -4874.5648
2577 -4874.5664
2578 -4874.5671
2579 -4874.5675
2580 -4874.5677
2581 -4874.0090
2582 -4874.3811
2583 -4874.4970
2584 -4874.5378
2585 -4874.5540
2586 -4874.5614
2587 -4874.5647
2588 -4874.5663
2589 -4874.5669
2590 -4874.5673
2591 -4874.5675
2592 -4874.0083
2593 -4874.3824
2594 -4874.4977
2595 -4874.5380
2596 -4874.5541
2597 -4874.5613
2598 -4874.5646
2599 -4874.5661
2600 -4874.5668
2601 -4874.5671
2602 -4874.5673
2603 -4874.0077
2604 -4874.3838
2605 -4874.4984
2606 -4874.5383
2607 -4874.5541
2608 -4874.5612
2609 -4874.5644
2610 -4874.5659
2611 -4874.5667
2612 -4874.5669
2613 -4874.5671
2614 -4874.0070
2615 -4874.3851
2616 -4874.4991
2617 -4874.5385
2618 -4874.5541
2619 -4874.5612
2620 -4874.5643
2621 -4874.5658
2622 -4874.5665
2623 -4874.5669
2624 -4874.5669
2625 -4874.0064
2626 -4874.3864
2627 -4874.4997
2628 -4874.5387
2629 -4874.5542
2630 -4874.5610
2631 -4874.5642
2632 -4874.5657
2633 -4874.5664
2634 -4874.5667
2635 -4874.5669
2636 -4873.9834
2637 -4874.3771
2638 -4874.4953
2639 -4874.5366
2640 -4874.5531
2641 -4874.5604
2642 -4874.5638
2643 -4874.5654
2644 -4874.5662
2645 -4874.5665
2646 -4874.5667
2647 -4873.9828
2648 -4874.3786
2649 -4874.4961
2650 -4874.5369
2651 -4874.5531
2652 -4874.5604
2653 -4874.5637
2654 -4874.5653
2655 -4874.5660
2656 -4874.5664
2657 -4874.5665
2658 -4874.0056
2659 -4874.3752
2660 -4874.4932
2661 -4874.5352
2662 -4874.5522
2663 -4874.5597
2664 -4874.5633
2665 -4874.5649
2666 -4874.5657
2667 -4874.5662
2668 -4874.5664
2669 -4874.0049
2670 -4874.3765
2671 -4874.4938
2672 -4874.5355
2673 -4874.5522
2674 -4874.5596
2675 -4874.5631
2676 -4874.5648
2677 -4874.5656
2678 -4874.5660
2679 -4874.5662
2680 -4874.0041
2681 -4874.3779
2682 -4874.4946
2683 -4874.5358
2684 -4874.5523
2685 -4874.5595
2686 -4874.5630
2687 -4874.5646
2688 -4874.5654
2689 -4874.5658
2690 -4874.5660
2691 -4874.0035
2692 -4874.3792
2693 -4874.4952
2694 -4874.5360
2695 -4874.5523
2696 -4874.5595
2697 -4874.5629
2698 -4874.5645
2699 -4874.5652
2700 -4874.5656
2701 -4874.5658
2702 -4874.0028
2703 -4874.3805
2704 -4874.4960
2705 -4874.5363
2706 -4874.5523
2707 -4874.5594
2708 -4874.5627
2709 -4874.5643
2710 -4874.5651
2711 -4874.5654
2712 -4874.5656
2713 -4874.0022
2714 -4874.3818
2715 -4874.4967
2716 -4874.5366
2717 -4874.5524
2718 -4874.5593
2719 -4874.5626
2720 -4874.5642
2721 -4874.5649
2722 -4874.5653
2723 -4874.5655
2724 -4874.0016
2725 -4874.3832
2726 -4874.4973
2727 -4874.5368
2728 -4874.5524
2729 -4874.5593
2730 -4874.5626
2731 -4874.5640
2732 -4874.5648
2733 -4874.5651
2734 -4874.5653
2735 -4873.9786
2736 -4874.3740
2737 -4874.4930
2738 -4874.5346
2739 -4874.5513
2740 -4874.5587
2741 -4874.5622
2742 -4874.5638
2743 -4874.5646
2744 -4874.5649
2745 -4874.5651
2746 -4873.9780
2747 -4874.3755
2748 -4874.4938
2749 -4874.5349
2750 -4874.5515
2751 -4874.5586
2752 -4874.5621
2753 -4874.5636
2754 -4874.5644
2755 -4874.5648
2756 -4874.5649
2757 -4874.0007
2758 -4874.3720
2759 -4874.4907
2760 -4874.5334
2761 -4874.5503
2762 -4874.5579
2763 -4874.5616
2764 -4874.5633
2765 -4874.5641
2766 -4874.5646
2767 -4874.5648
2768 -4874.0000
2769 -4874.3733
2770 -4874.4914
2771 -4874.5336
2772 -4874.5504
2773 -4874.5579
2774 -4874.5615
2775 -4874.5631
2776 -4874.5639
2777 -4874.5643
2778 -4874.5645
2779 -4873.9993
2780 -4874.3745
2781 -4874.4921
2782 -4874.5339
2783 -4874.5504
2784 -4874.5578
2785 -4874.5613
2786 -4874.5630
2787 -4874.5638
2788 -4874.5642
2789 -4874.5643
2790 -4873.9986
2791 -4874.3760
2792 -4874.4928
2793 -4874.5342
2794 -4874.5505
2795 -4874.5577
2796 -4874.5612
2797 -4874.5628
2798 -4874.5636
2799 -4874.5640
2800 -4874.5642
2801 -4873.9979
2802 -4874.3773
2803 -4874.4935
2804 -4874.5344
2805 -4874.5505
2806 -4874.5577
2807 -4874.5610
2808 -4874.5627
2809 -4874.5634
2810 -4874.5638
2811 -4874.5640
2812 -4873.9973
2813 -4874.3786
2814 -4874.4942
2815 -4874.5347
2816 -4874.5506
2817 -4874.5576
2818 -4874.5609
2819 -4874.5625
2820 -4874.5633
2821 -4874.5636
2822 -4874.5638
2823 -4873.9967
2824 -4874.3800
2825 -4874.4949
2826 -4874.5348
2827 -4874.5506
2828 -4874.5576
2829 -4874.5608
2830 -4874.5624
2831 -4874.5631
2832 -4874.5635
2833 -4874.5636
2834 -4873.9738
2835 -4874.3708
2836 -4874.4906
2837 -4874.5327
2838 -4874.5495
2839 -4874.5569
2840 -4874.5604
2841 -4874.5621
2842 -4874.5629
2843 -4874.5633
2844 -4874.5635
2845 -4873.9733
2846 -4874.3723
2847 -4874.4914
2848 -4874.5330
2849 -4874.5496
2850 -4874.5569
2851 -4874.5603
2852 -4874.5620
2853 -4874.5628
2854 -4874.5631
2855 -4874.5633
2856 -4873.9958
2857 -4874.3687
2858 -4874.4881
2859 -4874.5313
2860 -4874.5485
2861 -4874.5561
2862 -4874.5598
2863 -4874.5616
2864 -4874.5625
2865 -4874.5629
2866 -4874.5631
2867 -4873.9951
2868 -4874.3702
2869 -4874.4889
2870 -4874.5316
2871 -4874.5486
2872 -4874.5560
2873 -4874.5596
2874 -4874.5615
2875 -4874.5623
2876 -4874.5627
2877 -4874.5629
2878 -4873.9944
2879 -4874.3715
2880 -4874.4896
2881 -4874.5319
2882 -4874.5486
2883 -4874.5560
2884 -4874.5595
2885 -4874.5613
2886 -4874.5621
2887 -4874.5625
2888 -4874.5627
2889 -4873.9937
2890 -4874.3728
2891 -4874.4903
2892 -4874.5321
2893 -4874.5487
2894 -4874.5559
2895 -4874.5594
2896 -4874.5611
2897 -4874.5619
2898 -4874.5623
2899 -4874.5625
2900 -4873.9930
2901 -4874.3742
2902 -4874.4910
2903 -4874.5324
2904 -4874.5487
2905 -4874.5558
2906 -4874.5593
2907 -4874.5609
2908 -4874.5618
2909 -4874.5622
2910 -4874.5623
2911 -4873.9924
2912 -4874.3753
2913 -4874.4918
2914 -4874.5327
2915 -4874.5488
2916 -4874.5558
2917 -4874.5592
2918 -4874.5607
2919 -4874.5616
2920 -4874.5620
2921 -4874.5622
2922 -4873.9918
2923 -4874.3768
2924 -4874.4925
2925 -4874.5330
2926 -4874.5489
2927 -4874.5558
2928 -4874.5590
2929 -4874.5606
2930 -4874.5615
2931 -4874.5618
2932 -4874.5620
2933 -4873.9691
2934 -4874.3677
2935 -4874.4882
2936 -4874.5308
2937 -4874.5478
2938 -4874.5552
2939 -4874.5587
2940 -4874.5603
2941 -4874.5613
2942 -4874.5616
2943 -4874.5618
2944 -4873.9685
2945 -4874.3692
2946 -4874.4890
2947 -4874.5312
2948 -4874.5478
2949 -4874.5551
2950 -4874.5586
2951 -4874.5602
2952 -4874.5611
2953 -4874.5615
2954 -4874.5616
2955 -4873.9909
2956 -4874.3654
2957 -4874.4857
2958 -4874.5292
2959 -4874.5468
2960 -4874.5543
2961 -4874.5581
2962 -4874.5598
2963 -4874.5607
2964 -4874.5612
2965 -4874.5614
2966 -4873.9902
2967 -4874.3668
2968 -4874.4865
2969 -4874.5295
2970 -4874.5468
2971 -4874.5543
2972 -4874.5579
2973 -4874.5597
2974 -4874.5605
2975 -4874.5609
2976 -4874.5612
2977 -4873.9895
2978 -4874.3682
2979 -4874.4872
2980 -4874.5298
2981 -4874.5469
2982 -4874.5542
2983 -4874.5578
2984 -4874.5595
2985 -4874.5603
2986 -4874.5607
2987 -4874.5609
2988 -4873.9888
2989 -4874.3696
2990 -4874.4880
2991 -4874.5301
2992 -4874.5469
2993 -4874.5542
2994 -4874.5577
2995 -4874.5593
2996 -4874.5601
2997 -4874.5605
2998 -4874.5607
2999 -4873.9882
3000 -4874.3710
3001 -4874.4886
3002 -4874.5303
3003 -4874.5470
3004 -4874.5541
3005 -4874.5576
3006 -4874.5592
3007 -4874.5600
3008 -4874.5603
3009 -4874.5605
3010 -4873.9876
3011 -4874.3724
3012 -4874.4893
3013 -4874.5306
3014 -4874.5470
3015 -4874.5541
3016 -4874.5574
3017 -4874.5590
3018 -4874.5598
3019 -4874.5602
3020 -4874.5603
3021 -4873.9870
3022 -4874.3737
3023 -4874.4900
3024 -4874.5309
3025 -4874.5471
3026 -4874.5541
3027 -4874.5573
3028 -4874.5589
3029 -4874.5597
3030 -4874.5600
3031 -4874.5602
3032 -4873.9644
3033 -4874.3644
3034 -4874.4858
3035 -4874.5288
3036 -4874.5460
3037 -4874.5535
3038 -4874.5570
3039 -4874.5586
3040 -4874.5594
3041 -4874.5598
3042 -4874.5600
3043 -4873.9638
3044 -4874.3660
3045 -4874.4866
3046 -4874.5291
3047 -4874.5461
3048 -4874.5535
3049 -4874.5568
3050 -4874.5585
3051 -4874.5593
3052 -4874.5596
3053 -4874.5598
3054 -4873.9862
3055 -4874.3620
3056 -4874.4832
3057 -4874.5271
3058 -4874.5449
3059 -4874.5526
3060 -4874.5563
3061 -4874.5581
3062 -4874.5590
3063 -4874.5594
3064 -4874.5596
3065 -4873.9854
3066 -4874.3634
3067 -4874.4840
3068 -4874.5274
3069 -4874.5449
3070 -4874.5525
3071 -4874.5561
3072 -4874.5579
3073 -4874.5588
3074 -4874.5592
3075 -4874.5594
3076 -4873.9847
3077 -4874.3648
3078 -4874.4847
3079 -4874.5277
3080 -4874.5450
3081 -4874.5525
3082 -4874.5560
3083 -4874.5578
3084 -4874.5586
3085 -4874.5590
3086 -4874.5592
3087 -4873.9840
3088 -4874.3662
3089 -4874.4855
3090 -4874.5280
3091 -4874.5450
3092 -4874.5524
3093 -4874.5559
3094 -4874.5576
3095 -4874.5584
3096 -4874.5588
3097 -4874.5590
3098 -4873.9835
3099 -4874.3676
3100 -4874.4862
3101 -4874.5283
3102 -4874.5451
3103 -4874.5524
3104 -4874.5557
3105 -4874.5574
3106 -4874.5583
3107 -4874.5587
3108 -4874.5588
3109 -4873.9828
3110 -4874.3690
3111 -4874.4870
3112 -4874.5286
3113 -4874.5452
3114 -4874.5523
3115 -4874.5557
3116 -4874.5573
3117 -4874.5581
3118 -4874.5585
3119 -4874.5587
3120 -4873.9822
3121 -4874.3705
3122 -4874.4877
3123 -4874.5289
3124 -4874.5452
3125 -4874.5522
3126 -4874.5555
3127 -4874.5572
3128 -4874.5579
3129 -4874.5583
3130 -4874.5585
3131 -4873.9596
3132 -4874.3615
3133 -4874.4834
3134 -4874.5267
3135 -4874.5441
3136 -4874.5516
3137 -4874.5552
3138 -4874.5568
3139 -4874.5577
3140 -4874.5581
3141 -4874.5583
3142 -4873.9591
3143 -4874.3631
3144 -4874.4842
3145 -4874.5271
3146 -4874.5443
3147 -4874.5516
3148 -4874.5551
3149 -4874.5567
3150 -4874.5576
3151 -4874.5579
3152 -4874.5581
3153 -4873.9814
3154 -4874.3586
3155 -4874.4804
3156 -4874.5249
3157 -4874.5428
3158 -4874.5508
3159 -4874.5545
3160 -4874.5563
3161 -4874.5573
3162 -4874.5577
3163 -4874.5579
3164 -4873.9806
3165 -4874.3600
3166 -4874.4812
3167 -4874.5252
3168 -4874.5429
3169 -4874.5507
3170 -4874.5543
3171 -4874.5561
3172 -4874.5571
3173 -4874.5575
3174 -4874.5577
3175 -4873.9799
3176 -4874.3615
3177 -4874.4819
3178 -4874.5255
3179 -4874.5429
3180 -4874.5506
3181 -4874.5542
3182 -4874.5560
3183 -4874.5568
3184 -4874.5573
3185 -4874.5575
3186 -4873.9792
3187 -4874.3629
3188 -4874.4829
3189 -4874.5258
3190 -4874.5429
3191 -4874.5506
3192 -4874.5541
3193 -4874.5558
3194 -4874.5566
3195 -4874.5571
3196 -4874.5573
3197 -4873.9785
3198 -4874.3643
3199 -4874.4837
3200 -4874.5260
3201 -4874.5430
3202 -4874.5505
3203 -4874.5541
3204 -4874.5557
3205 -4874.5565
3206 -4874.5569
3207 -4874.5571
3208 -4873.9779
3209 -4874.3657
3210 -4874.4844
3211 -4874.5264
3212 -4874.5431
3213 -4874.5505
3214 -4874.5539
3215 -4874.5555
3216 -4874.5563
3217 -4874.5567
3218 -4874.5569
3219 -4873.9772
3220 -4874.3672
3221 -4874.4852
3222 -4874.5268
3223 -4874.5431
3224 -4874.5504
3225 -4874.5539
3226 -4874.5554
3227 -4874.5561
3228 -4874.5565
3229 -4874.5567
3230 -4873.9548
3231 -4874.3583
3232 -4874.4810
3233 -4874.5247
3234 -4874.5420
3235 -4874.5499
3236 -4874.5535
3237 -4874.5551
3238 -4874.5559
3239 -4874.5563
3240 -4874.5565
3241 -4873.9542
3242 -4874.3599
3243 -4874.4819
3244 -4874.5251
3245 -4874.5422
3246 -4874.5498
3247 -4874.5534
3248 -4874.5549
3249 -4874.5557
3250 -4874.5561
3251 -4874.5563
3252 -4873.9764
3253 -4874.3549
3254 -4874.4778
3255 -4874.5227
3256 -4874.5408
3257 -4874.5490
3258 -4874.5528
3259 -4874.5546
3260 -4874.5554
3261 -4874.5559
3262 -4874.5561
3263 -4873.9756
3264 -4874.3564
3265 -4874.4786
3266 -4874.5230
3267 -4874.5409
3268 -4874.5490
3269 -4874.5526
3270 -4874.5544
3271 -4874.5553
3272 -4874.5557
3273 -4874.5559
3274 -4873.9749
3275 -4874.3580
3276 -4874.4794
3277 -4874.5233
3278 -4874.5409
3279 -4874.5488
3280 -4874.5525
3281 -4874.5542
3282 -4874.5551
3283 -4874.5555
3284 -4874.5557
3285 -4873.9742
3286 -4874.3595
3287 -4874.4802
3288 -4874.5236
3289 -4874.5410
3290 -4874.5488
3291 -4874.5524
3292 -4874.5542
3293 -4874.5549
3294 -4874.5553
3295 -4874.5555
3296 -4873.9735
3297 -4874.3610
3298 -4874.4809
3299 -4874.5239
3300 -4874.5411
3301 -4874.5488
3302 -4874.5522
3303 -4874.5540
3304 -4874.5547
3305 -4874.5551
3306 -4874.5553
3307 -4873.9728
3308 -4874.3624
3309 -4874.4817
3310 -4874.5242
3311 -4874.5412
3312 -4874.5487
3313 -4874.5521
3314 -4874.5538
3315 -4874.5545
3316 -4874.5549
3317 -4874.5551
3318 -4873.9722
3319 -4874.3639
3320 -4874.4825
3321 -4874.5245
3322 -4874.5412
3323 -4874.5486
3324 -4874.5520
3325 -4874.5537
3326 -4874.5544
3327 -4874.5548
3328 -4874.5549
3329 -4873.9499
3330 -4874.3551
3331 -4874.4785
3332 -4874.5225
3333 -4874.5402
3334 -4874.5480
3335 -4874.5516
3336 -4874.5534
3337 -4874.5542
3338 -4874.5546
3339 -4874.5548
3340 -4873.9493
3341 -4874.3567
3342 -4874.4794
3343 -4874.5229
3344 -4874.5402
3345 -4874.5480
3346 -4874.5515
3347 -4874.5533
3348 -4874.5540
3349 -4874.5544
3350 -4874.5546
3351 -4873.9714
3352 -4874.3514
3353 -4874.4752
3354 -4874.5205
3355 -4874.5389
3356 -4874.5473
3357 -4874.5510
3358 -4874.5529
3359 -4874.5538
3360 -4874.5541
3361 -4874.5544
3362 -4873.9706
3363 -4874.3529
3364 -4874.4760
3365 -4874.5209
3366 -4874.5389
3367 -4874.5472
3368 -4874.5508
3369 -4874.5526
3370 -4874.5536
3371 -4874.5540
3372 -4874.5541
3373 -4873.9699
3374 -4874.3544
3375 -4874.4768
3376 -4874.5212
3377 -4874.5390
3378 -4874.5471
3379 -4874.5507
3380 -4874.5525
3381 -4874.5534
3382 -4874.5538
3383 -4874.5540
3384 -4873.9692
3385 -4874.3559
3386 -4874.4776
3387 -4874.5215
3388 -4874.5391
3389 -4874.5471
3390 -4874.5505
3391 -4874.5523
3392 -4874.5532
3393 -4874.5536
3394 -4874.5538
3395 -4873.9685
3396 -4874.3573
3397 -4874.4784
3398 -4874.5218
3399 -4874.5391
3400 -4874.5470
3401 -4874.5504
3402 -4874.5521
3403 -4874.5530
3404 -4874.5534
3405 -4874.5536
3406 -4873.9679
3407 -4874.3590
3408 -4874.4792
3409 -4874.5221
3410 -4874.5392
3411 -4874.5470
3412 -4874.5503
3413 -4874.5520
3414 -4874.5528
3415 -4874.5533
3416 -4874.5535
3417 -4873.9673
3418 -4874.3605
3419 -4874.4799
3420 -4874.5224
3421 -4874.5392
3422 -4874.5469
3423 -4874.5502
3424 -4874.5518
3425 -4874.5526
3426 -4874.5531
3427 -4874.5533
3428 -4873.9450
3429 -4874.3518
3430 -4874.4758
3431 -4874.5204
3432 -4874.5382
3433 -4874.5463
3434 -4874.5498
3435 -4874.5516
3436 -4874.5524
3437 -4874.5529
3438 -4874.5531
3439 -4873.9445
3440 -4874.3534
3441 -4874.4767
3442 -4874.5207
3443 -4874.5383
3444 -4874.5463
3445 -4874.5497
3446 -4874.5514
3447 -4874.5522
3448 -4874.5527
3449 -4874.5529
3450 -4873.9665
3451 -4874.3480
3452 -4874.4726
3453 -4874.5183
3454 -4874.5369
3455 -4874.5454
3456 -4874.5492
3457 -4874.5510
3458 -4874.5519
3459 -4874.5524
3460 -4874.5526
3461 -4873.9657
3462 -4874.3495
3463 -4874.4734
3464 -4874.5186
3465 -4874.5370
3466 -4874.5453
3467 -4874.5491
3468 -4874.5509
3469 -4874.5517
3470 -4874.5522
3471 -4874.5524
3472 -4873.9650
3473 -4874.3509
3474 -4874.4742
3475 -4874.5189
3476 -4874.5371
3477 -4874.5452
3478 -4874.5489
3479 -4874.5507
3480 -4874.5515
3481 -4874.5520
3482 -4874.5522
3483 -4873.9643
3484 -4874.3525
3485 -4874.4750
3486 -4874.5193
3487 -4874.5371
3488 -4874.5452
3489 -4874.5488
3490 -4874.5505
3491 -4874.5514
3492 -4874.5518
3493 -4874.5520
3494 -4873.9636
3495 -4874.3540
3496 -4874.4758
3497 -4874.5196
3498 -4874.5372
3499 -4874.5451
3500 -4874.5486
3501 -4874.5503
3502 -4874.5512
3503 -4874.5516
3504 -4874.5518
3505 -4873.9629
3506 -4874.3554
3507 -4874.4766
3508 -4874.5199
3509 -4874.5373
3510 -4874.5450
3511 -4874.5485
3512 -4874.5502
3513 -4874.5510
3514 -4874.5514
3515 -4874.5516
3516 -4873.9408
3517 -4874.3466
3518 -4874.4724
3519 -4874.5179
3520 -4874.5362
3521 -4874.5445
3522 -4874.5481
3523 -4874.5499
3524 -4874.5508
3525 -4874.5512
3526 -4874.5514
3527 -4873.9402
3528 -4874.3483
3529 -4874.4733
3530 -4874.5182
3531 -4874.5363
3532 -4874.5444
3533 -4874.5480
3534 -4874.5497
3535 -4874.5506
3536 -4874.5510
3537 -4874.5512
3538 -4873.9396
3539 -4874.3502
3540 -4874.4743
3541 -4874.5186
3542 -4874.5364
3543 -4874.5444
3544 -4874.5479
3545 -4874.5496
3546 -4874.5504
3547 -4874.5509
3548 -4874.5510
3549 -4873.9615
3550 -4874.3445
3551 -4874.4699
3552 -4874.5160
3553 -4874.5351
3554 -4874.5433
3555 -4874.5474
3556 -4874.5492
3557 -4874.5501
3558 -4874.5506
3559 -4874.5508
3560 -4873.9608
3561 -4874.3460
3562 -4874.4708
3563 -4874.5163
3564 -4874.5351
3565 -4874.5432
3566 -4874.5473
3567 -4874.5491
3568 -4874.5499
3569 -4874.5503
3570 -4874.5506
3571 -4873.9600
3572 -4874.3475
3573 -4874.4715
3574 -4874.5167
3575 -4874.5352
3576 -4874.5432
3577 -4874.5471
3578 -4874.5488
3579 -4874.5497
3580 -4874.5501
3581 -4874.5504
3582 -4873.9593
3583 -4874.3490
3584 -4874.4724
3585 -4874.5171
3586 -4874.5353
3587 -4874.5431
3588 -4874.5470
3589 -4874.5487
3590 -4874.5495
3591 -4874.5500
3592 -4874.5502
3593 -4873.9587
3594 -4874.3505
3595 -4874.4732
3596 -4874.5174
3597 -4874.5354
3598 -4874.5430
3599 -4874.5469
3600 -4874.5485
3601 -4874.5493
3602 -4874.5498
3603 -4874.5499
3604 -4873.9580
3605 -4874.3520
3606 -4874.4740
3607 -4874.5177
3608 -4874.5354
3609 -4874.5430
3610 -4874.5468
3611 -4874.5484
3612 -4874.5492
3613 -4874.5496
3614 -4874.5498
3615 -4873.9360
3616 -4874.3433
3617 -4874.4699
3618 -4874.5157
3619 -4874.5343
3620 -4874.5424
3621 -4874.5464
3622 -4874.5481
3623 -4874.5490
3624 -4874.5494
3625 -4874.5496
3626 -4873.9354
3627 -4874.3450
3628 -4874.4708
3629 -4874.5161
3630 -4874.5344
3631 -4874.5424
3632 -4874.5463
3633 -4874.5480
3634 -4874.5488
3635 -4874.5492
3636 -4874.5494
3637 -4873.9348
3638 -4874.3466
3639 -4874.4717
3640 -4874.5165
3641 -4874.5344
3642 -4874.5423
3643 -4874.5462
3644 -4874.5478
3645 -4874.5486
3646 -4874.5491
3647 -4874.5493
3648 -4873.9566
3649 -4874.3411
3650 -4874.4673
3651 -4874.5138
3652 -4874.5330
3653 -4874.5413
3654 -4874.5455
3655 -4874.5475
3656 -4874.5483
3657 -4874.5487
3658 -4874.5490
3659 -4873.9558
3660 -4874.3426
3661 -4874.4681
3662 -4874.5141
3663 -4874.5331
3664 -4874.5413
3665 -4874.5454
3666 -4874.5473
3667 -4874.5481
3668 -4874.5485
3669 -4874.5488
3670 -4873.9551
3671 -4874.3442
3672 -4874.4689
3673 -4874.5144
3674 -4874.5331
3675 -4874.5412
3676 -4874.5453
3677 -4874.5471
3678 -4874.5479
3679 -4874.5484
3680 -4874.5486
3681 -4873.9544
3682 -4874.3456
3683 -4874.4697
3684 -4874.5148
3685 -4874.5333
3686 -4874.5412
3687 -4874.5451
3688 -4874.5470
3689 -4874.5477
3690 -4874.5481
3691 -4874.5484
3692 -4873.9537
3693 -4874.3471
3694 -4874.4706
3695 -4874.5152
3696 -4874.5333
3697 -4874.5411
3698 -4874.5450
3699 -4874.5468
3700 -4874.5477
3701 -4874.5480
3702 -4874.5482
3703 -4873.9531
3704 -4874.3486
3705 -4874.4714
3706 -4874.5155
3707 -4874.5334
3708 -4874.5410
3709 -4874.5449
3710 -4874.5466
3711 -4874.5475
3712 -4874.5478
3713 -4874.5480
3714 -4873.9311
3715 -4874.3400
3716 -4874.4674
3717 -4874.5135
3718 -4874.5323
3719 -4874.5404
3720 -4874.5445
3721 -4874.5463
3722 -4874.5472
3723 -4874.5477
3724 -4874.5477
3725 -4873.9304
3726 -4874.3416
3727 -4874.4683
3728 -4874.5138
3729 -4874.5325
3730 -4874.5404
3731 -4874.5444
3732 -4874.5462
3733 -4874.5471
3734 -4874.5475
3735 -4874.5477
3736 -4873.9299
3737 -4874.3433
3738 -4874.4692
3739 -4874.5142
3740 -4874.5326
3741 -4874.5404
3742 -4874.5443
3743 -4874.5460
3744 -4874.5469
3745 -4874.5473
3746 -4874.5475
3747 -4873.9516
3748 -4874.3378
3749 -4874.4645
3750 -4874.5115
3751 -4874.5310
3752 -4874.5394
3753 -4874.5435
3754 -4874.5456
3755 -4874.5465
3756 -4874.5470
3757 -4874.5472
3758 -4873.9508
3759 -4874.3393
3760 -4874.4654
3761 -4874.5118
3762 -4874.5310
3763 -4874.5393
3764 -4874.5433
3765 -4874.5454
3766 -4874.5463
3767 -4874.5468
3768 -4874.5470
3769 -4873.9501
3770 -4874.3407
3771 -4874.4663
3772 -4874.5122
3773 -4874.5311
3774 -4874.5392
3775 -4874.5431
3776 -4874.5452
3777 -4874.5461
3778 -4874.5466
3779 -4874.5468
3780 -4873.9494
3781 -4874.3422
3782 -4874.4671
3783 -4874.5125
3784 -4874.5312
3785 -4874.5392
3786 -4874.5430
3787 -4874.5450
3788 -4874.5459
3789 -4874.5464
3790 -4874.5466
3791 -4873.9487
3792 -4874.3438
3793 -4874.4680
3794 -4874.5128
3795 -4874.5312
3796 -4874.5391
3797 -4874.5429
3798 -4874.5449
3799 -4874.5458
3800 -4874.5462
3801 -4874.5464
3802 -4873.9480
3803 -4874.3453
3804 -4874.4688
3805 -4874.5132
3806 -4874.5314
3807 -4874.5391
3808 -4874.5428
3809 -4874.5447
3810 -4874.5456
3811 -4874.5460
3812 -4874.5462
3813 -4873.9262
3814 -4874.3367
3815 -4874.4648
3816 -4874.5112
3817 -4874.5303
3818 -4874.5385
3819 -4874.5424
3820 -4874.5445
3821 -4874.5453
3822 -4874.5458
3823 -4874.5460
3824 -4873.9256
3825 -4874.3383
3826 -4874.4657
3827 -4874.5116
3828 -4874.5304
3829 -4874.5385
3830 -4874.5423
3831 -4874.5443
3832 -4874.5452
3833 -4874.5456
3834 -4874.5458
3835 -4873.9250
3836 -4874.3400
3837 -4874.4666
3838 -4874.5120
3839 -4874.5305
3840 -4874.5384
3841 -4874.5422
3842 -4874.5442
3843 -4874.5450
3844 -4874.5454
3845 -4874.5456
3846 -4873.9466
3847 -4874.3343
3848 -4874.4619
3849 -4874.5092
3850 -4874.5289
3851 -4874.5374
3852 -4874.5415
3853 -4874.5436
3854 -4874.5446
3855 -4874.5451
3856 -4874.5454
3857 -4873.9459
3858 -4874.3358
3859 -4874.4627
3860 -4874.5096
3861 -4874.5290
3862 -4874.5374
3863 -4874.5414
3864 -4874.5433
3865 -4874.5444
3866 -4874.5449
3867 -4874.5451
3868 -4873.9451
3869 -4874.3374
3870 -4874.4636
3871 -4874.5099
3872 -4874.5291
3873 -4874.5373
3874 -4874.5412
3875 -4874.5431
3876 -4874.5442
3877 -4874.5447
3878 -4874.5449
3879 -4873.9444
3880 -4874.3389
3881 -4874.4644
3882 -4874.5102
3883 -4874.5292
3884 -4874.5373
3885 -4874.5411
3886 -4874.5430
3887 -4874.5440
3888 -4874.5445
3889 -4874.5447
3890 -4873.9440
3891 -4874.3405
3892 -4874.4653
3893 -4874.5106
3894 -4874.5293
3895 -4874.5372
3896 -4874.5410
3897 -4874.5428
3898 -4874.5439
3899 -4874.5443
3900 -4874.5445
3901 -4873.9433
3902 -4874.3419
3903 -4874.4661
3904 -4874.5109
3905 -4874.5294
3906 -4874.5372
3907 -4874.5408
3908 -4874.5426
3909 -4874.5436
3910 -4874.5441
3911 -4874.5443
3912 -4873.9215
3913 -4874.3334
3914 -4874.4622
3915 -4874.5090
3916 -4874.5284
3917 -4874.5366
3918 -4874.5405
3919 -4874.5424
3920 -4874.5433
3921 -4874.5439
3922 -4874.5441
3923 -4873.9209
3924 -4874.3351
3925 -4874.4632
3926 -4874.5094
3927 -4874.5285
3928 -4874.5366
3929 -4874.5404
3930 -4874.5422
3931 -4874.5431
3932 -4874.5436
3933 -4874.5439
3934 -4873.9204
3935 -4874.3367
3936 -4874.4641
3937 -4874.5098
3938 -4874.5285
3939 -4874.5366
3940 -4874.5403
3941 -4874.5421
3942 -4874.5429
3943 -4874.5434
3944 -4874.5437
3945 -4873.9418
3946 -4874.3308
3947 -4874.4592
3948 -4874.5069
3949 -4874.5267
3950 -4874.5356
3951 -4874.5395
3952 -4874.5416
3953 -4874.5426
3954 -4874.5431
3955 -4874.5433
3956 -4873.9411
3957 -4874.3323
3958 -4874.4600
3959 -4874.5072
3960 -4874.5267
3961 -4874.5356
3962 -4874.5394
3963 -4874.5414
3964 -4874.5424
3965 -4874.5428
3966 -4874.5431
3967 -4873.9403
3968 -4874.3339
3969 -4874.4609
3970 -4874.5076
3971 -4874.5268
3972 -4874.5355
3973 -4874.5393
3974 -4874.5412
3975 -4874.5422
3976 -4874.5426
3977 -4874.5429
3978 -4873.9396
3979 -4874.3355
3980 -4874.4618
3981 -4874.5079
3982 -4874.5270
3983 -4874.5355
3984 -4874.5391
3985 -4874.5410
3986 -4874.5419
3987 -4874.5424
3988 -4874.5426
3989 -4873.9390
3990 -4874.3371
3991 -4874.4626
3992 -4874.5083
3993 -4874.5270
3994 -4874.5354
3995 -4874.5390
3996 -4874.5409
3997 -4874.5418
3998 -4874.5422
3999 -4874.5424
4000 -4873.9383
4001 -4874.3386
4002 -4874.4635
4003 -4874.5087
4004 -4874.5273
4005 -4874.5353
4006 -4874.5389
4007 -4874.5407
4008 -4874.5416
4009 -4874.5420
4010 -4874.5422
4011 -4873.9167
4012 -4874.3301
4013 -4874.4596
4014 -4874.5067
4015 -4874.5262
4016 -4874.5348
4017 -4874.5385
4018 -4874.5404
4019 -4874.5413
4020 -4874.5418
4021 -4874.5420
4022 -4873.9161
4023 -4874.3318
4024 -4874.4606
4025 -4874.5072
4026 -4874.5264
4027 -4874.5348
4028 -4874.5384
4029 -4874.5403
4030 -4874.5412
4031 -4874.5416
4032 -4874.5418
4033 -4873.9155
4034 -4874.3335
4035 -4874.4615
4036 -4874.5075
4037 -4874.5265
4038 -4874.5347
4039 -4874.5383
4040 -4874.5401
4041 -4874.5410
4042 -4874.5414
4043 -4874.5416
4044 -4873.9369
4045 -4874.3272
4046 -4874.4564
4047 -4874.5046
4048 -4874.5246
4049 -4874.5336
4050 -4874.5376
4051 -4874.5396
4052 -4874.5406
4053 -4874.5412
4054 -4874.5414
4055 -4873.9361
4056 -4874.3288
4057 -4874.4573
4058 -4874.5049
4059 -4874.5247
4060 -4874.5335
4061 -4874.5375
4062 -4874.5394
4063 -4874.5404
4064 -4874.5409
4065 -4874.5412
4066 -4873.9354
4067 -4874.3303
4068 -4874.4582
4069 -4874.5053
4070 -4874.5248
4071 -4874.5335
4072 -4874.5374
4073 -4874.5393
4074 -4874.5402
4075 -4874.5407
4076 -4874.5409
4077 -4873.9347
4078 -4874.3320
4079 -4874.4591
4080 -4874.5056
4081 -4874.5248
4082 -4874.5334
4083 -4874.5372
4084 -4874.5391
4085 -4874.5400
4086 -4874.5405
4087 -4874.5407
4088 -4873.9340
4089 -4874.3336
4090 -4874.4599
4091 -4874.5060
4092 -4874.5249
4093 -4874.5334
4094 -4874.5371
4095 -4874.5389
4096 -4874.5398
4097 -4874.5402
4098 -4874.5405
4099 -4873.9333
4100 -4874.3352
4101 -4874.4608
4102 -4874.5064
4103 -4874.5250
4104 -4874.5333
4105 -4874.5370
4106 -4874.5387
4107 -4874.5396
4108 -4874.5401
4109 -4874.5403
4110 -4873.9118
4111 -4874.3268
4112 -4874.4570
4113 -4874.5045
4114 -4874.5240
4115 -4874.5328
4116 -4874.5366
4117 -4874.5385
4118 -4874.5394
4119 -4874.5398
4120 -4874.5400
4121 -4873.9112
4122 -4874.3285
4123 -4874.4579
4124 -4874.5049
4125 -4874.5242
4126 -4874.5327
4127 -4874.5365
4128 -4874.5383
4129 -4874.5392
4130 -4874.5397
4131 -4874.5399
4132 -4873.9106
4133 -4874.3303
4134 -4874.4589
4135 -4874.5053
4136 -4874.5243
4137 -4874.5327
4138 -4874.5364
4139 -4874.5382
4140 -4874.5390
4141 -4874.5395
4142 -4874.5397
4143 -4873.9319
4144 -4874.3236
4145 -4874.4536
4146 -4874.5022
4147 -4874.5224
4148 -4874.5315
4149 -4874.5356
4150 -4874.5377
4151 -4874.5387
4152 -4874.5392
4153 -4874.5394
4154 -4873.9311
4155 -4874.3252
4156 -4874.4545
4157 -4874.5026
4158 -4874.5225
4159 -4874.5315
4160 -4874.5356
4161 -4874.5375
4162 -4874.5384
4163 -4874.5390
4164 -4874.5392
4165 -4873.9304
4166 -4874.3268
4167 -4874.4554
4168 -4874.5029
4169 -4874.5226
4170 -4874.5314
4171 -4874.5355
4172 -4874.5373
4173 -4874.5382
4174 -4874.5387
4175 -4874.5390
4176 -4873.9297
4177 -4874.3285
4178 -4874.4563
4179 -4874.5033
4180 -4874.5227
4181 -4874.5314
4182 -4874.5354
4183 -4874.5372
4184 -4874.5381
4185 -4874.5385
4186 -4874.5387
4187 -4873.9290
4188 -4874.3301
4189 -4874.4573
4190 -4874.5037
4191 -4874.5228
4192 -4874.5313
4193 -4874.5353
4194 -4874.5370
4195 -4874.5379
4196 -4874.5383
4197 -4874.5385
4198 -4873.9283
4199 -4874.3317
4200 -4874.4582
4201 -4874.5041
4202 -4874.5229
4203 -4874.5313
4204 -4874.5351
4205 -4874.5368
4206 -4874.5377
4207 -4874.5381
4208 -4874.5383
4209 -4873.9069
4210 -4874.3234
4211 -4874.4543
4212 -4874.5022
4213 -4874.5219
4214 -4874.5307
4215 -4874.5348
4216 -4874.5366
4217 -4874.5375
4218 -4874.5379
4219 -4874.5381
4220 -4873.9063
4221 -4874.3252
4222 -4874.4553
4223 -4874.5026
4224 -4874.5220
4225 -4874.5307
4226 -4874.5347
4227 -4874.5364
4228 -4874.5373
4229 -4874.5377
4230 -4874.5379
4231 -4873.9057
4232 -4874.3269
4233 -4874.4562
4234 -4874.5030
4235 -4874.5222
4236 -4874.5307
4237 -4874.5346
4238 -4874.5363
4239 -4874.5371
4240 -4874.5376
4241 -4874.5378
4242 -4873.9269
4243 -4874.3201
4244 -4874.4509
4245 -4874.4998
4246 -4874.5203
4247 -4874.5296
4248 -4874.5338
4249 -4874.5357
4250 -4874.5367
4251 -4874.5373
4252 -4874.5375
4253 -4873.9262
4254 -4874.3217
4255 -4874.4518
4256 -4874.5002
4257 -4874.5203
4258 -4874.5295
4259 -4874.5336
4260 -4874.5356
4261 -4874.5365
4262 -4874.5371
4263 -4874.5373
4264 -4873.9254
4265 -4874.3233
4266 -4874.4527
4267 -4874.5006
4268 -4874.5204
4269 -4874.5295
4270 -4874.5335
4271 -4874.5355
4272 -4874.5363
4273 -4874.5368
4274 -4874.5370
4275 -4873.9247
4276 -4874.3250
4277 -4874.4536
4278 -4874.5010
4279 -4874.5205
4280 -4874.5294
4281 -4874.5334
4282 -4874.5353
4283 -4874.5361
4284 -4874.5366
4285 -4874.5368
4286 -4873.9240
4287 -4874.3266
4288 -4874.4545
4289 -4874.5014
4290 -4874.5206
4291 -4874.5294
4292 -4874.5332
4293 -4874.5352
4294 -4874.5359
4295 -4874.5364
4296 -4874.5366
4297 -4873.9233
4298 -4874.3282
4299 -4874.4554
4300 -4874.5017
4301 -4874.5207
4302 -4874.5293
4303 -4874.5331
4304 -4874.5350
4305 -4874.5357
4306 -4874.5362
4307 -4874.5364
4308 -4873.9020
4309 -4874.3199
4310 -4874.4516
4311 -4874.4999
4312 -4874.5197
4313 -4874.5288
4314 -4874.5328
4315 -4874.5347
4316 -4874.5355
4317 -4874.5360
4318 -4874.5362
4319 -4873.9013
4320 -4874.3217
4321 -4874.4526
4322 -4874.5003
4323 -4874.5199
4324 -4874.5287
4325 -4874.5327
4326 -4874.5346
4327 -4874.5355
4328 -4874.5358
4329 -4874.5360
4330 -4873.9007
4331 -4874.3236
4332 -4874.4536
4333 -4874.5007
4334 -4874.5200
4335 -4874.5287
4336 -4874.5325
4337 -4874.5344
4338 -4874.5353
4339 -4874.5355
4340 -4874.5358
4341 -4873.9218
4342 -4874.3164
4343 -4874.4478
4344 -4874.4974
4345 -4874.5180
4346 -4874.5274
4347 -4874.5318
4348 -4874.5339
4349 -4874.5349
4350 -4874.5354
4351 -4874.5355
4352 -4873.9210
4353 -4874.3181
4354 -4874.4489
4355 -4874.4978
4356 -4874.5182
4357 -4874.5274
4358 -4874.5316
4359 -4874.5337
4360 -4874.5347
4361 -4874.5352
4362 -4874.5354
4363 -4873.9203
4364 -4874.3198
4365 -4874.4499
4366 -4874.4982
4367 -4874.5182
4368 -4874.5273
4369 -4874.5315
4370 -4874.5335
4371 -4874.5345
4372 -4874.5350
4373 -4874.5352
4374 -4873.9196
4375 -4874.3214
4376 -4874.4509
4377 -4874.4986
4378 -4874.5183
4379 -4874.5272
4380 -4874.5313
4381 -4874.5333
4382 -4874.5343
4383 -4874.5347
4384 -4874.5350
4385 -4873.9189
4386 -4874.3231
4387 -4874.4518
4388 -4874.4990
4389 -4874.5184
4390 -4874.5271
4391 -4874.5312
4392 -4874.5331
4393 -4874.5341
4394 -4874.5345
4395 -4874.5347
4396 -4873.9183
4397 -4874.3247
4398 -4874.4527
4399 -4874.4993
4400 -4874.5185
4401 -4874.5271
4402 -4874.5311
4403 -4874.5330
4404 -4874.5339
4405 -4874.5343
4406 -4874.5345
4407 -4873.8970
4408 -4874.3166
4409 -4874.4489
4410 -4874.4975
4411 -4874.5176
4412 -4874.5265
4413 -4874.5307
4414 -4874.5327
4415 -4874.5337
4416 -4874.5341
4417 -4874.5344
4418 -4873.8964
4419 -4874.3184
4420 -4874.4500
4421 -4874.4980
4422 -4874.5177
4423 -4874.5265
4424 -4874.5306
4425 -4874.5325
4426 -4874.5335
4427 -4874.5339
4428 -4874.5341
4429 -4873.8959
4430 -4874.3201
4431 -4874.4509
4432 -4874.4984
4433 -4874.5179
4434 -4874.5265
4435 -4874.5305
4436 -4874.5324
4437 -4874.5333
4438 -4874.5338
4439 -4874.5339
4440 -4873.9169
4441 -4874.3128
4442 -4874.4451
4443 -4874.4950
4444 -4874.5158
4445 -4874.5252
4446 -4874.5298
4447 -4874.5318
4448 -4874.5329
4449 -4874.5334
4450 -4874.5337
4451 -4873.9161
4452 -4874.3145
4453 -4874.4461
4454 -4874.4954
4455 -4874.5159
4456 -4874.5251
4457 -4874.5297
4458 -4874.5316
4459 -4874.5327
4460 -4874.5332
4461 -4874.5334
4462 -4873.9153
4463 -4874.3162
4464 -4874.4469
4465 -4874.4958
4466 -4874.5160
4467 -4874.5251
4468 -4874.5295
4469 -4874.5315
4470 -4874.5325
4471 -4874.5330
4472 -4874.5332
4473 -4873.9146
4474 -4874.3178
4475 -4874.4479
4476 -4874.4962
4477 -4874.5161
4478 -4874.5250
4479 -4874.5294
4480 -4874.5313
4481 -4874.5323
4482 -4874.5327
4483 -4874.5330
4484 -4873.9139
4485 -4874.3195
4486 -4874.4490
4487 -4874.4966
4488 -4874.5162
4489 -4874.5250
4490 -4874.5293
4491 -4874.5311
4492 -4874.5321
4493 -4874.5325
4494 -4874.5328
4495 -4873.9133
4496 -4874.3212
4497 -4874.4499
4498 -4874.4970
4499 -4874.5164
4500 -4874.5250
4501 -4874.5291
4502 -4874.5310
4503 -4874.5319
4504 -4874.5323
4505 -4874.5325
4506 -4873.8921
4507 -4874.3131
4508 -4874.4462
4509 -4874.4951
4510 -4874.5154
4511 -4874.5244
4512 -4874.5287
4513 -4874.5307
4514 -4874.5316
4515 -4874.5321
4516 -4874.5323
4517 -4873.8915
4518 -4874.3150
4519 -4874.4473
4520 -4874.4956
4521 -4874.5156
4522 -4874.5244
4523 -4874.5286
4524 -4874.5305
4525 -4874.5314
4526 -4874.5319
4527 -4874.5321
4528 -4873.8909
4529 -4874.3167
4530 -4874.4483
4531 -4874.4961
4532 -4874.5156
4533 -4874.5244
4534 -4874.5285
4535 -4874.5303
4536 -4874.5313
4537 -4874.5317
4538 -4874.5319
4539 -4873.9118
4540 -4874.3092
4541 -4874.4423
4542 -4874.4925
4543 -4874.5135
4544 -4874.5231
4545 -4874.5277
4546 -4874.5298
4547 -4874.5309
4548 -4874.5314
4549 -4874.5317
4550 -4873.9110
4551 -4874.3109
4552 -4874.4433
4553 -4874.4930
4554 -4874.5137
4555 -4874.5230
4556 -4874.5275
4557 -4874.5297
4558 -4874.5306
4559 -4874.5312
4560 -4874.5314
4561 -4873.9102
4562 -4874.3126
4563 -4874.4442
4564 -4874.4934
4565 -4874.5138
4566 -4874.5230
4567 -4874.5274
4568 -4874.5295
4569 -4874.5304
4570 -4874.5309
4571 -4874.5312
4572 -4873.9095
4573 -4874.3143
4574 -4874.4452
4575 -4874.4938
4576 -4874.5139
4577 -4874.5229
4578 -4874.5272
4579 -4874.5293
4580 -4874.5302
4581 -4874.5307
4582 -4874.5309
4583 -4873.9088
4584 -4874.3160
4585 -4874.4461
4586 -4874.4942
4587 -4874.5140
4588 -4874.5229
4589 -4874.5270
4590 -4874.5292
4591 -4874.5300
4592 -4874.5305
4593 -4874.5307
4594 -4873.9082
4595 -4874.3177
4596 -4874.4471
4597 -4874.4946
4598 -4874.5141
4599 -4874.5228
4600 -4874.5269
4601 -4874.5289
4602 -4874.5298
4603 -4874.5303
4604 -4874.5305
4605 -4873.8872
4606 -4874.3097
4607 -4874.4433
4608 -4874.4928
4609 -4874.5131
4610 -4874.5223
4611 -4874.5265
4612 -4874.5287
4613 -4874.5297
4614 -4874.5300
4615 -4874.5303
4616 -4873.8866
4617 -4874.3115
4618 -4874.4445
4619 -4874.4933
4620 -4874.5133
4621 -4874.5223
4622 -4874.5264
4623 -4874.5285
4624 -4874.5295
4625 -4874.5298
4626 -4874.5300
4627 -4873.8860
4628 -4874.3133
4629 -4874.4455
4630 -4874.4937
4631 -4874.5135
4632 -4874.5222
4633 -4874.5263
4634 -4874.5284
4635 -4874.5293
4636 -4874.5296
4637 -4874.5299
4638 -4873.9068
4639 -4874.3057
4640 -4874.4395
4641 -4874.4902
4642 -4874.5113
4643 -4874.5209
4644 -4874.5255
4645 -4874.5278
4646 -4874.5289
4647 -4874.5295
4648 -4874.5297
4649 -4873.9060
4650 -4874.3074
4651 -4874.4405
4652 -4874.4907
4653 -4874.5114
4654 -4874.5209
4655 -4874.5253
4656 -4874.5276
4657 -4874.5286
4658 -4874.5292
4659 -4874.5295
4660 -4873.9053
4661 -4874.3090
4662 -4874.4415
4663 -4874.4910
4664 -4874.5115
4665 -4874.5208
4666 -4874.5251
4667 -4874.5274
4668 -4874.5284
4669 -4874.5289
4670 -4874.5292
4671 -4873.9045
4672 -4874.3107
4673 -4874.4424
4674 -4874.4915
4675 -4874.5116
4676 -4874.5208
4677 -4874.5250
4678 -4874.5271
4679 -4874.5282
4680 -4874.5287
4681 -4874.5289
4682 -4873.9038
4683 -4874.3124
4684 -4874.4434
4685 -4874.4919
4686 -4874.5117
4687 -4874.5207
4688 -4874.5249
4689 -4874.5269
4690 -4874.5280
4691 -4874.5285
4692 -4874.5287
4693 -4873.9032
4694 -4874.3142
4695 -4874.4443
4696 -4874.4923
4697 -4874.5118
4698 -4874.5207
4699 -4874.5248
4700 -4874.5267
4701 -4874.5278
4702 -4874.5282
4703 -4874.5285
4704 -4873.8822
4705 -4874.3062
4706 -4874.4407
4707 -4874.4904
4708 -4874.5109
4709 -4874.5202
4710 -4874.5244
4711 -4874.5264
4712 -4874.5276
4713 -4874.5280
4714 -4874.5283
4715 -4873.8816
4716 -4874.3080
4717 -4874.4417
4718 -4874.4909
4719 -4874.5111
4720 -4874.5201
4721 -4874.5243
4722 -4874.5263
4723 -4874.5274
4724 -4874.5278
4725 -4874.5280
4726 -4873.8811
4727 -4874.3099
4728 -4874.4428
4729 -4874.4913
4730 -4874.5112
4731 -4874.5201
4732 -4874.5242
4733 -4874.5261
4734 -4874.5272
4735 -4874.5276
4736 -4874.5279
4737 -4873.9018
4738 -4874.3018
4739 -4874.4364
4740 -4874.4877
4741 -4874.5090
4742 -4874.5188
4743 -4874.5234
4744 -4874.5256
4745 -4874.5266
4746 -4874.5273
4747 -4874.5276
4748 -4873.9010
4749 -4874.3037
4750 -4874.4374
4751 -4874.4882
4752 -4874.5091
4753 -4874.5187
4754 -4874.5232
4755 -4874.5254
4756 -4874.5264
4757 -4874.5270
4758 -4874.5273
4759 -4873.9002
4760 -4874.3055
4761 -4874.4384
4762 -4874.4886
4763 -4874.5092
4764 -4874.5186
4765 -4874.5231
4766 -4874.5252
4767 -4874.5262
4768 -4874.5267
4769 -4874.5270
4770 -4873.8996
4771 -4874.3072
4772 -4874.4396
4773 -4874.4891
4774 -4874.5094
4775 -4874.5186
4776 -4874.5229
4777 -4874.5250
4778 -4874.5260
4779 -4874.5265
4780 -4874.5267
4781 -4873.8988
4782 -4874.3089
4783 -4874.4406
4784 -4874.4894
4785 -4874.5095
4786 -4874.5185
4787 -4874.5228
4788 -4874.5248
4789 -4874.5258
4790 -4874.5263
4791 -4874.5265
4792 -4873.8982
4793 -4874.3106
4794 -4874.4416
4795 -4874.4899
4796 -4874.5096
4797 -4874.5185
4798 -4874.5227
4799 -4874.5247
4800 -4874.5256
4801 -4874.5260
4802 -4874.5263
4803 -4873.8773
4804 -4874.3027
4805 -4874.4379
4806 -4874.4881
4807 -4874.5087
4808 -4874.5180
4809 -4874.5223
4810 -4874.5244
4811 -4874.5254
4812 -4874.5258
4813 -4874.5261
4814 -4873.8767
4815 -4874.3046
4816 -4874.4390
4817 -4874.4886
4818 -4874.5089
4819 -4874.5180
4820 -4874.5222
4821 -4874.5242
4822 -4874.5252
4823 -4874.5256
4824 -4874.5258
4825 -4873.8761
4826 -4874.3064
4827 -4874.4401
4828 -4874.4891
4829 -4874.5090
4830 -4874.5180
4831 -4874.5221
4832 -4874.5241
4833 -4874.5250
4834 -4874.5255
4835 -4874.5257
4836 -4873.8967
4837 -4874.2982
4838 -4874.4335
4839 -4874.4850
4840 -4874.5067
4841 -4874.5166
4842 -4874.5212
4843 -4874.5235
4844 -4874.5246
4845 -4874.5251
4846 -4874.5254
4847 -4873.8959
4848 -4874.2999
4849 -4874.4345
4850 -4874.4855
4851 -4874.5068
4852 -4874.5165
4853 -4874.5211
4854 -4874.5232
4855 -4874.5243
4856 -4874.5249
4857 -4874.5251
4858 -4873.8952
4859 -4874.3017
4860 -4874.4355
4861 -4874.4859
4862 -4874.5070
4863 -4874.5165
4864 -4874.5209
4865 -4874.5231
4866 -4874.5241
4867 -4874.5246
4868 -4874.5249
4869 -4873.8944
4870 -4874.3034
4871 -4874.4366
4872 -4874.4864
4873 -4874.5071
4874 -4874.5164
4875 -4874.5208
4876 -4874.5229
4877 -4874.5239
4878 -4874.5244
4879 -4874.5246
4880 -4873.8937
4881 -4874.3053
4882 -4874.4376
4883 -4874.4870
4884 -4874.5072
4885 -4874.5164
4886 -4874.5207
4887 -4874.5227
4888 -4874.5237
4889 -4874.5242
4890 -4874.5244
4891 -4873.8931
4892 -4874.3071
4893 -4874.4385
4894 -4874.4874
4895 -4874.5074
4896 -4874.5164
4897 -4874.5205
4898 -4874.5225
4899 -4874.5235
4900 -4874.5240
4901 -4874.5242
4902 -4873.8723
4903 -4874.2994
4904 -4874.4352
4905 -4874.4857
4906 -4874.5064
4907 -4874.5158
4908 -4874.5202
4909 -4874.5223
4910 -4874.5233
4911 -4874.5237
4912 -4874.5240
4913 -4873.8717
4914 -4874.3011
4915 -4874.4363
4916 -4874.4862
4917 -4874.5066
4918 -4874.5158
4919 -4874.5201
4920 -4874.5221
4921 -4874.5231
4922 -4874.5235
4923 -4874.5238
4924 -4873.8712
4925 -4874.3030
4926 -4874.4374
4927 -4874.4867
4928 -4874.5068
4929 -4874.5158
4930 -4874.5200
4931 -4874.5219
4932 -4874.5229
4933 -4874.5233
4934 -4874.5236
4935 -4873.8917
4936 -4874.2945
4937 -4874.4306
4938 -4874.4825
4939 -4874.5044
4940 -4874.5143
4941 -4874.5191
4942 -4874.5213
4943 -4874.5224
4944 -4874.5230
4945 -4874.5233
4946 -4873.8909
4947 -4874.2962
4948 -4874.4316
4949 -4874.4830
4950 -4874.5046
4951 -4874.5143
4952 -4874.5189
4953 -4874.5211
4954 -4874.5222
4955 -4874.5227
4956 -4874.5230
4957 -4873.8901
4958 -4874.2981
4959 -4874.4327
4960 -4874.4834
4961 -4874.5047
4962 -4874.5142
4963 -4874.5188
4964 -4874.5209
4965 -4874.5220
4966 -4874.5225
4967 -4874.5228
4968 -4873.8894
4969 -4874.2998
4970 -4874.4337
4971 -4874.4839
4972 -4874.5048
4973 -4874.5142
4974 -4874.5186
4975 -4874.5207
4976 -4874.5218
4977 -4874.5223
4978 -4874.5225
4979 -4873.8887
4980 -4874.3016
4981 -4874.4347
4982 -4874.4843
4983 -4874.5049
4984 -4874.5141
4985 -4874.5185
4986 -4874.5206
4987 -4874.5216
4988 -4874.5220
4989 -4874.5223
4990 -4873.8880
4991 -4874.3034
4992 -4874.4357
4993 -4874.4848
4994 -4874.5051
4995 -4874.5141
4996 -4874.5184
4997 -4874.5204
4998 -4874.5214
4999 -4874.5218
5000 -4874.5221
5001 -4873.8674
5002 -4874.2957
5003 -4874.4322
5004 -4874.4830
5005 -4874.5042
5006 -4874.5136
5007 -4874.5180
5008 -4874.5201
5009 -4874.5211
5010 -4874.5216
5011 -4874.5219
5012 -4873.8668
5013 -4874.2977
5014 -4874.4333
5015 -4874.4835
5016 -4874.5044
5017 -4874.5136
5018 -4874.5179
5019 -4874.5199
5020 -4874.5209
5021 -4874.5214
5022 -4874.5217
5023 -4873.8662
5024 -4874.2996
5025 -4874.4344
5026 -4874.4840
5027 -4874.5045
5028 -4874.5136
5029 -4874.5178
5030 -4874.5198
5031 -4874.5207
5032 -4874.5212
5033 -4874.5214
5034 -4873.8866
5035 -4874.2908
5036 -4874.4277
5037 -4874.4800
5038 -4874.5021
5039 -4874.5121
5040 -4874.5168
5041 -4874.5192
5042 -4874.5203
5043 -4874.5209
5044 -4874.5211
5045 -4873.8859
5046 -4874.2926
5047 -4874.4288
5048 -4874.4805
5049 -4874.5022
5050 -4874.5121
5051 -4874.5167
5052 -4874.5190
5053 -4874.5201
5054 -4874.5206
5055 -4874.5209
5056 -4873.8851
5057 -4874.2943
5058 -4874.4298
5059 -4874.4809
5060 -4874.5024
5061 -4874.5120
5062 -4874.5166
5063 -4874.5188
5064 -4874.5199
5065 -4874.5204
5066 -4874.5206
5067 -4873.8844
5068 -4874.2962
5069 -4874.4308
5070 -4874.4814
5071 -4874.5025
5072 -4874.5119
5073 -4874.5165
5074 -4874.5186
5075 -4874.5196
5076 -4874.5201
5077 -4874.5204
5078 -4873.8837
5079 -4874.2979
5080 -4874.4319
5081 -4874.4818
5082 -4874.5026
5083 -4874.5119
5084 -4874.5163
5085 -4874.5184
5086 -4874.5194
5087 -4874.5199
5088 -4874.5202
5089 -4873.8830
5090 -4874.2998
5091 -4874.4329
5092 -4874.4823
5093 -4874.5027
5094 -4874.5119
5095 -4874.5162
5096 -4874.5183
5097 -4874.5192
5098 -4874.5197
5099 -4874.5199
5100 -4873.8624
5101 -4874.2921
5102 -4874.4294
5103 -4874.4806
5104 -4874.5019
5105 -4874.5114
5106 -4874.5159
5107 -4874.5180
5108 -4874.5190
5109 -4874.5195
5110 -4874.5197
5111 -4873.8618
5112 -4874.2940
5113 -4874.4305
5114 -4874.4811
5115 -4874.5021
5116 -4874.5114
5117 -4874.5157
5118 -4874.5178
5119 -4874.5188
5120 -4874.5193
5121 -4874.5195
5122 -4873.8613
5123 -4874.2959
5124 -4874.4316
5125 -4874.4816
5126 -4874.5022
5127 -4874.5113
5128 -4874.5156
5129 -4874.5176
5130 -4874.5186
5131 -4874.5191
5132 -4874.5193
5133 -4873.8816
5134 -4874.2871
5135 -4874.4248
5136 -4874.4775
5137 -4874.4998
5138 -4874.5098
5139 -4874.5146
5140 -4874.5169
5141 -4874.5182
5142 -4874.5187
5143 -4874.5190
5144 -4873.8808
5145 -4874.2889
5146 -4874.4259
5147 -4874.4780
5148 -4874.4999
5149 -4874.5098
5150 -4874.5145
5151 -4874.5168
5152 -4874.5179
5153 -4874.5185
5154 -4874.5187
5155 -4873.8800
5156 -4874.2907
5157 -4874.4269
5158 -4874.4784
5159 -4874.5000
5160 -4874.5097
5161 -4874.5143
5162 -4874.5166
5163 -4874.5177
5164 -4874.5182
5165 -4874.5185
5166 -4873.8793
5167 -4874.2925
5168 -4874.4280
5169 -4874.4789
5170 -4874.5002
5171 -4874.5097
5172 -4874.5142
5173 -4874.5164
5174 -4874.5175
5175 -4874.5180
5176 -4874.5182
5177 -4873.8786
5178 -4874.2943
5179 -4874.4290
5180 -4874.4793
5181 -4874.5003
5182 -4874.5097
5183 -4874.5141
5184 -4874.5162
5185 -4874.5172
5186 -4874.5178
5187 -4874.5180
5188 -4873.8779
5189 -4874.2961
5190 -4874.4300
5191 -4874.4798
5192 -4874.5004
5193 -4874.5096
5194 -4874.5140
5195 -4874.5161
5196 -4874.5170
5197 -4874.5175
5198 -4874.5178
5199 -4873.8575
5200 -4874.2885
5201 -4874.4266
5202 -4874.4781
5203 -4874.4996
5204 -4874.5091
5205 -4874.5136
5206 -4874.5157
5207 -4874.5168
5208 -4874.5172
5209 -4874.5176
5210 -4873.8568
5211 -4874.2905
5212 -4874.4277
5213 -4874.4786
5214 -4874.4998
5215 -4874.5091
5216 -4874.5135
5217 -4874.5156
5218 -4874.5166
5219 -4874.5170
5220 -4874.5172
5221 -4873.8563
5222 -4874.2924
5223 -4874.4288
5224 -4874.4791
5225 -4874.5000
5226 -4874.5091
5227 -4874.5134
5228 -4874.5154
5229 -4874.5164
5230 -4874.5168
5231 -4874.5171
5232 -4873.8765
5233 -4874.2835
5234 -4874.4216
5235 -4874.4750
5236 -4874.4974
5237 -4874.5076
5238 -4874.5124
5239 -4874.5148
5240 -4874.5160
5241 -4874.5165
5242 -4874.5168
5243 -4873.8757
5244 -4874.2852
5245 -4874.4227
5246 -4874.4754
5247 -4874.4976
5248 -4874.5075
5249 -4874.5123
5250 -4874.5146
5251 -4874.5157
5252 -4874.5163
5253 -4874.5166
5254 -4873.8749
5255 -4874.2871
5256 -4874.4240
5257 -4874.4758
5258 -4874.4977
5259 -4874.5075
5260 -4874.5121
5261 -4874.5143
5262 -4874.5154
5263 -4874.5160
5264 -4874.5163
5265 -4873.8742
5266 -4874.2889
5267 -4874.4251
5268 -4874.4763
5269 -4874.4978
5270 -4874.5075
5271 -4874.5120
5272 -4874.5142
5273 -4874.5152
5274 -4874.5158
5275 -4874.5161
5276 -4873.8735
5277 -4874.2907
5278 -4874.4261
5279 -4874.4768
5280 -4874.4980
5281 -4874.5074
5282 -4874.5119
5283 -4874.5140
5284 -4874.5150
5285 -4874.5155
5286 -4874.5158
5287 -4873.8729
5288 -4874.2925
5289 -4874.4272
5290 -4874.4773
5291 -4874.4981
5292 -4874.5074
5293 -4874.5117
5294 -4874.5138
5295 -4874.5148
5296 -4874.5153
5297 -4874.5156
5298 -4873.8525
5299 -4874.2849
5300 -4874.4238
5301 -4874.4756
5302 -4874.4972
5303 -4874.5069
5304 -4874.5114
5305 -4874.5135
5306 -4874.5146
5307 -4874.5150
5308 -4874.5153
5309 -4873.8519
5310 -4874.2869
5311 -4874.4249
5312 -4874.4761
5313 -4874.4974
5314 -4874.5069
5315 -4874.5113
5316 -4874.5134
5317 -4874.5144
5318 -4874.5149
5319 -4874.5151
5320 -4873.8513
5321 -4874.2889
5322 -4874.4261
5323 -4874.4766
5324 -4874.4976
5325 -4874.5069
5326 -4874.5112
5327 -4874.5132
5328 -4874.5142
5329 -4874.5147
5330 -4874.5149
5331 -4873.8715
5332 -4874.2798
5333 -4874.4187
5334 -4874.4724
5335 -4874.4950
5336 -4874.5053
5337 -4874.5102
5338 -4874.5126
5339 -4874.5137
5340 -4874.5143
5341 -4874.5146
5342 -4873.8707
5343 -4874.2816
5344 -4874.4198
5345 -4874.4728
5346 -4874.4952
5347 -4874.5053
5348 -4874.5101
5349 -4874.5124
5350 -4874.5135
5351 -4874.5141
5352 -4874.5143
5353 -4873.8699
5354 -4874.2834
5355 -4874.4208
5356 -4874.4733
5357 -4874.4953
5358 -4874.5052
5359 -4874.5099
5360 -4874.5122
5361 -4874.5132
5362 -4874.5138
5363 -4874.5141
5364 -4873.8692
5365 -4874.2853
5366 -4874.4219
5367 -4874.4738
5368 -4874.4955
5369 -4874.5052
5370 -4874.5098
5371 -4874.5120
5372 -4874.5130
5373 -4874.5135
5374 -4874.5138
5375 -4873.8685
5376 -4874.2871
5377 -4874.4230
5378 -4874.4743
5379 -4874.4956
5380 -4874.5052
5381 -4874.5096
5382 -4874.5118
5383 -4874.5128
5384 -4874.5133
5385 -4874.5136
5386 -4873.8678
5387 -4874.2889
5388 -4874.4243
5389 -4874.4747
5390 -4874.4957
5391 -4874.5051
5392 -4874.5095
5393 -4874.5116
5394 -4874.5126
5395 -4874.5131
5396 -4874.5133
5397 -4873.8475
5398 -4874.2814
5399 -4874.4209
5400 -4874.4731
5401 -4874.4949
5402 -4874.5046
5403 -4874.5091
5404 -4874.5113
5405 -4874.5124
5406 -4874.5129
5407 -4874.5131
5408 -4873.8469
5409 -4874.2834
5410 -4874.4221
5411 -4874.4737
5412 -4874.4951
5413 -4874.5046
5414 -4874.5091
5415 -4874.5112
5416 -4874.5122
5417 -4874.5126
5418 -4874.5129
5419 -4873.8463
5420 -4874.2853
5421 -4874.4232
5422 -4874.4742
5423 -4874.4953
5424 -4874.5046
5425 -4874.5089
5426 -4874.5110
5427 -4874.5120
5428 -4874.5125
5429 -4874.5127
5430 -4873.8664
5431 -4874.2761
5432 -4874.4157
5433 -4874.4698
5434 -4874.4927
5435 -4874.5030
5436 -4874.5079
5437 -4874.5103
5438 -4874.5115
5439 -4874.5121
5440 -4874.5124
5441 -4873.8656
5442 -4874.2779
5443 -4874.4168
5444 -4874.4703
5445 -4874.4929
5446 -4874.5030
5447 -4874.5078
5448 -4874.5101
5449 -4874.5113
5450 -4874.5118
5451 -4874.5121
5452 -4873.8648
5453 -4874.2798
5454 -4874.4179
5455 -4874.4707
5456 -4874.4930
5457 -4874.5029
5458 -4874.5076
5459 -4874.5099
5460 -4874.5110
5461 -4874.5116
5462 -4874.5118
5463 -4873.8641
5464 -4874.2816
5465 -4874.4190
5466 -4874.4712
5467 -4874.4931
5468 -4874.5029
5469 -4874.5075
5470 -4874.5097
5471 -4874.5108
5472 -4874.5113
5473 -4874.5116
5474 -4873.8634
5475 -4874.2835
5476 -4874.4201
5477 -4874.4717
5478 -4874.4932
5479 -4874.5028
5480 -4874.5074
5481 -4874.5095
5482 -4874.5106
5483 -4874.5111
5484 -4874.5114
5485 -4873.8628
5486 -4874.2853
5487 -4874.4212
5488 -4874.4722
5489 -4874.4934
5490 -4874.5028
5491 -4874.5072
5492 -4874.5094
5493 -4874.5104
5494 -4874.5109
5495 -4874.5111
5496 -4873.8426
5497 -4874.2778
5498 -4874.4178
5499 -4874.4706
5500 -4874.4925
5501 -4874.5023
5502 -4874.5069
5503 -4874.5091
5504 -4874.5101
5505 -4874.5106
5506 -4874.5109
5507 -4873.8420
5508 -4874.2799
5509 -4874.4190
5510 -4874.4712
5511 -4874.4927
5512 -4874.5023
5513 -4874.5068
5514 -4874.5089
5515 -4874.5100
5516 -4874.5104
5517 -4874.5107
5518 -4873.8414
5519 -4874.2818
5520 -4874.4204
5521 -4874.4717
5522 -4874.4929
5523 -4874.5023
5524 -4874.5067
5525 -4874.5087
5526 -4874.5097
5527 -4874.5102
5528 -4874.5105
5529 -4873.8613
5530 -4874.2724
5531 -4874.4127
5532 -4874.4671
5533 -4874.4903
5534 -4874.5007
5535 -4874.5057
5536 -4874.5081
5537 -4874.5093
5538 -4874.5099
5539 -4874.5102
5540 -4873.8605
5541 -4874.2742
5542 -4874.4138
5543 -4874.4677
5544 -4874.4905
5545 -4874.5006
5546 -4874.5055
5547 -4874.5079
5548 -4874.5090
5549 -4874.5096
5550 -4874.5099
5551 -4873.8597
5552 -4874.2761
5553 -4874.4149
5554 -4874.4681
5555 -4874.4907
5556 -4874.5006
5557 -4874.5054
5558 -4874.5077
5559 -4874.5088
5560 -4874.5093
5561 -4874.5096
5562 -4873.8590
5563 -4874.2780
5564 -4874.4160
5565 -4874.4686
5566 -4874.4908
5567 -4874.5006
5568 -4874.5052
5569 -4874.5075
5570 -4874.5085
5571 -4874.5091
5572 -4874.5094
5573 -4873.8583
5574 -4874.2798
5575 -4874.4171
5576 -4874.4691
5577 -4874.4909
5578 -4874.5005
5579 -4874.5051
5580 -4874.5073
5581 -4874.5084
5582 -4874.5088
5583 -4874.5091
5584 -4873.8576
5585 -4874.2817
5586 -4874.4182
5587 -4874.4696
5588 -4874.4911
5589 -4874.5005
5590 -4874.5050
5591 -4874.5071
5592 -4874.5081
5593 -4874.5086
5594 -4874.5089
5595 -4873.8375
5596 -4874.2743
5597 -4874.4150
5598 -4874.4680
5599 -4874.4902
5600 -4874.5000
5601 -4874.5047
5602 -4874.5068
5603 -4874.5079
5604 -4874.5084
5605 -4874.5086
5606 -4873.8369
5607 -4874.2764
5608 -4874.4162
5609 -4874.4686
5610 -4874.4904
5611 -4874.5000
5612 -4874.5045
5613 -4874.5067
5614 -4874.5077
5615 -4874.5082
5616 -4874.5084
5617 -4873.8363
5618 -4874.2783
5619 -4874.4173
5620 -4874.4691
5621 -4874.4907
5622 -4874.5000
5623 -4874.5044
5624 -4874.5065
5625 -4874.5075
5626 -4874.5080
5627 -4874.5082
5628 -4873.8562
5629 -4874.2686
5630 -4874.4096
5631 -4874.4645
5632 -4874.4879
5633 -4874.4983
5634 -4874.5034
5635 -4874.5058
5636 -4874.5070
5637 -4874.5076
5638 -4874.5079
5639 -4873.8554
5640 -4874.2705
5641 -4874.4108
5642 -4874.4650
5643 -4874.4880
5644 -4874.4983
5645 -4874.5032
5646 -4874.5056
5647 -4874.5068
5648 -4874.5074
5649 -4874.5077
5650 -4873.8546
5651 -4874.2724
5652 -4874.4119
5653 -4874.4655
5654 -4874.4882
5655 -4874.4983
5656 -4874.5031
5657 -4874.5054
5658 -4874.5065
5659 -4874.5071
5660 -4874.5074
5661 -4873.8539
5662 -4874.2743
5663 -4874.4130
5664 -4874.4661
5665 -4874.4884
5666 -4874.4982
5667 -4874.5030
5668 -4874.5052
5669 -4874.5063
5670 -4874.5068
5671 -4874.5071
5672 -4873.8532
5673 -4874.2762
5674 -4874.4141
5675 -4874.4666
5676 -4874.4885
5677 -4874.4982
5678 -4874.5028
5679 -4874.5050
5680 -4874.5061
5681 -4874.5066
5682 -4874.5069
5683 -4873.8525
5684 -4874.2781
5685 -4874.4153
5686 -4874.4671
5687 -4874.4887
5688 -4874.4982
5689 -4874.5027
5690 -4874.5048
5691 -4874.5059
5692 -4874.5064
5693 -4874.5066
5694 -4873.8325
5695 -4874.2707
5696 -4874.4121
5697 -4874.4655
5698 -4874.4879
5699 -4874.4977
5700 -4874.5023
5701 -4874.5046
5702 -4874.5056
5703 -4874.5062
5704 -4874.5064
5705 -4873.8319
5706 -4874.2728
5707 -4874.4133
5708 -4874.4660
5709 -4874.4881
5710 -4874.4977
5711 -4874.5022
5712 -4874.5044
5713 -4874.5054
5714 -4874.5059
5715 -4874.5062
5716 -4873.8313
5717 -4874.2748
5718 -4874.4145
5719 -4874.4666
5720 -4874.4883
5721 -4874.4977
5722 -4874.5022
5723 -4874.5043
5724 -4874.5052
5725 -4874.5058
5726 -4874.5060
5727 -4873.8511
5728 -4874.2648
5729 -4874.4066
5730 -4874.4619
5731 -4874.4852
5732 -4874.4960
5733 -4874.5011
5734 -4874.5035
5735 -4874.5048
5736 -4874.5054
5737 -4874.5057
5738 -4873.8503
5739 -4874.2668
5740 -4874.4078
5741 -4874.4624
5742 -4874.4854
5743 -4874.4960
5744 -4874.5009
5745 -4874.5033
5746 -4874.5045
5747 -4874.5051
5748 -4874.5054
5749 -4873.8495
5750 -4874.2687
5751 -4874.4089
5752 -4874.4629
5753 -4874.4855
5754 -4874.4959
5755 -4874.5008
5756 -4874.5031
5757 -4874.5043
5758 -4874.5048
5759 -4874.5051
5760 -4873.8489
5761 -4874.2706
5762 -4874.4100
5763 -4874.4634
5764 -4874.4857
5765 -4874.4959
5766 -4874.5006
5767 -4874.5029
5768 -4874.5040
5769 -4874.5046
5770 -4874.5049
5771 -4873.8482
5772 -4874.2725
5773 -4874.4112
5774 -4874.4639
5775 -4874.4859
5776 -4874.4958
5777 -4874.5005
5778 -4874.5027
5779 -4874.5038
5780 -4874.5043
5781 -4874.5046
5782 -4873.8476
5783 -4874.2744
5784 -4874.4123
5785 -4874.4644
5786 -4874.4860
5787 -4874.4958
5788 -4874.5004
5789 -4874.5026
5790 -4874.5036
5791 -4874.5041
5792 -4874.5044
5793 -4873.8277
5794 -4874.2672
5795 -4874.4091
5796 -4874.4629
5797 -4874.4852
5798 -4874.4953
5799 -4874.5001
5800 -4874.5023
5801 -4874.5034
5802 -4874.5039
5803 -4874.5041
5804 -4873.8271
5805 -4874.2692
5806 -4874.4103
5807 -4874.4635
5808 -4874.4854
5809 -4874.4953
5810 -4874.5000
5811 -4874.5021
5812 -4874.5032
5813 -4874.5036
5814 -4874.5039
5815 -4873.8266
5816 -4874.2712
5817 -4874.4116
5818 -4874.4640
5819 -4874.4856
5820 -4874.4954
5821 -4874.4999
5822 -4874.5019
5823 -4874.5030
5824 -4874.5035
5825 -4874.5037
5826 -4873.8463
5827 -4874.2608
5828 -4874.4036
5829 -4874.4592
5830 -4874.4827
5831 -4874.4936
5832 -4874.4988
5833 -4874.5013
5834 -4874.5025
5835 -4874.5031
5836 -4874.5034
5837 -4873.8455
5838 -4874.2629
5839 -4874.4047
5840 -4874.4597
5841 -4874.4829
5842 -4874.4936
5843 -4874.4986
5844 -4874.5010
5845 -4874.5022
5846 -4874.5028
5847 -4874.5031
5848 -4873.8447
5849 -4874.2650
5850 -4874.4059
5851 -4874.4603
5852 -4874.4831
5853 -4874.4935
5854 -4874.4985
5855 -4874.5008
5856 -4874.5020
5857 -4874.5025
5858 -4874.5028
5859 -4873.8440
5860 -4874.2668
5861 -4874.4071
5862 -4874.4608
5863 -4874.4832
5864 -4874.4935
5865 -4874.4983
5866 -4874.5006
5867 -4874.5017
5868 -4874.5023
5869 -4874.5026
5870 -4873.8432
5871 -4874.2688
5872 -4874.4082
5873 -4874.4613
5874 -4874.4834
5875 -4874.4935
5876 -4874.4982
5877 -4874.5004
5878 -4874.5015
5879 -4874.5020
5880 -4874.5023
5881 -4873.8426
5882 -4874.2707
5883 -4874.4093
5884 -4874.4618
5885 -4874.4836
5886 -4874.4935
5887 -4874.4981
5888 -4874.5002
5889 -4874.5013
5890 -4874.5018
5891 -4874.5021
5892 -4873.8228
5893 -4874.2635
5894 -4874.4062
5895 -4874.4603
5896 -4874.4828
5897 -4874.4930
5898 -4874.4977
5899 -4874.5000
5900 -4874.5011
5901 -4874.5016
5902 -4874.5018
5903 -4873.8221
5904 -4874.2656
5905 -4874.4074
5906 -4874.4609
5907 -4874.4830
5908 -4874.4930
5909 -4874.4976
5910 -4874.4998
5911 -4874.5009
5912 -4874.5014
5913 -4874.5016
5914 -4873.8216
5915 -4874.2677
5916 -4874.4086
5917 -4874.4615
5918 -4874.4832
5919 -4874.4930
5920 -4874.4975
5921 -4874.4997
5922 -4874.5007
5923 -4874.5012
5924 -4874.5014
5925 -4873.8412
5926 -4874.2571
5927 -4874.4005
5928 -4874.4565
5929 -4874.4803
5930 -4874.4914
5931 -4874.4964
5932 -4874.4989
5933 -4874.5002
5934 -4874.5008
5935 -4874.5011
5936 -4873.8404
5937 -4874.2590
5938 -4874.4017
5939 -4874.4571
5940 -4874.4805
5941 -4874.4913
5942 -4874.4962
5943 -4874.4987
5944 -4874.4999
5945 -4874.5005
5946 -4874.5008
5947 -4873.8396
5948 -4874.2609
5949 -4874.4029
5950 -4874.4576
5951 -4874.4806
5952 -4874.4913
5953 -4874.4961
5954 -4874.4985
5955 -4874.4997
5956 -4874.5002
5957 -4874.5005
5958 -4873.8388
5959 -4874.2631
5960 -4874.4041
5961 -4874.4581
5962 -4874.4808
5963 -4874.4912
5964 -4874.4960
5965 -4874.4983
5966 -4874.4994
5967 -4874.5000
5968 -4874.5003
5969 -4873.8382
5970 -4874.2652
5971 -4874.4052
5972 -4874.4587
5973 -4874.4809
5974 -4874.4912
5975 -4874.4958
5976 -4874.4981
5977 -4874.4992
5978 -4874.4998
5979 -4874.5000
5980 -4873.8375
5981 -4874.2670
5982 -4874.4063
5983 -4874.4592
5984 -4874.4811
5985 -4874.4912
5986 -4874.4957
5987 -4874.4979
5988 -4874.4990
5989 -4874.4995
5990 -4874.4998
5991 -4873.8177
5992 -4874.2599
5993 -4874.4032
5994 -4874.4577
5995 -4874.4803
5996 -4874.4907
5997 -4874.4954
5998 -4874.4976
5999 -4874.4987
6000 -4874.4993
6001 -4874.4995
6002 -4873.8171
6003 -4874.2620
6004 -4874.4044
6005 -4874.4583
6006 -4874.4805
6007 -4874.4907
6008 -4874.4953
6009 -4874.4975
6010 -4874.4985
6011 -4874.4990
6012 -4874.4993
6013 -4873.8166
6014 -4874.2641
6015 -4874.4057
6016 -4874.4589
6017 -4874.4808
6018 -4874.4907
6019 -4874.4952
6020 -4874.4973
6021 -4874.4984
6022 -4874.4988
6023 -4874.4991
6024 -4873.8361
6025 -4874.2532
6026 -4874.3975
6027 -4874.4538
6028 -4874.4778
6029 -4874.4889
6030 -4874.4941
6031 -4874.4966
6032 -4874.4978
6033 -4874.4985
6034 -4874.4988
6035 -4873.8353
6036 -4874.2553
6037 -4874.3987
6038 -4874.4543
6039 -4874.4779
6040 -4874.4889
6041 -4874.4939
6042 -4874.4964
6043 -4874.4976
6044 -4874.4982
6045 -4874.4985
6046 -4873.8345
6047 -4874.2572
6048 -4874.3998
6049 -4874.4549
6050 -4874.4781
6051 -4874.4889
6052 -4874.4937
6053 -4874.4962
6054 -4874.4973
6055 -4874.4979
6056 -4874.4982
6057 -4873.8338
6058 -4874.2592
6059 -4874.4010
6060 -4874.4555
6061 -4874.4783
6062 -4874.4888
6063 -4874.4936
6064 -4874.4959
6065 -4874.4971
6066 -4874.4977
6067 -4874.4979
6068 -4873.8331
6069 -4874.2611
6070 -4874.4022
6071 -4874.4560
6072 -4874.4784
6073 -4874.4888
6074 -4874.4935
6075 -4874.4958
6076 -4874.4969
6077 -4874.4974
6078 -4874.4977
6079 -4873.8324
6080 -4874.2633
6081 -4874.4034
6082 -4874.4565
6083 -4874.4786
6084 -4874.4888
6085 -4874.4934
6086 -4874.4956
6087 -4874.4967
6088 -4874.4972
6089 -4874.4974
6090 -4873.8128
6091 -4874.2563
6092 -4874.4003
6093 -4874.4551
6094 -4874.4779
6095 -4874.4883
6096 -4874.4930
6097 -4874.4953
6098 -4874.4964
6099 -4874.4969
6100 -4874.4972
6101 -4873.8122
6102 -4874.2584
6103 -4874.4015
6104 -4874.4557
6105 -4874.4781
6106 -4874.4883
6107 -4874.4929
6108 -4874.4951
6109 -4874.4962
6110 -4874.4967
6111 -4874.4970
6112 -4873.8116
6113 -4874.2605
6114 -4874.4028
6115 -4874.4562
6116 -4874.4783
6117 -4874.4884
6118 -4874.4928
6119 -4874.4950
6120 -4874.4960
6121 -4874.4965
6122 -4874.4967
6123 -4873.8310
6124 -4874.2494
6125 -4874.3943
6126 -4874.4510
6127 -4874.4752
6128 -4874.4863
6129 -4874.4918
6130 -4874.4942
6131 -4874.4955
6132 -4874.4961
6133 -4874.4964
6134 -4873.8302
6135 -4874.2514
6136 -4874.3956
6137 -4874.4515
6138 -4874.4754
6139 -4874.4863
6140 -4874.4916
6141 -4874.4940
6142 -4874.4952
6143 -4874.4958
6144 -4874.4961
6145 -4873.8294
6146 -4874.2534
6147 -4874.3968
6148 -4874.4520
6149 -4874.4756
6150 -4874.4862
6151 -4874.4915
6152 -4874.4938
6153 -4874.4950
6154 -4874.4955
6155 -4874.4959
6156 -4873.8287
6157 -4874.2554
6158 -4874.3980
6159 -4874.4526
6160 -4874.4758
6161 -4874.4862
6162 -4874.4913
6163 -4874.4936
6164 -4874.4947
6165 -4874.4953
6166 -4874.4956
6167 -4873.8280
6168 -4874.2574
6169 -4874.3992
6170 -4874.4533
6171 -4874.4760
6172 -4874.4862
6173 -4874.4912
6174 -4874.4934
6175 -4874.4945
6176 -4874.4951
6177 -4874.4953
6178 -4873.8273
6179 -4874.2594
6180 -4874.4004
6181 -4874.4538
6182 -4874.4761
6183 -4874.4862
6184 -4874.4911
6185 -4874.4932
6186 -4874.4943
6187 -4874.4948
6188 -4874.4951
6189 -4873.8078
6190 -4874.2524
6191 -4874.3973
6192 -4874.4524
6193 -4874.4754
6194 -4874.4857
6195 -4874.4908
6196 -4874.4929
6197 -4874.4941
6198 -4874.4946
6199 -4874.4948
6200 -4873.8072
6201 -4874.2545
6202 -4874.3986
6203 -4874.4530
6204 -4874.4756
6205 -4874.4857
6206 -4874.4907
6207 -4874.4929
6208 -4874.4939
6209 -4874.4943
6210 -4874.4946
6211 -4873.8066
6212 -4874.2570
6213 -4874.3998
6214 -4874.4536
6215 -4874.4758
6216 -4874.4857
6217 -4874.4905
6218 -4874.4927
6219 -4874.4937
6220 -4874.4942
6221 -4874.4944
6222 -4873.8259
6223 -4874.2456
6224 -4874.3916
6225 -4874.4483
6226 -4874.4727
6227 -4874.4838
6228 -4874.4894
6229 -4874.4920
6230 -4874.4931
6231 -4874.4938
6232 -4874.4941
6233 -4873.8251
6234 -4874.2476
6235 -4874.3927
6236 -4874.4488
6237 -4874.4729
6238 -4874.4838
6239 -4874.4893
6240 -4874.4918
6241 -4874.4930
6242 -4874.4935
6243 -4874.4938
6244 -4873.8243
6245 -4874.2496
6246 -4874.3939
6247 -4874.4494
6248 -4874.4731
6249 -4874.4838
6250 -4874.4891
6251 -4874.4916
6252 -4874.4927
6253 -4874.4932
6254 -4874.4935
6255 -4873.8236
6256 -4874.2516
6257 -4874.3949
6258 -4874.4500
6259 -4874.4733
6260 -4874.4837
6261 -4874.4889
6262 -4874.4914
6263 -4874.4925
6264 -4874.4931
6265 -4874.4932
6266 -4873.8229
6267 -4874.2536
6268 -4874.3961
6269 -4874.4506
6270 -4874.4734
6271 -4874.4837
6272 -4874.4888
6273 -4874.4911
6274 -4874.4923
6275 -4874.4928
6276 -4874.4931
6277 -4873.8222
6278 -4874.2556
6279 -4874.3974
6280 -4874.4511
6281 -4874.4736
6282 -4874.4837
6283 -4874.4887
6284 -4874.4910
6285 -4874.4920
6286 -4874.4926
6287 -4874.4928
6288 -4873.8027
6289 -4874.2487
6290 -4874.3943
6291 -4874.4495
6292 -4874.4729
6293 -4874.4833
6294 -4874.4883
6295 -4874.4907
6296 -4874.4918
6297 -4874.4923
6298 -4874.4926
6299 -4873.8021
6300 -4874.2509
6301 -4874.3956
6302 -4874.4502
6303 -4874.4731
6304 -4874.4833
6305 -4874.4883
6306 -4874.4905
6307 -4874.4916
6308 -4874.4921
6309 -4874.4924
6310 -4873.8016
6311 -4874.2530
6312 -4874.3969
6313 -4874.4508
6314 -4874.4733
6315 -4874.4833
6316 -4874.4882
6317 -4874.4903
6318 -4874.4914
6319 -4874.4919
6320 -4874.4921
6321 -4873.8208
6322 -4874.2418
6323 -4874.3884
6324 -4874.4456
6325 -4874.4702
6326 -4874.4814
6327 -4874.4867
6328 -4874.4896
6329 -4874.4909
6330 -4874.4915
6331 -4874.4918
6332 -4873.8199
6333 -4874.2438
6334 -4874.3897
6335 -4874.4462
6336 -4874.4703
6337 -4874.4814
6338 -4874.4866
6339 -4874.4894
6340 -4874.4906
6341 -4874.4912
6342 -4874.4915
6343 -4873.8192
6344 -4874.2458
6345 -4874.3909
6346 -4874.4467
6347 -4874.4705
6348 -4874.4813
6349 -4874.4864
6350 -4874.4892
6351 -4874.4903
6352 -4874.4910
6353 -4874.4912
6354 -4873.8185
6355 -4874.2479
6356 -4874.3922
6357 -4874.4473
6358 -4874.4707
6359 -4874.4813
6360 -4874.4863
6361 -4874.4889
6362 -4874.4901
6363 -4874.4907
6364 -4874.4910
6365 -4873.8178
6366 -4874.2499
6367 -4874.3933
6368 -4874.4478
6369 -4874.4709
6370 -4874.4813
6371 -4874.4862
6372 -4874.4887
6373 -4874.4899
6374 -4874.4904
6375 -4874.4907
6376 -4873.8171
6377 -4874.2519
6378 -4874.3945
6379 -4874.4484
6380 -4874.4711
6381 -4874.4813
6382 -4874.4861
6383 -4874.4885
6384 -4874.4896
6385 -4874.4902
6386 -4874.4905
6387 -4873.7977
6388 -4874.2450
6389 -4874.3912
6390 -4874.4470
6391 -4874.4704
6392 -4874.4808
6393 -4874.4857
6394 -4874.4883
6395 -4874.4894
6396 -4874.4900
6397 -4874.4902
6398 -4873.7971
6399 -4874.2472
6400 -4874.3926
6401 -4874.4476
6402 -4874.4706
6403 -4874.4809
6404 -4874.4856
6405 -4874.4881
6406 -4874.4892
6407 -4874.4897
6408 -4874.4900
6409 -4873.7965
6410 -4874.2494
6411 -4874.3939
6412 -4874.4482
6413 -4874.4708
6414 -4874.4809
6415 -4874.4855
6416 -4874.4880
6417 -4874.4890
6418 -4874.4895
6419 -4874.4898
6420 -4873.8156
6421 -4874.2380
6422 -4874.3853
6423 -4874.4427
6424 -4874.4676
6425 -4874.4789
6426 -4874.4843
6427 -4874.4869
6428 -4874.4885
6429 -4874.4891
6430 -4874.4894
6431 -4873.8148
6432 -4874.2400
6433 -4874.3865
6434 -4874.4435
6435 -4874.4678
6436 -4874.4789
6437 -4874.4842
6438 -4874.4867
6439 -4874.4882
6440 -4874.4888
6441 -4874.4891
6442 -4873.8140
6443 -4874.2420
6444 -4874.3878
6445 -4874.4440
6446 -4874.4679
6447 -4874.4788
6448 -4874.4840
6449 -4874.4865
6450 -4874.4880
6451 -4874.4885
6452 -4874.4889
6453 -4873.8133
6454 -4874.2441
6455 -4874.3890
6456 -4874.4446
6457 -4874.4682
6458 -4874.4788
6459 -4874.4839
6460 -4874.4863
6461 -4874.4877
6462 -4874.4883
6463 -4874.4886
6464 -4873.8126
6465 -4874.2462
6466 -4874.3903
6467 -4874.4452
6468 -4874.4684
6469 -4874.4788
6470 -4874.4837
6471 -4874.4861
6472 -4874.4873
6473 -4874.4880
6474 -4874.4883
6475 -4873.8119
6476 -4874.2482
6477 -4874.3916
6478 -4874.4457
6479 -4874.4686
6480 -4874.4788
6481 -4874.4836
6482 -4874.4859
6483 -4874.4870
6484 -4874.4878
6485 -4874.4881
6486 -4873.7926
6487 -4874.2414
6488 -4874.3885
6489 -4874.4443
6490 -4874.4678
6491 -4874.4784
6492 -4874.4833
6493 -4874.4856
6494 -4874.4868
6495 -4874.4873
6496 -4874.4878
6497 -4873.7921
6498 -4874.2436
6499 -4874.3898
6500 -4874.4449
6501 -4874.4680
6502 -4874.4784
6503 -4874.4832
6504 -4874.4855
6505 -4874.4866
6506 -4874.4871
6507 -4874.4874
6508 -4873.7915
6509 -4874.2458
6510 -4874.3909
6511 -4874.4456
6512 -4874.4683
6513 -4874.4784
6514 -4874.4831
6515 -4874.4853
6516 -4874.4864
6517 -4874.4869
6518 -4874.4871
6519 -4873.8105
6520 -4874.2340
6521 -4874.3822
6522 -4874.4399
6523 -4874.4650
6524 -4874.4764
6525 -4874.4819
6526 -4874.4845
6527 -4874.4859
6528 -4874.4865
6529 -4874.4868
6530 -4873.8097
6531 -4874.2362
6532 -4874.3834
6533 -4874.4405
6534 -4874.4652
6535 -4874.4764
6536 -4874.4817
6537 -4874.4843
6538 -4874.4856
6539 -4874.4862
6540 -4874.4865
6541 -4873.8089
6542 -4874.2383
6543 -4874.3847
6544 -4874.4411
6545 -4874.4654
6546 -4874.4764
6547 -4874.4816
6548 -4874.4841
6549 -4874.4853
6550 -4874.4859
6551 -4874.4862
6552 -4873.8082
6553 -4874.2403
6554 -4874.3860
6555 -4874.4416
6556 -4874.4656
6557 -4874.4764
6558 -4874.4815
6559 -4874.4839
6560 -4874.4851
6561 -4874.4856
6562 -4874.4859
6563 -4873.8075
6564 -4874.2424
6565 -4874.3872
6566 -4874.4422
6567 -4874.4658
6568 -4874.4764
6569 -4874.4813
6570 -4874.4837
6571 -4874.4848
6572 -4874.4854
6573 -4874.4857
6574 -4873.8068
6575 -4874.2444
6576 -4874.3884
6577 -4874.4428
6578 -4874.4660
6579 -4874.4764
6580 -4874.4812
6581 -4874.4835
6582 -4874.4846
6583 -4874.4852
6584 -4874.4854
6585 -4873.7877
6586 -4874.2377
6587 -4874.3855
6588 -4874.4416
6589 -4874.4653
6590 -4874.4759
6591 -4874.4808
6592 -4874.4832
6593 -4874.4844
6594 -4874.4849
6595 -4874.4852
6596 -4873.7871
6597 -4874.2399
6598 -4874.3869
6599 -4874.4423
6600 -4874.4655
6601 -4874.4759
6602 -4874.4808
6603 -4874.4831
6604 -4874.4842
6605 -4874.4847
6606 -4874.4849
6607 -4873.7866
6608 -4874.2421
6609 -4874.3883
6610 -4874.4429
6611 -4874.4657
6612 -4874.4759
6613 -4874.4807
6614 -4874.4829
6615 -4874.4840
6616 -4874.4845
6617 -4874.4847
6618 -4873.8055
6619 -4874.2301
6620 -4874.3790
6621 -4874.4371
6622 -4874.4624
6623 -4874.4739
6624 -4874.4794
6625 -4874.4821
6626 -4874.4834
6627 -4874.4841
6628 -4874.4844
6629 -4873.8047
6630 -4874.2321
6631 -4874.3803
6632 -4874.4377
6633 -4874.4626
6634 -4874.4739
6635 -4874.4793
6636 -4874.4819
6637 -4874.4831
6638 -4874.4838
6639 -4874.4841
6640 -4873.8039
6641 -4874.2343
6642 -4874.3816
6643 -4874.4383
6644 -4874.4628
6645 -4874.4739
6646 -4874.4791
6647 -4874.4817
6648 -4874.4829
6649 -4874.4835
6650 -4874.4838
6651 -4873.8032
6652 -4874.2365
6653 -4874.3828
6654 -4874.4389
6655 -4874.4630
6656 -4874.4739
6657 -4874.4790
6658 -4874.4815
6659 -4874.4826
6660 -4874.4832
6661 -4874.4835
6662 -4873.8025
6663 -4874.2386
6664 -4874.3841
6665 -4874.4395
6666 -4874.4632
6667 -4874.4739
6668 -4874.4789
6669 -4874.4812
6670 -4874.4824
6671 -4874.4830
6672 -4874.4833
6673 -4873.8018
6674 -4874.2407
6675 -4874.3854
6676 -4874.4400
6677 -4874.4634
6678 -4874.4739
6679 -4874.4787
6680 -4874.4811
6681 -4874.4822
6682 -4874.4828
6683 -4874.4830
6684 -4873.7827
6685 -4874.2340
6686 -4874.3825
6687 -4874.4387
6688 -4874.4627
6689 -4874.4734
6690 -4874.4784
6691 -4874.4808
6692 -4874.4819
6693 -4874.4825
6694 -4874.4827
6695 -4873.7821
6696 -4874.2362
6697 -4874.3839
6698 -4874.4393
6699 -4874.4630
6700 -4874.4734
6701 -4874.4783
6702 -4874.4806
6703 -4874.4817
6704 -4874.4823
6705 -4874.4825
6706 -4873.7815
6707 -4874.2385
6708 -4874.3852
6709 -4874.4400
6710 -4874.4632
6711 -4874.4735
6712 -4874.4782
6713 -4874.4804
6714 -4874.4815
6715 -4874.4820
6716 -4874.4823
6717 -4873.8004
6718 -4874.2262
6719 -4874.3755
6720 -4874.4343
6721 -4874.4598
6722 -4874.4714
6723 -4874.4770
6724 -4874.4796
6725 -4874.4810
6726 -4874.4816
6727 -4874.4820
6728 -4873.7995
6729 -4874.2283
6730 -4874.3769
6731 -4874.4349
6732 -4874.4600
6733 -4874.4714
6734 -4874.4768
6735 -4874.4794
6736 -4874.4807
6737 -4874.4813
6738 -4874.4816
6739 -4873.7988
6740 -4874.2304
6741 -4874.3783
6742 -4874.4355
6743 -4874.4602
6744 -4874.4713
6745 -4874.4766
6746 -4874.4792
6747 -4874.4805
6748 -4874.4810
6749 -4874.4813
6750 -4873.7980
6751 -4874.2325
6752 -4874.3797
6753 -4874.4361
6754 -4874.4604
6755 -4874.4713
6756 -4874.4765
6757 -4874.4790
6758 -4874.4802
6759 -4874.4808
6760 -4874.4811
6761 -4873.7973
6762 -4874.2347
6763 -4874.3810
6764 -4874.4367
6765 -4874.4606
6766 -4874.4713
6767 -4874.4764
6768 -4874.4788
6769 -4874.4799
6770 -4874.4805
6771 -4874.4808
6772 -4873.7967
6773 -4874.2369
6774 -4874.3823
6775 -4874.4373
6776 -4874.4608
6777 -4874.4713
6778 -4874.4762
6779 -4874.4786
6780 -4874.4797
6781 -4874.4803
6782 -4874.4805
6783 -4873.7776
6784 -4874.2303
6785 -4874.3794
6786 -4874.4359
6787 -4874.4601
6788 -4874.4709
6789 -4874.4759
6790 -4874.4783
6791 -4874.4795
6792 -4874.4800
6793 -4874.4803
6794 -4873.7771
6795 -4874.2326
6796 -4874.3808
6797 -4874.4366
6798 -4874.4603
6799 -4874.4709
6800 -4874.4758
6801 -4874.4782
6802 -4874.4792
6803 -4874.4798
6804 -4874.4801
6805 -4873.7765
6806 -4874.2348
6807 -4874.3822
6808 -4874.4373
6809 -4874.4606
6810 -4874.4710
6811 -4874.4757
6812 -4874.4780
6813 -4874.4791
6814 -4874.4796
6815 -4874.4798
6816 -4873.7953
6817 -4874.2223
6818 -4874.3724
6819 -4874.4315
6820 -4874.4572
6821 -4874.4688
6822 -4874.4744
6823 -4874.4772
6824 -4874.4785
6825 -4874.4792
6826 -4874.4795
6827 -4873.7944
6828 -4874.2244
6829 -4874.3737
6830 -4874.4321
6831 -4874.4574
6832 -4874.4688
6833 -4874.4743
6834 -4874.4770
6835 -4874.4782
6836 -4874.4789
6837 -4874.4792
6838 -4873.7936
6839 -4874.2265
6840 -4874.3750
6841 -4874.4327
6842 -4874.4576
6843 -4874.4688
6844 -4874.4741
6845 -4874.4767
6846 -4874.4780
6847 -4874.4786
6848 -4874.4789
6849 -4873.7929
6850 -4874.2286
6851 -4874.3763
6852 -4874.4333
6853 -4874.4578
6854 -4874.4688
6855 -4874.4740
6856 -4874.4765
6857 -4874.4777
6858 -4874.4783
6859 -4874.4786
6860 -4873.7922
6861 -4874.2308
6862 -4874.3776
6863 -4874.4339
6864 -4874.4580
6865 -4874.4688
6866 -4874.4739
6867 -4874.4763
6868 -4874.4775
6869 -4874.4780
6870 -4874.4784
6871 -4873.7915
6872 -4874.2329
6873 -4874.3791
6874 -4874.4345
6875 -4874.4582
6876 -4874.4688
6877 -4874.4737
6878 -4874.4761
6879 -4874.4773
6880 -4874.4778
6881 -4874.4781
6882 -4873.7726
6883 -4874.2264
6884 -4874.3764
6885 -4874.4332
6886 -4874.4575
6887 -4874.4684
6888 -4874.4734
6889 -4874.4759
6890 -4874.4770
6891 -4874.4776
6892 -4874.4778
6893 -4873.7720
6894 -4874.2288
6895 -4874.3777
6896 -4874.4339
6897 -4874.4578
6898 -4874.4684
6899 -4874.4733
6900 -4874.4757
6901 -4874.4768
6902 -4874.4773
6903 -4874.4776
6904 -4873.7714
6905 -4874.2311
6906 -4874.3791
6907 -4874.4345
6908 -4874.4580
6909 -4874.4684
6910 -4874.4732
6911 -4874.4755
6912 -4874.4766
6913 -4874.4771
6914 -4874.4774
6915 -4873.7901
6916 -4874.2184
6917 -4874.3691
6918 -4874.4286
6919 -4874.4545
6920 -4874.4663
6921 -4874.4719
6922 -4874.4747
6923 -4874.4761
6924 -4874.4767
6925 -4874.4771
6926 -4873.7893
6927 -4874.2205
6928 -4874.3704
6929 -4874.4292
6930 -4874.4546
6931 -4874.4663
6932 -4874.4718
6933 -4874.4744
6934 -4874.4758
6935 -4874.4764
6936 -4874.4767
6937 -4873.7885
6938 -4874.2227
6939 -4874.3717
6940 -4874.4299
6941 -4874.4549
6942 -4874.4662
6943 -4874.4716
6944 -4874.4742
6945 -4874.4755
6946 -4874.4761
6947 -4874.4764
6948 -4873.7878
6949 -4874.2248
6950 -4874.3732
6951 -4874.4305
6952 -4874.4551
6953 -4874.4662
6954 -4874.4715
6955 -4874.4740
6956 -4874.4752
6957 -4874.4759
6958 -4874.4761
6959 -4873.7870
6960 -4874.2269
6961 -4874.3744
6962 -4874.4311
6963 -4874.4553
6964 -4874.4662
6965 -4874.4713
6966 -4874.4738
6967 -4874.4750
6968 -4874.4756
6969 -4874.4759
6970 -4873.7864
6971 -4874.2291
6972 -4874.3757
6973 -4874.4317
6974 -4874.4556
6975 -4874.4662
6976 -4874.4712
6977 -4874.4736
6978 -4874.4748
6979 -4874.4753
6980 -4874.4756
6981 -4873.7675
6982 -4874.2226
6983 -4874.3730
6984 -4874.4304
6985 -4874.4549
6986 -4874.4658
6987 -4874.4709
6988 -4874.4734
6989 -4874.4745
6990 -4874.4751
6991 -4874.4754
6992 -4873.7669
6993 -4874.2249
6994 -4874.3746
6995 -4874.4311
6996 -4874.4552
6997 -4874.4658
6998 -4874.4708
6999 -4874.4732
7000 -4874.4743
7001 -4874.4748
7002 -4874.4751
7003 -4873.7663
7004 -4874.2273
7005 -4874.3760
7006 -4874.4318
7007 -4874.4554
7008 -4874.4659
7009 -4874.4707
7010 -4874.4730
7011 -4874.4741
7012 -4874.4746
7013 -4874.4749
7014 -4873.7850
7015 -4874.2145
7016 -4874.3659
7017 -4874.4256
7018 -4874.4517
7019 -4874.4637
7020 -4874.4694
7021 -4874.4722
7022 -4874.4735
7023 -4874.4742
7024 -4874.4746
7025 -4873.7842
7026 -4874.2167
7027 -4874.3673
7028 -4874.4262
7029 -4874.4519
7030 -4874.4637
7031 -4874.4692
7032 -4874.4719
7033 -4874.4733
7034 -4874.4739
7035 -4874.4743
7036 -4873.7834
7037 -4874.2188
7038 -4874.3686
7039 -4874.4268
7040 -4874.4520
7041 -4874.4637
7042 -4874.4691
7043 -4874.4717
7044 -4874.4730
7045 -4874.4736
7046 -4874.4739
7047 -4873.7826
7048 -4874.2210
7049 -4874.3699
7050 -4874.4274
7051 -4874.4523
7052 -4874.4637
7053 -4874.4689
7054 -4874.4715
7055 -4874.4727
7056 -4874.4734
7057 -4874.4736
7058 -4873.7819
7059 -4874.2231
7060 -4874.3712
7061 -4874.4283
7062 -4874.4525
7063 -4874.4637
7064 -4874.4688
7065 -4874.4713
7066 -4874.4725
7067 -4874.4731
7068 -4874.4734
7069 -4873.7813
7070 -4874.2253
7071 -4874.3726
7072 -4874.4289
7073 -4874.4527
7074 -4874.4637
7075 -4874.4687
7076 -4874.4711
7077 -4874.4723
7078 -4874.4729
7079 -4874.4731
7080 -4873.7625
7081 -4874.2188
7082 -4874.3699
7083 -4874.4277
7084 -4874.4520
7085 -4874.4632
7086 -4874.4684
7087 -4874.4708
7088 -4874.4720
7089 -4874.4726
7090 -4874.4729
7091 -4873.7619
7092 -4874.2212
7093 -4874.3713
7094 -4874.4284
7095 -4874.4523
7096 -4874.4633
7097 -4874.4683
7098 -4874.4706
7099 -4874.4718
7100 -4874.4723
7101 -4874.4726
7102 -4873.7613
7103 -4874.2234
7104 -4874.3727
7105 -4874.4290
7106 -4874.4526
7107 -4874.4633
7108 -4874.4682
7109 -4874.4705
7110 -4874.4716
7111 -4874.4721
7112 -4874.4724
7113 -4873.7798
7114 -4874.2106
7115 -4874.3627
7116 -4874.4227
7117 -4874.4490
7118 -4874.4611
7119 -4874.4668
7120 -4874.4697
7121 -4874.4710
7122 -4874.4717
7123 -4874.4720
7124 -4873.7790
7125 -4874.2128
7126 -4874.3641
7127 -4874.4233
7128 -4874.4493
7129 -4874.4611
7130 -4874.4667
7131 -4874.4694
7132 -4874.4707
7133 -4874.4714
7134 -4874.4717
7135 -4873.7782
7136 -4874.2149
7137 -4874.3654
7138 -4874.4240
7139 -4874.4495
7140 -4874.4611
7141 -4874.4665
7142 -4874.4691
7143 -4874.4705
7144 -4874.4711
7145 -4874.4714
7146 -4873.7775
7147 -4874.2171
7148 -4874.3667
7149 -4874.4246
7150 -4874.4497
7151 -4874.4611
7152 -4874.4664
7153 -4874.4689
7154 -4874.4702
7155 -4874.4708
7156 -4874.4711
7157 -4873.7768
7158 -4874.2193
7159 -4874.3681
7160 -4874.4252
7161 -4874.4499
7162 -4874.4611
7163 -4874.4663
7164 -4874.4688
7165 -4874.4700
7166 -4874.4706
7167 -4874.4709
7168 -4873.7761
7169 -4874.2215
7170 -4874.3694
7171 -4874.4259
7172 -4874.4502
7173 -4874.4611
7174 -4874.4661
7175 -4874.4685
7176 -4874.4698
7177 -4874.4703
7178 -4874.4706
7179 -4873.7573
7180 -4874.2151
7181 -4874.3667
7182 -4874.4246
7183 -4874.4495
7184 -4874.4607
7185 -4874.4658
7186 -4874.4683
7187 -4874.4695
7188 -4874.4701
7189 -4874.4703
7190 -4873.7567
7191 -4874.2174
7192 -4874.3682
7193 -4874.4253
7194 -4874.4498
7195 -4874.4607
7196 -4874.4658
7197 -4874.4681
7198 -4874.4692
7199 -4874.4698
7200 -4874.4701
7201 -4873.7562
7202 -4874.2197
7203 -4874.3696
7204 -4874.4262
7205 -4874.4500
7206 -4874.4608
7207 -4874.4657
7208 -4874.4680
7209 -4874.4690
7210 -4874.4696
7211 -4874.4698
7212 -4873.7746
7213 -4874.2067
7214 -4874.3596
7215 -4874.4198
7216 -4874.4464
7217 -4874.4585
7218 -4874.4643
7219 -4874.4671
7220 -4874.4685
7221 -4874.4691
7222 -4874.4695
7223 -4873.7738
7224 -4874.2089
7225 -4874.3609
7226 -4874.4204
7227 -4874.4466
7228 -4874.4585
7229 -4874.4641
7230 -4874.4669
7231 -4874.4682
7232 -4874.4688
7233 -4874.4692
7234 -4873.7730
7235 -4874.2110
7236 -4874.3622
7237 -4874.4211
7238 -4874.4468
7239 -4874.4585
7240 -4874.4640
7241 -4874.4666
7242 -4874.4679
7243 -4874.4686
7244 -4874.4689
7245 -4873.7722
7246 -4874.2132
7247 -4874.3636
7248 -4874.4218
7249 -4874.4471
7250 -4874.4585
7251 -4874.4638
7252 -4874.4664
7253 -4874.4677
7254 -4874.4683
7255 -4874.4686
7256 -4873.7715
7257 -4874.2154
7258 -4874.3650
7259 -4874.4224
7260 -4874.4473
7261 -4874.4585
7262 -4874.4637
7263 -4874.4662
7264 -4874.4674
7265 -4874.4680
7266 -4874.4683
7267 -4873.7708
7268 -4874.2176
7269 -4874.3663
7270 -4874.4230
7271 -4874.4475
7272 -4874.4585
7273 -4874.4636
7274 -4874.4660
7275 -4874.4672
7276 -4874.4678
7277 -4874.4681
7278 -4873.7522
7279 -4874.2113
7280 -4874.3636
7281 -4874.4218
7282 -4874.4468
7283 -4874.4581
7284 -4874.4633
7285 -4874.4658
7286 -4874.4669
7287 -4874.4675
7288 -4874.4678
7289 -4873.7516
7290 -4874.2137
7291 -4874.3650
7292 -4874.4225
7293 -4874.4471
7294 -4874.4581
7295 -4874.4632
7296 -4874.4656
7297 -4874.4667
7298 -4874.4673
7299 -4874.4675
7300 -4873.7511
7301 -4874.2160
7302 -4874.3665
7303 -4874.4232
7304 -4874.4474
7305 -4874.4582
7306 -4874.4631
7307 -4874.4654
7308 -4874.4665
7309 -4874.4671
7310 -4874.4673
7311 -4873.7694
7312 -4874.2029
7313 -4874.3563
7314 -4874.4168
7315 -4874.4435
7316 -4874.4559
7317 -4874.4617
7318 -4874.4645
7319 -4874.4659
7320 -4874.4666
7321 -4874.4670
7322 -4873.7683
7323 -4874.2049
7324 -4874.3577
7325 -4874.4175
7326 -4874.4437
7327 -4874.4559
7328 -4874.4616
7329 -4874.4643
7330 -4874.4657
7331 -4874.4663
7332 -4874.4666
7333 -4873.7676
7334 -4874.2072
7335 -4874.3591
7336 -4874.4182
7337 -4874.4442
7338 -4874.4558
7339 -4874.4614
7340 -4874.4641
7341 -4874.4654
7342 -4874.4660
7343 -4874.4664
7344 -4873.7668
7345 -4874.2094
7346 -4874.3604
7347 -4874.4188
7348 -4874.4444
7349 -4874.4558
7350 -4874.4613
7351 -4874.4638
7352 -4874.4651
7353 -4874.4658
7354 -4874.4660
7355 -4873.7661
7356 -4874.2116
7357 -4874.3617
7358 -4874.4196
7359 -4874.4446
7360 -4874.4559
7361 -4874.4611
7362 -4874.4636
7363 -4874.4649
7364 -4874.4655
7365 -4874.4658
7366 -4873.7655
7367 -4874.2138
7368 -4874.3632
7369 -4874.4202
7370 -4874.4449
7371 -4874.4559
7372 -4874.4610
7373 -4874.4635
7374 -4874.4647
7375 -4874.4652
7376 -4874.4655
7377 -4873.7469
7378 -4874.2075
7379 -4874.3605
7380 -4874.4190
7381 -4874.4442
7382 -4874.4555
7383 -4874.4607
7384 -4874.4632
7385 -4874.4644
7386 -4874.4650
7387 -4874.4652
7388 -4873.7463
7389 -4874.2099
7390 -4874.3619
7391 -4874.4197
7392 -4874.4445
7393 -4874.4555
7394 -4874.4606
7395 -4874.4630
7396 -4874.4642
7397 -4874.4647
7398 -4874.4650
7399 -4873.7458
7400 -4874.2122
7401 -4874.3634
7402 -4874.4204
7403 -4874.4448
7404 -4874.4556
7405 -4874.4605
7406 -4874.4629
7407 -4874.4640
7408 -4874.4645
7409 -4874.4648
7410 -4873.7640
7411 -4874.1988
7412 -4874.3531
7413 -4874.4139
7414 -4874.4407
7415 -4874.4530
7416 -4874.4591
7417 -4874.4620
7418 -4874.4634
7419 -4874.4641
7420 -4874.4644
7421 -4873.7632
7422 -4874.2011
7423 -4874.3545
7424 -4874.4146
7425 -4874.4409
7426 -4874.4530
7427 -4874.4589
7428 -4874.4617
7429 -4874.4631
7430 -4874.4638
7431 -4874.4641
7432 -4873.7624
7433 -4874.2034
7434 -4874.3559
7435 -4874.4153
7436 -4874.4412
7437 -4874.4530
7438 -4874.4588
7439 -4874.4615
7440 -4874.4628
7441 -4874.4635
7442 -4874.4638
7443 -4873.7617
7444 -4874.2055
7445 -4874.3573
7446 -4874.4159
7447 -4874.4414
7448 -4874.4530
7449 -4874.4587
7450 -4874.4613
7451 -4874.4626
7452 -4874.4632
7453 -4874.4635
7454 -4873.7608
7455 -4874.2077
7456 -4874.3587
7457 -4874.4166
7458 -4874.4417
7459 -4874.4530
7460 -4874.4585
7461 -4874.4611
7462 -4874.4623
7463 -4874.4629
7464 -4874.4632
7465 -4873.7601
7466 -4874.2099
7467 -4874.3601
7468 -4874.4173
7469 -4874.4419
7470 -4874.4530
7471 -4874.4584
7472 -4874.4609
7473 -4874.4621
7474 -4874.4627
7475 -4874.4629
7476 -4873.7417
7477 -4874.2037
7478 -4874.3574
7479 -4874.4161
7480 -4874.4413
7481 -4874.4526
7482 -4874.4581
7483 -4874.4606
7484 -4874.4618
7485 -4874.4624
7486 -4874.4627
7487 -4873.7412
7488 -4874.2061
7489 -4874.3588
7490 -4874.4168
7491 -4874.4416
7492 -4874.4527
7493 -4874.4580
7494 -4874.4605
7495 -4874.4616
7496 -4874.4622
7497 -4874.4624
7498 -4873.7407
7499 -4874.2085
7500 -4874.3603
7501 -4874.4176
7502 -4874.4419
7503 -4874.4527
7504 -4874.4579
7505 -4874.4603
7506 -4874.4614
7507 -4874.4619
7508 -4874.4622
7509 -4873.7588
7510 -4874.1949
7511 -4874.3498
7512 -4874.4110
7513 -4874.4379
7514 -4874.4505
7515 -4874.4565
7516 -4874.4594
7517 -4874.4608
7518 -4874.4615
7519 -4874.4619
7520 -4873.7580
7521 -4874.1971
7522 -4874.3512
7523 -4874.4117
7524 -4874.4382
7525 -4874.4505
7526 -4874.4563
7527 -4874.4591
7528 -4874.4605
7529 -4874.4612
7530 -4874.4615
7531 -4873.7572
7532 -4874.1994
7533 -4874.3527
7534 -4874.4124
7535 -4874.4385
7536 -4874.4505
7537 -4874.4562
7538 -4874.4589
7539 -4874.4602
7540 -4874.4609
7541 -4874.4612
7542 -4873.7565
7543 -4874.2017
7544 -4874.3541
7545 -4874.4130
7546 -4874.4387
7547 -4874.4505
7548 -4874.4561
7549 -4874.4587
7550 -4874.4600
7551 -4874.4606
7552 -4874.4609
7553 -4873.7558
7554 -4874.2040
7555 -4874.3555
7556 -4874.4137
7557 -4874.4390
7558 -4874.4505
7559 -4874.4559
7560 -4874.4585
7561 -4874.4597
7562 -4874.4603
7563 -4874.4606
7564 -4873.7551
7565 -4874.2062
7566 -4874.3569
7567 -4874.4144
7568 -4874.4392
7569 -4874.4505
7570 -4874.4558
7571 -4874.4583
7572 -4874.4595
7573 -4874.4601
7574 -4874.4604
7575 -4873.7367
7576 -4874.2000
7577 -4874.3543
7578 -4874.4132
7579 -4874.4386
7580 -4874.4501
7581 -4874.4555
7582 -4874.4580
7583 -4874.4592
7584 -4874.4598
7585 -4874.4601
7586 -4873.7361
7587 -4874.2024
7588 -4874.3558
7589 -4874.4139
7590 -4874.4389
7591 -4874.4502
7592 -4874.4554
7593 -4874.4578
7594 -4874.4590
7595 -4874.4596
7596 -4874.4598
7597 -4873.7356
7598 -4874.2047
7599 -4874.3572
7600 -4874.4147
7601 -4874.4392
7602 -4874.4502
7603 -4874.4553
7604 -4874.4577
7605 -4874.4588
7606 -4874.4593
7607 -4874.4596
7608 -4873.7537
7609 -4874.1909
7610 -4874.3465
7611 -4874.4081
7612 -4874.4352
7613 -4874.4478
7614 -4874.4536
7615 -4874.4568
7616 -4874.4582
7617 -4874.4589
7618 -4874.4593
7619 -4873.7528
7620 -4874.1932
7621 -4874.3479
7622 -4874.4088
7623 -4874.4354
7624 -4874.4478
7625 -4874.4535
7626 -4874.4565
7627 -4874.4579
7628 -4874.4586
7629 -4874.4589
7630 -4873.7520
7631 -4874.1955
7632 -4874.3493
7633 -4874.4094
7634 -4874.4357
7635 -4874.4478
7636 -4874.4533
7637 -4874.4563
7638 -4874.4576
7639 -4874.4583
7640 -4874.4586
7641 -4873.7513
7642 -4874.1977
7643 -4874.3508
7644 -4874.4101
7645 -4874.4359
7646 -4874.4478
7647 -4874.4532
7648 -4874.4561
7649 -4874.4574
7650 -4874.4580
7651 -4874.4583
7652 -4873.7506
7653 -4874.2000
7654 -4874.3522
7655 -4874.4108
7656 -4874.4362
7657 -4874.4478
7658 -4874.4531
7659 -4874.4559
7660 -4874.4571
7661 -4874.4578
7662 -4874.4580
7663 -4873.7499
7664 -4874.2023
7665 -4874.3536
7666 -4874.4115
7667 -4874.4365
7668 -4874.4478
7669 -4874.4529
7670 -4874.4557
7671 -4874.4569
7672 -4874.4575
7673 -4874.4578
7674 -4873.7317
7675 -4874.1963
7676 -4874.3511
7677 -4874.4103
7678 -4874.4359
7679 -4874.4474
7680 -4874.4527
7681 -4874.4554
7682 -4874.4567
7683 -4874.4572
7684 -4874.4575
7685 -4873.7310
7686 -4874.1986
7687 -4874.3526
7688 -4874.4111
7689 -4874.4362
7690 -4874.4475
7691 -4874.4526
7692 -4874.4552
7693 -4874.4564
7694 -4874.4570
7695 -4874.4573
7696 -4873.7305
7697 -4874.2010
7698 -4874.3541
7699 -4874.4118
7700 -4874.4364
7701 -4874.4475
7702 -4874.4525
7703 -4874.4550
7704 -4874.4562
7705 -4874.4568
7706 -4874.4570
7707 -4873.7485
7708 -4874.1870
7709 -4874.3431
7710 -4874.4051
7711 -4874.4324
7712 -4874.4452
7713 -4874.4511
7714 -4874.4541
7715 -4874.4556
7716 -4874.4563
7717 -4874.4567
7718 -4873.7476
7719 -4874.1893
7720 -4874.3446
7721 -4874.4058
7722 -4874.4327
7723 -4874.4452
7724 -4874.4510
7725 -4874.4537
7726 -4874.4553
7727 -4874.4560
7728 -4874.4563
7729 -4873.7468
7730 -4874.1915
7731 -4874.3461
7732 -4874.4065
7733 -4874.4329
7734 -4874.4452
7735 -4874.4508
7736 -4874.4534
7737 -4874.4550
7738 -4874.4557
7739 -4874.4560
7740 -4873.7461
7741 -4874.1938
7742 -4874.3475
7743 -4874.4072
7744 -4874.4332
7745 -4874.4452
7746 -4874.4507
7747 -4874.4532
7748 -4874.4547
7749 -4874.4553
7750 -4874.4557
7751 -4873.7454
7752 -4874.1961
7753 -4874.3490
7754 -4874.4079
7755 -4874.4334
7756 -4874.4452
7757 -4874.4505
7758 -4874.4530
7759 -4874.4545
7760 -4874.4551
7761 -4874.4554
7762 -4873.7447
7763 -4874.1984
7764 -4874.3504
7765 -4874.4086
7766 -4874.4337
7767 -4874.4452
7768 -4874.4504
7769 -4874.4528
7770 -4874.4542
7771 -4874.4548
7772 -4874.4551
7773 -4873.7265
7774 -4874.1923
7775 -4874.3480
7776 -4874.4075
7777 -4874.4331
7778 -4874.4448
7779 -4874.4501
7780 -4874.4526
7781 -4874.4540
7782 -4874.4545
7783 -4874.4548
7784 -4873.7259
7785 -4874.1949
7786 -4874.3495
7787 -4874.4082
7788 -4874.4334
7789 -4874.4449
7790 -4874.4500
7791 -4874.4524
7792 -4874.4535
7793 -4874.4543
7794 -4874.4546
7795 -4873.7254
7796 -4874.1973
7797 -4874.3510
7798 -4874.4089
7799 -4874.4337
7800 -4874.4449
7801 -4874.4500
7802 -4874.4522
7803 -4874.4534
7804 -4874.4541
7805 -4874.4543
7806 -4873.7433
7807 -4874.1830
7808 -4874.3399
7809 -4874.4022
7810 -4874.4296
7811 -4874.4422
7812 -4874.4485
7813 -4874.4514
7814 -4874.4528
7815 -4874.4535
7816 -4874.4540
7817 -4873.7424
7818 -4874.1853
7819 -4874.3413
7820 -4874.4029
7821 -4874.4299
7822 -4874.4422
7823 -4874.4483
7824 -4874.4512
7825 -4874.4524
7826 -4874.4531
7827 -4874.4535
7828 -4873.7417
7829 -4874.1876
7830 -4874.3428
7831 -4874.4035
7832 -4874.4301
7833 -4874.4422
7834 -4874.4482
7835 -4874.4509
7836 -4874.4522
7837 -4874.4529
7838 -4874.4532
7839 -4873.7409
7840 -4874.1899
7841 -4874.3442
7842 -4874.4043
7843 -4874.4304
7844 -4874.4422
7845 -4874.4480
7846 -4874.4507
7847 -4874.4520
7848 -4874.4526
7849 -4874.4529
7850 -4873.7402
7851 -4874.1922
7852 -4874.3457
7853 -4874.4050
7854 -4874.4307
7855 -4874.4422
7856 -4874.4479
7857 -4874.4505
7858 -4874.4518
7859 -4874.4523
7860 -4874.4526
7861 -4873.7395
7862 -4874.1945
7863 -4874.3472
7864 -4874.4057
7865 -4874.4309
7866 -4874.4423
7867 -4874.4478
7868 -4874.4503
7869 -4874.4515
7870 -4874.4521
7871 -4874.4523
7872 -4873.7214
7873 -4874.1885
7874 -4874.3447
7875 -4874.4046
7876 -4874.4303
7877 -4874.4419
7878 -4874.4475
7879 -4874.4501
7880 -4874.4513
7881 -4874.4518
7882 -4874.4521
7883 -4873.7208
7884 -4874.1910
7885 -4874.3462
7886 -4874.4053
7887 -4874.4307
7888 -4874.4419
7889 -4874.4474
7890 -4874.4499
7891 -4874.4510
7892 -4874.4516
7893 -4874.4519
7894 -4873.7202
7895 -4874.1934
7896 -4874.3477
7897 -4874.4061
7898 -4874.4310
7899 -4874.4420
7900 -4874.4474
7901 -4874.4497
7902 -4874.4508
7903 -4874.4514
7904 -4874.4516
7905 -4873.7381
7906 -4874.1789
7907 -4874.3365
7908 -4874.3990
7909 -4874.4266
7910 -4874.4395
7911 -4874.4458
7912 -4874.4488
7913 -4874.4502
7914 -4874.4509
7915 -4874.4513
7916 -4873.7372
7917 -4874.1812
7918 -4874.3380
7919 -4874.3999
7920 -4874.4269
7921 -4874.4395
7922 -4874.4457
7923 -4874.4485
7924 -4874.4499
7925 -4874.4506
7926 -4874.4510
7927 -4873.7364
7928 -4874.1836
7929 -4874.3395
7930 -4874.4006
7931 -4874.4271
7932 -4874.4395
7933 -4874.4455
7934 -4874.4483
7935 -4874.4496
7936 -4874.4503
7937 -4874.4506
7938 -4873.7357
7939 -4874.1859
7940 -4874.3410
7941 -4874.4013
7942 -4874.4274
7943 -4874.4395
7944 -4874.4454
7945 -4874.4481
7946 -4874.4494
7947 -4874.4500
7948 -4874.4503
7949 -4873.7350
7950 -4874.1883
7951 -4874.3424
7952 -4874.4020
7953 -4874.4277
7954 -4874.4395
7955 -4874.4453
7956 -4874.4479
7957 -4874.4491
7958 -4874.4497
7959 -4874.4500
7960 -4873.7343
7961 -4874.1906
7962 -4874.3439
7963 -4874.4027
7964 -4874.4279
7965 -4874.4395
7966 -4874.4452
7967 -4874.4477
7968 -4874.4489
7969 -4874.4495
7970 -4874.4498
7971 -4873.7163
7972 -4874.1847
7973 -4874.3415
7974 -4874.4016
7975 -4874.4273
7976 -4874.4392
7977 -4874.4448
7978 -4874.4474
7979 -4874.4486
7980 -4874.4492
7981 -4874.4495
7982 -4873.7157
7983 -4874.1872
7984 -4874.3430
7985 -4874.4024
7986 -4874.4279
7987 -4874.4392
7988 -4874.4448
7989 -4874.4473
7990 -4874.4484
7991 -4874.4490
7992 -4874.4492
7993 -4873.7152
7994 -4874.1896
7995 -4874.3446
7996 -4874.4032
7997 -4874.4282
7998 -4874.4393
7999 -4874.4447
8000 -4874.4471
8001 -4874.4482
8002 -4874.4488
8003 -4874.4490
8004 -4873.7329
8005 -4874.1749
8006 -4874.3331
8007 -4874.3964
8008 -4874.4238
8009 -4874.4368
8010 -4874.4429
8011 -4874.4461
8012 -4874.4476
8013 -4874.4483
8014 -4874.4486
8015 -4873.7321
8016 -4874.1773
8017 -4874.3346
8018 -4874.3971
8019 -4874.4241
8020 -4874.4368
8021 -4874.4427
8022 -4874.4459
8023 -4874.4473
8024 -4874.4480
8025 -4874.4483
8026 -4873.7313
8027 -4874.1796
8028 -4874.3361
8029 -4874.3978
8030 -4874.4243
8031 -4874.4368
8032 -4874.4426
8033 -4874.4457
8034 -4874.4470
8035 -4874.4476
8036 -4874.4480
8037 -4873.7305
8038 -4874.1819
8039 -4874.3377
8040 -4874.3985
8041 -4874.4246
8042 -4874.4368
8043 -4874.4425
8044 -4874.4454
8045 -4874.4467
8046 -4874.4474
8047 -4874.4477
8048 -4873.7298
8049 -4874.1844
8050 -4874.3391
8051 -4874.3990
8052 -4874.4249
8053 -4874.4368
8054 -4874.4423
8055 -4874.4452
8056 -4874.4465
8057 -4874.4471
8058 -4874.4474
8059 -4873.7292
8060 -4874.1867
8061 -4874.3406
8062 -4874.3997
8063 -4874.4251
8064 -4874.4368
8065 -4874.4422
8066 -4874.4450
8067 -4874.4463
8068 -4874.4468
8069 -4874.4472
8070 -4873.7112
8071 -4874.1809
8072 -4874.3382
8073 -4874.3987
8074 -4874.4246
8075 -4874.4365
8076 -4874.4419
8077 -4874.4448
8078 -4874.4460
8079 -4874.4466
8080 -4874.4469
8081 -4873.7105
8082 -4874.1834
8083 -4874.3398
8084 -4874.3995
8085 -4874.4249
8086 -4874.4365
8087 -4874.4418
8088 -4874.4446
8089 -4874.4458
8090 -4874.4463
8091 -4874.4466
8092 -4873.7098
8093 -4874.1858
8094 -4874.3413
8095 -4874.4002
8096 -4874.4252
8097 -4874.4366
8098 -4874.4418
8099 -4874.4445
8100 -4874.4456
8101 -4874.4461
8102 -4874.4464
8103 -4873.7275
8104 -4874.1709
8105 -4874.3298
8106 -4874.3934
8107 -4874.4209
8108 -4874.4340
8109 -4874.4402
8110 -4874.4432
8111 -4874.4449
8112 -4874.4457
8113 -4874.4460
8114 -4873.7266
8115 -4874.1733
8116 -4874.3313
8117 -4874.3941
8118 -4874.4212
8119 -4874.4340
8120 -4874.4400
8121 -4874.4430
8122 -4874.4446
8123 -4874.4453
8124 -4874.4457
8125 -4873.7259
8126 -4874.1756
8127 -4874.3328
8128 -4874.3949
8129 -4874.4215
8130 -4874.4340
8131 -4874.4399
8132 -4874.4428
8133 -4874.4444
8134 -4874.4450
8135 -4874.4453
8136 -4873.7251
8137 -4874.1780
8138 -4874.3343
8139 -4874.3957
8140 -4874.4217
8141 -4874.4340
8142 -4874.4398
8143 -4874.4425
8144 -4874.4441
8145 -4874.4447
8146 -4874.4451
8147 -4873.7244
8148 -4874.1804
8149 -4874.3358
8150 -4874.3964
8151 -4874.4220
8152 -4874.4341
8153 -4874.4396
8154 -4874.4423
8155 -4874.4436
8156 -4874.4445
8157 -4874.4448
8158 -4873.7237
8159 -4874.1827
8160 -4874.3373
8161 -4874.3970
8162 -4874.4223
8163 -4874.4341
8164 -4874.4395
8165 -4874.4421
8166 -4874.4434
8167 -4874.4442
8168 -4874.4445
8169 -4873.7058
8170 -4874.1770
8171 -4874.3350
8172 -4874.3959
8173 -4874.4217
8174 -4874.4337
8175 -4874.4392
8176 -4874.4419
8177 -4874.4431
8178 -4874.4437
8179 -4874.4443
8180 -4873.7054
8181 -4874.1795
8182 -4874.3366
8183 -4874.3967
8184 -4874.4221
8185 -4874.4338
8186 -4874.4392
8187 -4874.4417
8188 -4874.4429
8189 -4874.4435
8190 -4874.4438
8191 -4873.7048
8192 -4874.1820
8193 -4874.3381
8194 -4874.3973
8195 -4874.4224
8196 -4874.4339
8197 -4874.4391
8198 -4874.4415
8199 -4874.4427
8200 -4874.4432
8201 -4874.4435
8202 -4873.7224
8203 -4874.1667
8204 -4874.3265
8205 -4874.3904
8206 -4874.4181
8207 -4874.4313
8208 -4874.4375
8209 -4874.4405
8210 -4874.4420
8211 -4874.4428
8212 -4874.4432
8213 -4873.7216
8214 -4874.1691
8215 -4874.3281
8216 -4874.3911
8217 -4874.4183
8218 -4874.4313
8219 -4874.4374
8220 -4874.4403
8221 -4874.4417
8222 -4874.4424
8223 -4874.4428
8224 -4873.7208
8225 -4874.1717
8226 -4874.3295
8227 -4874.3919
8228 -4874.4186
8229 -4874.4313
8230 -4874.4372
8231 -4874.4401
8232 -4874.4414
8233 -4874.4421
8234 -4874.4424
8235 -4873.7200
8236 -4874.1740
8237 -4874.3310
8238 -4874.3926
8239 -4874.4189
8240 -4874.4313
8241 -4874.4371
8242 -4874.4398
8243 -4874.4412
8244 -4874.4418
8245 -4874.4422
8246 -4873.7192
8247 -4874.1764
8248 -4874.3325
8249 -4874.3933
8250 -4874.4192
8251 -4874.4313
8252 -4874.4369
8253 -4874.4396
8254 -4874.4409
8255 -4874.4416
8256 -4874.4419
8257 -4873.7186
8258 -4874.1788
8259 -4874.3340
8260 -4874.3941
8261 -4874.4195
8262 -4874.4314
8263 -4874.4368
8264 -4874.4394
8265 -4874.4407
8266 -4874.4413
8267 -4874.4416
8268 -4873.7007
8269 -4874.1731
8270 -4874.3317
8271 -4874.3931
8272 -4874.4189
8273 -4874.4310
8274 -4874.4365
8275 -4874.4392
8276 -4874.4404
8277 -4874.4410
8278 -4874.4413
8279 -4873.7001
8280 -4874.1757
8281 -4874.3333
8282 -4874.3939
8283 -4874.4193
8284 -4874.4311
8285 -4874.4364
8286 -4874.4390
8287 -4874.4402
8288 -4874.4408
8289 -4874.4411
8290 -4873.6996
8291 -4874.1782
8292 -4874.3349
8293 -4874.3947
8294 -4874.4196
8295 -4874.4311
8296 -4874.4363
8297 -4874.4388
8298 -4874.4400
8299 -4874.4405
8300 -4874.4408
8301 -4873.7171
8302 -4874.1627
8303 -4874.3229
8304 -4874.3873
8305 -4874.4152
8306 -4874.4283
8307 -4874.4348
8308 -4874.4378
8309 -4874.4393
8310 -4874.4400
8311 -4874.4404
8312 -4873.7163
8313 -4874.1651
8314 -4874.3245
8315 -4874.3881
8316 -4874.4154
8317 -4874.4283
8318 -4874.4346
8319 -4874.4376
8320 -4874.4390
8321 -4874.4397
8322 -4874.4401
8323 -4873.7155
8324 -4874.1675
8325 -4874.3262
8326 -4874.3889
8327 -4874.4158
8328 -4874.4283
8329 -4874.4345
8330 -4874.4373
8331 -4874.4387
8332 -4874.4394
8333 -4874.4398
8334 -4873.7147
8335 -4874.1699
8336 -4874.3277
8337 -4874.3896
8338 -4874.4160
8339 -4874.4283
8340 -4874.4343
8341 -4874.4371
8342 -4874.4385
8343 -4874.4391
8344 -4874.4394
8345 -4873.7140
8346 -4874.1725
8347 -4874.3292
8348 -4874.3903
8349 -4874.4163
8350 -4874.4283
8351 -4874.4342
8352 -4874.4369
8353 -4874.4382
8354 -4874.4389
8355 -4874.4392
8356 -4873.7133
8357 -4874.1749
8358 -4874.3307
8359 -4874.3911
8360 -4874.4166
8361 -4874.4284
8362 -4874.4341
8363 -4874.4367
8364 -4874.4380
8365 -4874.4386
8366 -4874.4389
8367 -4873.6956
8368 -4874.1692
8369 -4874.3284
8370 -4874.3901
8371 -4874.4161
8372 -4874.4280
8373 -4874.4338
8374 -4874.4364
8375 -4874.4377
8376 -4874.4383
8377 -4874.4386
8378 -4873.6950
8379 -4874.1718
8380 -4874.3300
8381 -4874.3909
8382 -4874.4164
8383 -4874.4281
8384 -4874.4337
8385 -4874.4363
8386 -4874.4375
8387 -4874.4381
8388 -4874.4383
8389 -4873.6945
8390 -4874.1743
8391 -4874.3316
8392 -4874.3917
8393 -4874.4167
8394 -4874.4281
8395 -4874.4336
8396 -4874.4361
8397 -4874.4373
8398 -4874.4378
8399 -4874.4381
8400 -4873.7119
8401 -4874.1586
8402 -4874.3195
8403 -4874.3843
8404 -4874.4123
8405 -4874.4255
8406 -4874.4320
8407 -4874.4351
8408 -4874.4366
8409 -4874.4373
8410 -4874.4377
8411 -4873.7110
8412 -4874.1611
8413 -4874.3210
8414 -4874.3851
8415 -4874.4126
8416 -4874.4255
8417 -4874.4319
8418 -4874.4348
8419 -4874.4363
8420 -4874.4370
8421 -4874.4374
8422 -4873.7103
8423 -4874.1635
8424 -4874.3226
8425 -4874.3858
8426 -4874.4129
8427 -4874.4255
8428 -4874.4317
8429 -4874.4346
8430 -4874.4360
8431 -4874.4367
8432 -4874.4371
8433 -4873.7095
8434 -4874.1659
8435 -4874.3241
8436 -4874.3866
8437 -4874.4131
8438 -4874.4255
8439 -4874.4316
8440 -4874.4344
8441 -4874.4357
8442 -4874.4364
8443 -4874.4367
8444 -4873.7088
8445 -4874.1683
8446 -4874.3259
8447 -4874.3873
8448 -4874.4134
8449 -4874.4255
8450 -4874.4315
8451 -4874.4342
8452 -4874.4355
8453 -4874.4361
8454 -4874.4365
8455 -4873.7081
8456 -4874.1707
8457 -4874.3274
8458 -4874.3881
8459 -4874.4138
8460 -4874.4256
8461 -4874.4313
8462 -4874.4340
8463 -4874.4353
8464 -4874.4359
8465 -4874.4361
8466 -4873.6904
8467 -4874.1652
8468 -4874.3253
8469 -4874.3871
8470 -4874.4132
8471 -4874.4252
8472 -4874.4311
8473 -4874.4337
8474 -4874.4350
8475 -4874.4356
8476 -4874.4359
8477 -4873.6898
8478 -4874.1679
8479 -4874.3268
8480 -4874.3879
8481 -4874.4136
8482 -4874.4253
8483 -4874.4309
8484 -4874.4335
8485 -4874.4348
8486 -4874.4353
8487 -4874.4356
8488 -4873.6892
8489 -4874.1704
8490 -4874.3284
8491 -4874.3887
8492 -4874.4139
8493 -4874.4254
8494 -4874.4309
8495 -4874.4334
8496 -4874.4345
8497 -4874.4351
8498 -4874.4354
8499 -4873.7066
8500 -4874.1546
8501 -4874.3160
8502 -4874.3809
8503 -4874.4094
8504 -4874.4227
8505 -4874.4293
8506 -4874.4323
8507 -4874.4339
8508 -4874.4346
8509 -4874.4350
8510 -4873.7058
8511 -4874.1570
8512 -4874.3175
8513 -4874.3817
8514 -4874.4097
8515 -4874.4227
8516 -4874.4291
8517 -4874.4321
8518 -4874.4336
8519 -4874.4343
8520 -4874.4346
8521 -4873.7050
8522 -4874.1594
8523 -4874.3192
8524 -4874.3827
8525 -4874.4100
8526 -4874.4227
8527 -4874.4289
8528 -4874.4319
8529 -4874.4333
8530 -4874.4340
8531 -4874.4343
8532 -4873.7042
8533 -4874.1619
8534 -4874.3208
8535 -4874.3835
8536 -4874.4103
8537 -4874.4227
8538 -4874.4286
8539 -4874.4316
8540 -4874.4330
8541 -4874.4337
8542 -4874.4340
8543 -4873.7036
8544 -4874.1643
8545 -4874.3223
8546 -4874.3843
8547 -4874.4106
8548 -4874.4227
8549 -4874.4284
8550 -4874.4314
8551 -4874.4327
8552 -4874.4334
8553 -4874.4337
8554 -4873.7030
8555 -4874.1668
8556 -4874.3239
8557 -4874.3851
8558 -4874.4109
8559 -4874.4228
8560 -4874.4283
8561 -4874.4312
8562 -4874.4325
8563 -4874.4331
8564 -4874.4334
8565 -4873.6854
8566 -4874.1612
8567 -4874.3218
8568 -4874.3841
8569 -4874.4104
8570 -4874.4224
8571 -4874.4281
8572 -4874.4309
8573 -4874.4322
8574 -4874.4329
8575 -4874.4331
8576 -4873.6848
8577 -4874.1638
8578 -4874.3235
8579 -4874.3849
8580 -4874.4107
8581 -4874.4225
8582 -4874.4280
8583 -4874.4308
8584 -4874.4320
8585 -4874.4326
8586 -4874.4329
8587 -4873.6842
8588 -4874.1665
8589 -4874.3252
8590 -4874.3857
8591 -4874.4110
8592 -4874.4225
8593 -4874.4279
8594 -4874.4307
8595 -4874.4318
8596 -4874.4324
8597 -4874.4327
8598 -4873.7015
8599 -4874.1504
8600 -4874.3125
8601 -4874.3778
8602 -4874.4065
8603 -4874.4198
8604 -4874.4262
8605 -4874.4296
8606 -4874.4311
8607 -4874.4319
8608 -4874.4323
8609 -4873.7007
8610 -4874.1529
8611 -4874.3141
8612 -4874.3786
8613 -4874.4068
8614 -4874.4198
8615 -4874.4261
8616 -4874.4293
8617 -4874.4308
8618 -4874.4316
8619 -4874.4319
8620 -4873.6999
8621 -4874.1554
8622 -4874.3158
8623 -4874.3794
8624 -4874.4071
8625 -4874.4198
8626 -4874.4259
8627 -4874.4291
8628 -4874.4305
8629 -4874.4312
8630 -4874.4316
8631 -4873.6991
8632 -4874.1578
8633 -4874.3173
8634 -4874.3802
8635 -4874.4074
8636 -4874.4199
8637 -4874.4258
8638 -4874.4289
8639 -4874.4303
8640 -4874.4309
8641 -4874.4313
8642 -4873.6984
8643 -4874.1603
8644 -4874.3190
8645 -4874.3810
8646 -4874.4077
8647 -4874.4199
8648 -4874.4257
8649 -4874.4284
8650 -4874.4300
8651 -4874.4306
8652 -4874.4310
8653 -4873.6977
8654 -4874.1628
8655 -4874.3205
8656 -4874.3818
8657 -4874.4080
8658 -4874.4199
8659 -4874.4256
8660 -4874.4282
8661 -4874.4298
8662 -4874.4304
8663 -4874.4307
8664 -4873.6803
8665 -4874.1573
8666 -4874.3184
8667 -4874.3810
8668 -4874.4075
8669 -4874.4196
8670 -4874.4253
8671 -4874.4280
8672 -4874.4295
8673 -4874.4301
8674 -4874.4304
8675 -4873.6797
8676 -4874.1600
8677 -4874.3200
8678 -4874.3819
8679 -4874.4078
8680 -4874.4197
8681 -4874.4252
8682 -4874.4278
8683 -4874.4293
8684 -4874.4299
8685 -4874.4301
8686 -4873.6791
8687 -4874.1625
8688 -4874.3218
8689 -4874.3827
8690 -4874.4082
8691 -4874.4198
8692 -4874.4251
8693 -4874.4277
8694 -4874.4291
8695 -4874.4296
8696 -4874.4299
8697 -4873.6963
8698 -4874.1462
8699 -4874.3091
8700 -4874.3747
8701 -4874.4036
8702 -4874.4169
8703 -4874.4235
8704 -4874.4266
8705 -4874.4281
8706 -4874.4291
8707 -4874.4295
8708 -4873.6955
8709 -4874.1488
8710 -4874.3107
8711 -4874.3755
8712 -4874.4039
8713 -4874.4170
8714 -4874.4233
8715 -4874.4263
8716 -4874.4278
8717 -4874.4288
8718 -4874.4292
8719 -4873.6947
8720 -4874.1513
8721 -4874.3123
8722 -4874.3763
8723 -4874.4042
8724 -4874.4170
8725 -4874.4232
8726 -4874.4261
8727 -4874.4276
8728 -4874.4282
8729 -4874.4288
8730 -4873.6939
8731 -4874.1538
8732 -4874.3139
8733 -4874.3771
8734 -4874.4045
8735 -4874.4170
8736 -4874.4230
8737 -4874.4259
8738 -4874.4273
8739 -4874.4280
8740 -4874.4283
8741 -4873.6932
8742 -4874.1563
8743 -4874.3155
8744 -4874.3779
8745 -4874.4048
8746 -4874.4170
8747 -4874.4229
8748 -4874.4257
8749 -4874.4270
8750 -4874.4277
8751 -4874.4280
8752 -4873.6926
8753 -4874.1588
8754 -4874.3171
8755 -4874.3787
8756 -4874.4051
8757 -4874.4171
8758 -4874.4228
8759 -4874.4255
8760 -4874.4267
8761 -4874.4274
8762 -4874.4277
8763 -4873.6751
8764 -4874.1534
8765 -4874.3150
8766 -4874.3778
8767 -4874.4046
8768 -4874.4168
8769 -4874.4225
8770 -4874.4252
8771 -4874.4265
8772 -4874.4271
8773 -4874.4274
8774 -4873.6745
8775 -4874.1561
8776 -4874.3167
8777 -4874.3786
8778 -4874.4050
8779 -4874.4168
8780 -4874.4224
8781 -4874.4250
8782 -4874.4263
8783 -4874.4269
8784 -4874.4271
8785 -4873.6740
8786 -4874.1587
8787 -4874.3184
8788 -4874.3794
8789 -4874.4053
8790 -4874.4169
8791 -4874.4223
8792 -4874.4249
8793 -4874.4261
8794 -4874.4267
8795 -4874.4269
8796 -4873.6911
8797 -4874.1422
8798 -4874.3057
8799 -4874.3716
8800 -4874.4005
8801 -4874.4141
8802 -4874.4206
8803 -4874.4238
8804 -4874.4254
8805 -4874.4261
8806 -4874.4265
8807 -4873.6903
8808 -4874.1447
8809 -4874.3073
8810 -4874.3724
8811 -4874.4009
8812 -4874.4141
8813 -4874.4205
8814 -4874.4236
8815 -4874.4251
8816 -4874.4258
8817 -4874.4262
8818 -4873.6895
8819 -4874.1471
8820 -4874.3089
8821 -4874.3732
8822 -4874.4012
8823 -4874.4141
8824 -4874.4203
8825 -4874.4233
8826 -4874.4248
8827 -4874.4255
8828 -4874.4258
8829 -4873.6887
8830 -4874.1497
8831 -4874.3105
8832 -4874.3740
8833 -4874.4016
8834 -4874.4142
8835 -4874.4202
8836 -4874.4231
8837 -4874.4245
8838 -4874.4252
8839 -4874.4255
8840 -4873.6880
8841 -4874.1523
8842 -4874.3121
8843 -4874.3748
8844 -4874.4019
8845 -4874.4142
8846 -4874.4200
8847 -4874.4229
8848 -4874.4242
8849 -4874.4249
8850 -4874.4252
8851 -4873.6873
8852 -4874.1548
8853 -4874.3137
8854 -4874.3756
8855 -4874.4022
8856 -4874.4142
8857 -4874.4199
8858 -4874.4227
8859 -4874.4240
8860 -4874.4246
8861 -4874.4249
8862 -4873.6699
8863 -4874.1494
8864 -4874.3116
8865 -4874.3747
8866 -4874.4017
8867 -4874.4139
8868 -4874.4196
8869 -4874.4224
8870 -4874.4237
8871 -4874.4243
8872 -4874.4246
8873 -4873.6693
8874 -4874.1521
8875 -4874.3134
8876 -4874.3756
8877 -4874.4020
8878 -4874.4140
8879 -4874.4195
8880 -4874.4222
8881 -4874.4235
8882 -4874.4241
8883 -4874.4244
8884 -4873.6687
8885 -4874.1548
8886 -4874.3150
8887 -4874.3764
8888 -4874.4024
8889 -4874.4141
8890 -4874.4195
8891 -4874.4221
8892 -4874.4233
8893 -4874.4238
8894 -4874.4241
8895 -4873.6858
8896 -4874.1381
8897 -4874.3023
8898 -4874.3685
8899 -4874.3979
8900 -4874.4112
8901 -4874.4178
8902 -4874.4210
8903 -4874.4226
8904 -4874.4234
8905 -4874.4237
8906 -4873.6850
8907 -4874.1406
8908 -4874.3039
8909 -4874.3693
8910 -4874.3982
8911 -4874.4113
8912 -4874.4176
8913 -4874.4207
8914 -4874.4223
8915 -4874.4230
8916 -4874.4234
8917 -4873.6842
8918 -4874.1431
8919 -4874.3055
8920 -4874.3701
8921 -4874.3985
8922 -4874.4113
8923 -4874.4174
8924 -4874.4205
8925 -4874.4219
8926 -4874.4227
8927 -4874.4230
8928 -4873.6834
8929 -4874.1456
8930 -4874.3071
8931 -4874.3709
8932 -4874.3988
8933 -4874.4113
8934 -4874.4173
8935 -4874.4203
8936 -4874.4217
8937 -4874.4224
8938 -4874.4227
8939 -4873.6827
8940 -4874.1481
8941 -4874.3087
8942 -4874.3717
8943 -4874.3991
8944 -4874.4113
8945 -4874.4172
8946 -4874.4200
8947 -4874.4214
8948 -4874.4221
8949 -4874.4224
8950 -4873.6820
8951 -4874.1507
8952 -4874.3103
8953 -4874.3725
8954 -4874.3994
8955 -4874.4114
8956 -4874.4171
8957 -4874.4198
8958 -4874.4212
8959 -4874.4218
8960 -4874.4221
8961 -4873.6647
8962 -4874.1454
8963 -4874.3083
8964 -4874.3716
8965 -4874.3987
8966 -4874.4111
8967 -4874.4168
8968 -4874.4195
8969 -4874.4209
8970 -4874.4215
8971 -4874.4218
8972 -4873.6642
8973 -4874.1481
8974 -4874.3100
8975 -4874.3725
8976 -4874.3990
8977 -4874.4111
8978 -4874.4167
8979 -4874.4194
8980 -4874.4207
8981 -4874.4213
8982 -4874.4216
8983 -4873.6636
8984 -4874.1508
8985 -4874.3116
8986 -4874.3733
8987 -4874.3994
8988 -4874.4112
8989 -4874.4167
8990 -4874.4192
8991 -4874.4205
8992 -4874.4210
8993 -4874.4213
8994 -4873.6806
8995 -4874.1339
8996 -4874.2988
8997 -4874.3654
8998 -4874.3950
8999 -4874.4084
9000 -4874.4149
9001 -4874.4181
9002 -4874.4197
9003 -4874.4206
9004 -4874.4209
9005 -4873.6797
9006 -4874.1364
9007 -4874.3005
9008 -4874.3662
9009 -4874.3953
9010 -4874.4084
9011 -4874.4147
9012 -4874.4179
9013 -4874.4194
9014 -4874.4202
9015 -4874.4206
9016 -4873.6790
9017 -4874.1390
9018 -4874.3021
9019 -4874.3670
9020 -4874.3957
9021 -4874.4084
9022 -4874.4146
9023 -4874.4176
9024 -4874.4191
9025 -4874.4198
9026 -4874.4202
9027 -4873.6782
9028 -4874.1416
9029 -4874.3038
9030 -4874.3679
9031 -4874.3959
9032 -4874.4084
9033 -4874.4144
9034 -4874.4174
9035 -4874.4188
9036 -4874.4195
9037 -4874.4198
9038 -4873.6774
9039 -4874.1441
9040 -4874.3053
9041 -4874.3687
9042 -4874.3963
9043 -4874.4085
9044 -4874.4144
9045 -4874.4172
9046 -4874.4186
9047 -4874.4192
9048 -4874.4195
9049 -4873.6768
9050 -4874.1466
9051 -4874.3069
9052 -4874.3694
9053 -4874.3966
9054 -4874.4085
9055 -4874.4142
9056 -4874.4170
9057 -4874.4183
9058 -4874.4189
9059 -4874.4192
9060 -4873.6597
9061 -4874.1413
9062 -4874.3049
9063 -4874.3685
9064 -4874.3962
9065 -4874.4082
9066 -4874.4140
9067 -4874.4167
9068 -4874.4180
9069 -4874.4186
9070 -4874.4190
9071 -4873.6590
9072 -4874.1441
9073 -4874.3066
9074 -4874.3694
9075 -4874.3965
9076 -4874.4083
9077 -4874.4139
9078 -4874.4165
9079 -4874.4178
9080 -4874.4184
9081 -4874.4187
9082 -4873.6585
9083 -4874.1468
9084 -4874.3083
9085 -4874.3703
9086 -4874.3969
9087 -4874.4083
9088 -4874.4138
9089 -4874.4164
9090 -4874.4176
9091 -4874.4182
9092 -4874.4184
9093 -4873.6755
9094 -4874.1297
9095 -4874.2953
9096 -4874.3623
9097 -4874.3920
9098 -4874.4055
9099 -4874.4121
9100 -4874.4153
9101 -4874.4169
9102 -4874.4177
9103 -4874.4181
9104 -4873.6747
9105 -4874.1323
9106 -4874.2970
9107 -4874.3632
9108 -4874.3923
9109 -4874.4055
9110 -4874.4119
9111 -4874.4150
9112 -4874.4165
9113 -4874.4173
9114 -4874.4177
9115 -4873.6739
9116 -4874.1349
9117 -4874.2987
9118 -4874.3640
9119 -4874.3926
9120 -4874.4055
9121 -4874.4118
9122 -4874.4148
9123 -4874.4163
9124 -4874.4170
9125 -4874.4173
9126 -4873.6731
9127 -4874.1374
9128 -4874.3003
9129 -4874.3647
9130 -4874.3929
9131 -4874.4055
9132 -4874.4116
9133 -4874.4146
9134 -4874.4160
9135 -4874.4167
9136 -4874.4170
9137 -4873.6724
9138 -4874.1401
9139 -4874.3020
9140 -4874.3656
9141 -4874.3933
9142 -4874.4056
9143 -4874.4115
9144 -4874.4143
9145 -4874.4157
9146 -4874.4164
9147 -4874.4167
9148 -4873.6717
9149 -4874.1426
9150 -4874.3036
9151 -4874.3664
9152 -4874.3936
9153 -4874.4056
9154 -4874.4114
9155 -4874.4141
9156 -4874.4155
9157 -4874.4161
9158 -4874.4164
9159 -4873.6546
9160 -4874.1374
9161 -4874.3016
9162 -4874.3655
9163 -4874.3931
9164 -4874.4053
9165 -4874.4111
9166 -4874.4139
9167 -4874.4152
9168 -4874.4158
9169 -4874.4161
9170 -4873.6540
9171 -4874.1401
9172 -4874.3033
9173 -4874.3664
9174 -4874.3935
9175 -4874.4054
9176 -4874.4110
9177 -4874.4137
9178 -4874.4150
9179 -4874.4156
9180 -4874.4159
9181 -4873.6534
9182 -4874.1429
9183 -4874.3050
9184 -4874.3673
9185 -4874.3939
9186 -4874.4055
9187 -4874.4109
9188 -4874.4135
9189 -4874.4148
9190 -4874.4154
9191 -4874.4156
9192 -4873.6703
9193 -4874.1255
9194 -4874.2918
9195 -4874.3592
9196 -4874.3890
9197 -4874.4025
9198 -4874.4092
9199 -4874.4125
9200 -4874.4140
9201 -4874.4148
9202 -4874.4152
9203 -4873.6694
9204 -4874.1281
9205 -4874.2935
9206 -4874.3600
9207 -4874.3893
9208 -4874.4025
9209 -4874.4090
9210 -4874.4122
9211 -4874.4137
9212 -4874.4145
9213 -4874.4149
9214 -4873.6686
9215 -4874.1307
9216 -4874.2952
9217 -4874.3609
9218 -4874.3896
9219 -4874.4026
9220 -4874.4089
9221 -4874.4119
9222 -4874.4134
9223 -4874.4141
9224 -4874.4145
9225 -4873.6679
9226 -4874.1334
9227 -4874.2969
9228 -4874.3617
9229 -4874.3899
9230 -4874.4026
9231 -4874.4087
9232 -4874.4117
9233 -4874.4131
9234 -4874.4138
9235 -4874.4142
9236 -4873.6671
9237 -4874.1359
9238 -4874.2985
9239 -4874.3626
9240 -4874.3903
9241 -4874.4027
9242 -4874.4086
9243 -4874.4115
9244 -4874.4129
9245 -4874.4135
9246 -4874.4139
9247 -4873.6664
9248 -4874.1385
9249 -4874.3002
9250 -4874.3634
9251 -4874.3906
9252 -4874.4027
9253 -4874.4085
9254 -4874.4113
9255 -4874.4126
9256 -4874.4132
9257 -4874.4136
9258 -4873.6494
9259 -4874.1334
9260 -4874.2982
9261 -4874.3625
9262 -4874.3902
9263 -4874.4024
9264 -4874.4082
9265 -4874.4110
9266 -4874.4124
9267 -4874.4130
9268 -4874.4133
9269 -4873.6488
9270 -4874.1361
9271 -4874.3000
9272 -4874.3633
9273 -4874.3905
9274 -4874.4025
9275 -4874.4082
9276 -4874.4108
9277 -4874.4121
9278 -4874.4127
9279 -4874.4130
9280 -4873.6483
9281 -4874.1388
9282 -4874.3017
9283 -4874.3642
9284 -4874.3909
9285 -4874.4026
9286 -4874.4081
9287 -4874.4107
9288 -4874.4119
9289 -4874.4125
9290 -4874.4128
9291 -4873.6650
9292 -4874.1214
9293 -4874.2883
9294 -4874.3560
9295 -4874.3860
9296 -4874.3996
9297 -4874.4063
9298 -4874.4096
9299 -4874.4112
9300 -4874.4120
9301 -4874.4124
9302 -4873.6640
9303 -4874.1239
9304 -4874.2900
9305 -4874.3569
9306 -4874.3863
9307 -4874.3996
9308 -4874.4061
9309 -4874.4093
9310 -4874.4109
9311 -4874.4116
9312 -4874.4120
9313 -4873.6632
9314 -4874.1265
9315 -4874.2917
9316 -4874.3577
9317 -4874.3866
9318 -4874.3996
9319 -4874.4060
9320 -4874.4091
9321 -4874.4106
9322 -4874.4113
9323 -4874.4117
9324 -4873.6625
9325 -4874.1291
9326 -4874.2934
9327 -4874.3586
9328 -4874.3869
9329 -4874.3996
9330 -4874.4059
9331 -4874.4088
9332 -4874.4103
9333 -4874.4110
9334 -4874.4113
9335 -4873.6617
9336 -4874.1318
9337 -4874.2951
9338 -4874.3594
9339 -4874.3873
9340 -4874.3997
9341 -4874.4057
9342 -4874.4086
9343 -4874.4100
9344 -4874.4107
9345 -4874.4110
9346 -4873.6610
9347 -4874.1345
9348 -4874.2968
9349 -4874.3603
9350 -4874.3876
9351 -4874.3997
9352 -4874.4056
9353 -4874.4084
9354 -4874.4098
9355 -4874.4104
9356 -4874.4107
9357 -4873.6442
9358 -4874.1294
9359 -4874.2948
9360 -4874.3594
9361 -4874.3872
9362 -4874.3994
9363 -4874.4054
9364 -4874.4081
9365 -4874.4095
9366 -4874.4101
9367 -4874.4104
9368 -4873.6436
9369 -4874.1321
9370 -4874.2966
9371 -4874.3603
9372 -4874.3876
9373 -4874.3995
9374 -4874.4053
9375 -4874.4080
9376 -4874.4092
9377 -4874.4099
9378 -4874.4102
9379 -4873.6430
9380 -4874.1349
9381 -4874.2983
9382 -4874.3612
9383 -4874.3879
9384 -4874.3996
9385 -4874.4052
9386 -4874.4078
9387 -4874.4090
9388 -4874.4096
9389 -4874.4099
9390 -4873.6597
9391 -4874.1173
9392 -4874.2848
9393 -4874.3528
9394 -4874.3826
9395 -4874.3970
9396 -4874.4034
9397 -4874.4067
9398 -4874.4083
9399 -4874.4091
9400 -4874.4095
9401 -4873.6588
9402 -4874.1199
9403 -4874.2865
9404 -4874.3536
9405 -4874.3831
9406 -4874.3970
9407 -4874.4032
9408 -4874.4064
9409 -4874.4080
9410 -4874.4088
9411 -4874.4091
9412 -4873.6580
9413 -4874.1224
9414 -4874.2882
9415 -4874.3545
9416 -4874.3835
9417 -4874.3970
9418 -4874.4031
9419 -4874.4062
9420 -4874.4077
9421 -4874.4084
9422 -4874.4088
9423 -4873.6573
9424 -4874.1250
9425 -4874.2899
9426 -4874.3553
9427 -4874.3838
9428 -4874.3970
9429 -4874.4029
9430 -4874.4059
9431 -4874.4074
9432 -4874.4081
9433 -4874.4085
9434 -4873.6566
9435 -4874.1276
9436 -4874.2916
9437 -4874.3563
9438 -4874.3843
9439 -4874.3971
9440 -4874.4028
9441 -4874.4057
9442 -4874.4071
9443 -4874.4078
9444 -4874.4081
9445 -4873.6559
9446 -4874.1302
9447 -4874.2933
9448 -4874.3571
9449 -4874.3846
9450 -4874.3972
9451 -4874.4027
9452 -4874.4055
9453 -4874.4069
9454 -4874.4075
9455 -4874.4078
9456 -4873.6390
9457 -4874.1253
9458 -4874.2914
9459 -4874.3563
9460 -4874.3842
9461 -4874.3969
9462 -4874.4025
9463 -4874.4053
9464 -4874.4066
9465 -4874.4072
9466 -4874.4076
9467 -4873.6384
9468 -4874.1281
9469 -4874.2932
9470 -4874.3572
9471 -4874.3846
9472 -4874.3969
9473 -4874.4024
9474 -4874.4051
9475 -4874.4064
9476 -4874.4070
9477 -4874.4073
9478 -4873.6378
9479 -4874.1309
9480 -4874.2949
9481 -4874.3581
9482 -4874.3850
9483 -4874.3970
9484 -4874.4023
9485 -4874.4049
9486 -4874.4062
9487 -4874.4067
9488 -4874.4070
9489 -4873.6544
9490 -4874.1131
9491 -4874.2809
9492 -4874.3495
9493 -4874.3796
9494 -4874.3939
9495 -4874.4004
9496 -4874.4038
9497 -4874.4054
9498 -4874.4062
9499 -4874.4066
9500 -4873.6535
9501 -4874.1157
9502 -4874.2827
9503 -4874.3504
9504 -4874.3799
9505 -4874.3940
9506 -4874.4002
9507 -4874.4035
9508 -4874.4051
9509 -4874.4059
9510 -4874.4062
9511 -4873.6527
9512 -4874.1184
9513 -4874.2848
9514 -4874.3513
9515 -4874.3803
9516 -4874.3940
9517 -4874.4000
9518 -4874.4033
9519 -4874.4048
9520 -4874.4055
9521 -4874.4059
9522 -4873.6520
9523 -4874.1210
9524 -4874.2865
9525 -4874.3522
9526 -4874.3806
9527 -4874.3940
9528 -4874.4000
9529 -4874.4030
9530 -4874.4045
9531 -4874.4052
9532 -4874.4056
9533 -4873.6512
9534 -4874.1236
9535 -4874.2881
9536 -4874.3531
9537 -4874.3809
9538 -4874.3941
9539 -4874.3999
9540 -4874.4028
9541 -4874.4042
9542 -4874.4049
9543 -4874.4052
9544 -4873.6506
9545 -4874.1262
9546 -4874.2899
9547 -4874.3539
9548 -4874.3813
9549 -4874.3941
9550 -4874.3997
9551 -4874.4026
9552 -4874.4040
9553 -4874.4046
9554 -4874.4050
9555 -4873.6337
9556 -4874.1212
9557 -4874.2880
9558 -4874.3531
9559 -4874.3809
9560 -4874.3939
9561 -4874.3995
9562 -4874.4024
9563 -4874.4037
9564 -4874.4044
9565 -4874.4046
9566 -4873.6331
9567 -4874.1240
9568 -4874.2898
9569 -4874.3540
9570 -4874.3813
9571 -4874.3939
9572 -4874.3994
9573 -4874.4022
9574 -4874.4035
9575 -4874.4041
9576 -4874.4044
9577 -4873.6326
9578 -4874.1268
9579 -4874.2915
9580 -4874.3550
9581 -4874.3817
9582 -4874.3941
9583 -4874.3993
9584 -4874.4020
9585 -4874.4033
9586 -4874.4039
9587 -4874.4041
9588 -4873.6491
9589 -4874.1092
9590 -4874.2775
9591 -4874.3463
9592 -4874.3765
9593 -4874.3910
9594 -4874.3978
9595 -4874.4007
9596 -4874.4025
9597 -4874.4033
9598 -4874.4037
9599 -4873.6483
9600 -4874.1118
9601 -4874.2792
9602 -4874.3472
9603 -4874.3768
9604 -4874.3910
9605 -4874.3977
9606 -4874.4005
9607 -4874.4022
9608 -4874.4030
9609 -4874.4034
9610 -4873.6474
9611 -4874.1142
9612 -4874.2809
9613 -4874.3481
9614 -4874.3772
9615 -4874.3910
9616 -4874.3975
9617 -4874.4002
9618 -4874.4019
9619 -4874.4026
9620 -4874.4030
9621 -4873.6467
9622 -4874.1169
9623 -4874.2827
9624 -4874.3490
9625 -4874.3775
9626 -4874.3911
9627 -4874.3974
9628 -4874.4000
9629 -4874.4016
9630 -4874.4023
9631 -4874.4027
9632 -4873.6460
9633 -4874.1195
9634 -4874.2844
9635 -4874.3498
9636 -4874.3779
9637 -4874.3911
9638 -4874.3973
9639 -4874.3998
9640 -4874.4013
9641 -4874.4020
9642 -4874.4024
9643 -4873.6453
9644 -4874.1222
9645 -4874.2865
9646 -4874.3507
9647 -4874.3783
9648 -4874.3912
9649 -4874.3972
9650 -4874.3996
9651 -4874.4011
9652 -4874.4017
9653 -4874.4020
9654 -4873.6285
9655 -4874.1171
9656 -4874.2845
9657 -4874.3500
9658 -4874.3779
9659 -4874.3909
9660 -4874.3969
9661 -4874.3994
9662 -4874.4007
9663 -4874.4014
9664 -4874.4017
9665 -4873.6279
9666 -4874.1200
9667 -4874.2864
9668 -4874.3509
9669 -4874.3783
9670 -4874.3910
9671 -4874.3968
9672 -4874.3994
9673 -4874.4005
9674 -4874.4012
9675 -4874.4015
9676 -4873.6274
9677 -4874.1227
9678 -4874.2882
9679 -4874.3518
9680 -4874.3787
9681 -4874.3911
9682 -4874.3967
9683 -4874.3993
9684 -4874.4002
9685 -4874.4009
9686 -4874.4012
9687 -4873.6439
9688 -4874.1050
9689 -4874.2739
9690 -4874.3431
9691 -4874.3734
9692 -4874.3880
9693 -4874.3948
9694 -4874.3981
9695 -4874.3996
9696 -4874.4003
9697 -4874.4007
9698 -4873.6430
9699 -4874.1077
9700 -4874.2756
9701 -4874.3440
9702 -4874.3737
9703 -4874.3880
9704 -4874.3947
9705 -4874.3978
9706 -4874.3994
9707 -4874.3999
9708 -4874.4003
9709 -4873.6422
9710 -4874.1103
9711 -4874.2775
9712 -4874.3449
9713 -4874.3741
9714 -4874.3880
9715 -4874.3945
9716 -4874.3977
9717 -4874.3991
9718 -4874.3997
9719 -4874.4000
9720 -4873.6414
9721 -4874.1130
9722 -4874.2792
9723 -4874.3458
9724 -4874.3745
9725 -4874.3881
9726 -4874.3944
9727 -4874.3975
9728 -4874.3988
9729 -4874.3995
9730 -4874.3997
9731 -4873.6406
9732 -4874.1154
9733 -4874.2809
9734 -4874.3466
9735 -4874.3748
9736 -4874.3881
9737 -4874.3943
9738 -4874.3973
9739 -4874.3986
9740 -4874.3993
9741 -4874.3996
9742 -4873.6400
9743 -4874.1180
9744 -4874.2826
9745 -4874.3475
9746 -4874.3752
9747 -4874.3882
9748 -4874.3941
9749 -4874.3970
9750 -4874.3983
9751 -4874.3990
9752 -4874.3993
9753 -4873.6233
9754 -4874.1132
9755 -4874.2808
9756 -4874.3468
9757 -4874.3748
9758 -4874.3879
9759 -4874.3939
9760 -4874.3968
9761 -4874.3980
9762 -4874.3987
9763 -4874.3990
9764 -4873.6227
9765 -4874.1159
9766 -4874.2830
9767 -4874.3477
9768 -4874.3752
9769 -4874.3880
9770 -4874.3938
9771 -4874.3966
9772 -4874.3978
9773 -4874.3984
9774 -4874.3987
9775 -4873.6221
9776 -4874.1187
9777 -4874.2847
9778 -4874.3486
9779 -4874.3756
9780 -4874.3881
9781 -4874.3937
9782 -4874.3965
9783 -4874.3977
9784 -4874.3982
9785 -4874.3985
9786 -4873.6386
9787 -4874.1008
9788 -4874.2703
9789 -4874.3398
9790 -4874.3703
9791 -4874.3849
9792 -4874.3919
9793 -4874.3953
9794 -4874.3969
9795 -4874.3978
9796 -4874.3981
9797 -4873.6377
9798 -4874.1035
9799 -4874.2721
9800 -4874.3407
9801 -4874.3706
9802 -4874.3850
9803 -4874.3917
9804 -4874.3949
9805 -4874.3966
9806 -4874.3974
9807 -4874.3978
9808 -4873.6369
9809 -4874.1061
9810 -4874.2738
9811 -4874.3416
9812 -4874.3710
9813 -4874.3850
9814 -4874.3915
9815 -4874.3947
9816 -4874.3963
9817 -4874.3971
9818 -4874.3975
9819 -4873.6359
9820 -4874.1088
9821 -4874.2756
9822 -4874.3425
9823 -4874.3714
9824 -4874.3851
9825 -4874.3914
9826 -4874.3945
9827 -4874.3960
9828 -4874.3968
9829 -4874.3971
9830 -4873.6352
9831 -4874.1115
9832 -4874.2774
9833 -4874.3434
9834 -4874.3718
9835 -4874.3851
9836 -4874.3913
9837 -4874.3943
9838 -4874.3958
9839 -4874.3964
9840 -4874.3968
9841 -4873.6346
9842 -4874.1141
9843 -4874.2792
9844 -4874.3443
9845 -4874.3721
9846 -4874.3852
9847 -4874.3912
9848 -4874.3940
9849 -4874.3955
9850 -4874.3961
9851 -4874.3965
9852 -4873.6179
9853 -4874.1091
9854 -4874.2774
9855 -4874.3436
9856 -4874.3717
9857 -4874.3849
9858 -4874.3910
9859 -4874.3938
9860 -4874.3952
9861 -4874.3959
9862 -4874.3962
9863 -4873.6173
9864 -4874.1120
9865 -4874.2792
9866 -4874.3445
9867 -4874.3722
9868 -4874.3850
9869 -4874.3909
9870 -4874.3936
9871 -4874.3949
9872 -4874.3956
9873 -4874.3959
9874 -4873.6168
9875 -4874.1148
9876 -4874.2810
9877 -4874.3455
9878 -4874.3726
9879 -4874.3852
9880 -4874.3908
9881 -4874.3935
9882 -4874.3947
9883 -4874.3954
9884 -4874.3956
9885 -4873.6331
9886 -4874.0966
9887 -4874.2667
9888 -4874.3365
9889 -4874.3673
9890 -4874.3817
9891 -4874.3889
9892 -4874.3923
9893 -4874.3939
9894 -4874.3948
9895 -4874.3952
9896 -4873.6322
9897 -4874.0993
9898 -4874.2685
9899 -4874.3374
9900 -4874.3676
9901 -4874.3817
9902 -4874.3887
9903 -4874.3920
9904 -4874.3936
9905 -4874.3944
9906 -4874.3948
9907 -4873.6314
9908 -4874.1020
9909 -4874.2703
9910 -4874.3384
9911 -4874.3680
9912 -4874.3817
9913 -4874.3886
9914 -4874.3918
9915 -4874.3933
9916 -4874.3941
9917 -4874.3945
9918 -4873.6307
9919 -4874.1047
9920 -4874.2721
9921 -4874.3393
9922 -4874.3684
9923 -4874.3818
9924 -4874.3885
9925 -4874.3915
9926 -4874.3930
9927 -4874.3937
9928 -4874.3941
9929 -4873.6300
9930 -4874.1074
9931 -4874.2739
9932 -4874.3402
9933 -4874.3687
9934 -4874.3818
9935 -4874.3883
9936 -4874.3913
9937 -4874.3927
9938 -4874.3934
9939 -4874.3938
9940 -4873.6293
9941 -4874.1101
9942 -4874.2756
9943 -4874.3411
9944 -4874.3691
9945 -4874.3819
9946 -4874.3882
9947 -4874.3911
9948 -4874.3925
9949 -4874.3932
9950 -4874.3935
9951 -4873.6127
9952 -4874.1053
9953 -4874.2739
9954 -4874.3404
9955 -4874.3687
9956 -4874.3817
9957 -4874.3880
9958 -4874.3908
9959 -4874.3922
9960 -4874.3929
9961 -4874.3932
9962 -4873.6121
9963 -4874.1081
9964 -4874.2758
9965 -4874.3414
9966 -4874.3692
9967 -4874.3818
9968 -4874.3879
9969 -4874.3907
9970 -4874.3920
9971 -4874.3926
9972 -4874.3929
9973 -4873.6116
9974 -4874.1108
9975 -4874.2776
9976 -4874.3423
9977 -4874.3695
9978 -4874.3819
9979 -4874.3878
9980 -4874.3905
9981 -4874.3918
9982 -4874.3924
9983 -4874.3926
9984 -4873.6278
9985 -4874.0924
9986 -4874.2631
9987 -4874.3333
9988 -4874.3643
9989 -4874.3787
9990 -4874.3859
9991 -4874.3893
9992 -4874.3910
9993 -4874.3919
9994 -4874.3923
9995 -4873.6270
9996 -4874.0951
9997 -4874.2649
9998 -4874.3342
9999 -4874.3647
10000 -4874.3923

