Charm++: standalone mode (not using charmrun)
Charm++> Running in Multicore mode: 12 threads (PEs)
Charm++> Using recursive bisection (scheme 3) for topology aware partitions
Converse/Charm++ Commit ID: 
CharmLB> Load balancer assumes all CPUs are same.
Charm++> Running on 1 hosts (1 sockets x 6 cores x 2 PUs = 12-way SMP)
Charm++> cpu topology info is gathered in 0.008 seconds.
CharmLB> Load balancing instrumentation for communication is off.
Info: NAMD Git-2025-12-04 for Linux-x86_64-multicore
Info: 
Info: Please visit http://www.ks.uiuc.edu/Research/namd/
Info: for updates, documentation, and support information.
Info: 
Info: Please cite Phillips et al., J. Chem. Phys. 153:044130 (2020) doi:10.1063/5.0014475
Info: in all publications reporting results obtained with NAMD.
Info: 
Info: Based on Charm++/Converse 80000 for multicore-linux-x86_64-gcc
Info: Built Thu Dec 4 09:25:02 CST 2025 by dhardy on athine.ks.uiuc.edu
Info: Source code at Git commit ID b856a9378ca44bcf5aa708d4b681af4ceb86d8ca
Info: 1 NAMD  Git-2025-12-04  Linux-x86_64-multicore  12    CCBC-pc4-12-L  1641063@uab.cat
Info: Running on 12 processors, 1 nodes, 1 physical nodes.
Info: CPU topology information available.
Info: Charm++/Converse parallel runtime startup completed at 0.0233021 s
CkLoopLib is used in SMP with simple dynamic scheduling (converse-level notification)
Info: 819.945 MB of memory in use based on /proc/self/stat
Info: Configuration file is equilibrationNpzT.namd
Info: Working in the current directory /home/UAB/1641063/Documents/CNT/simulation/equilibration
TCL: Suspending until startup complete.
Warning: Option "1-4scaling" has been deprecated. Instead use "oneFourScaling".
Info: EXTENDED SYSTEM FILE   ../minimize/minimized.restart.xsc
Warning: The Langevin gamma parameters differ over the particles,
Warning: requiring extra work per step to constrain rigid bonds.
Info: SIMULATION PARAMETERS:
Info: TIMESTEP               2
Info: NUMBER OF STEPS        0
Info: STEPS PER CYCLE        10
Info: PERIODIC CELL BASIS 1  23 0 0
Info: PERIODIC CELL BASIS 2  0 19.919 0
Info: PERIODIC CELL BASIS 3  0 0 52
Info: PERIODIC CELL CENTER   0 0 0
Info: WRAPPING WATERS AROUND PERIODIC BOUNDARIES ON OUTPUT.
Info: WRAPPING ALL CLUSTERS AROUND PERIODIC BOUNDARIES ON OUTPUT.
Info: LOAD BALANCER  Centralized
Info: LOAD BALANCING STRATEGY  New Load Balancers -- DEFAULT
Info: LDB PERIOD             2000 steps
Info: FIRST LDB TIMESTEP     50
Info: LAST LDB TIMESTEP     -1
Info: LDB BACKGROUND SCALING 1
Info: HOM BACKGROUND SCALING 1
Info: PME BACKGROUND SCALING 1
Info: MIN ATOMS PER PATCH    40
Info: EMPTY PATCH LOAD       40 ATOMS
Info: VELOCITY FILE          ../minimize/minimized.restart.vel
Info: CENTER OF MASS MOVING INITIALLY? NO
Info: DIELECTRIC             1
Info: EXCLUDE                SCALED ONE-FOUR
Info: 1-4 ELECTROSTATICS SCALED BY 1
Info: MODIFIED 1-4 VDW PARAMETERS WILL BE USED
Info: DCD FILENAME           MDequil.dcd
Info: DCD FREQUENCY          5000
Info: DCD FIRST STEP         5000
Info: DCD FILE WILL CONTAIN UNIT CELL DATA
Info: XST FILENAME           MDequil.xst
Info: XST FREQUENCY          5000
Info: NO VELOCITY DCD OUTPUT
Info: NO FORCE DCD OUTPUT
Info: OUTPUT FILENAME        MDequil
Info: BINARY OUTPUT FILES WILL BE USED
Info: RESTART FILENAME       MDequil.restart
Info: RESTART FREQUENCY      50000
Info: BINARY RESTART FILES WILL BE USED
Info: NAMD will save positions and velocities to MDequil.crash.csv when  atoms are moving too fast.
Info: SWITCHING ACTIVE
Info: SWITCHING ON           10
Info: SWITCHING OFF          12
Info: PAIRLIST DISTANCE      14
Info: PAIRLIST SHRINK RATE   0.01
Info: PAIRLIST GROW RATE     0.01
Info: PAIRLIST TRIGGER       0.3
Info: PAIRLISTS PER CYCLE    2
Info: PAIRLISTS ENABLED
Info: MARGIN                 0.99
Info: HYDROGEN GROUP CUTOFF  2.5
Info: PATCH DIMENSION        17.49
Info: ENERGY OUTPUT STEPS    5000
Info: ENERGY EVALUATION STEPS    5000
Info: OUTPUT ENERGY PRECISION 4
Info: CROSSTERM ENERGY INCLUDED IN DIHEDRAL
Info: TIMING OUTPUT STEPS    50000
Info: PRESSURE OUTPUT STEPS  5000
Info: FIXED ATOMS ACTIVE
Info: LANGEVIN DYNAMICS ACTIVE
Info: LANGEVIN TEMPERATURE   300
Info: LANGEVIN USING BBK INTEGRATOR
Info: LANGEVIN DAMPING COEFFICIENT IS 1 INVERSE PS
Info: LANGEVIN DYNAMICS NOT APPLIED TO HYDROGENS
Info: LANGEVIN PISTON PRESSURE CONTROL ACTIVE
Info:        TARGET PRESSURE IS 1.01325 BAR
Info:     OSCILLATION PERIOD IS 200 FS
Info:             DECAY TIME IS 100 FS
Info:     PISTON TEMPERATURE IS 300 K
Info:       PRESSURE CONTROL IS GROUP-BASED
Info:    INITIAL STRAIN RATE IS 0 0 0
Info:       CELL FLUCTUATION IS ANISOTROPIC
Info:     CONSTANT AREA PRESSURE CONTROL ACTIVE
Info: PARTICLE MESH EWALD (PME) ACTIVE
Info: PME TOLERANCE               1e-06
Info: PME EWALD COEFFICIENT       0.257952
Info: PME INTERPOLATION ORDER     4
Info: PME GRID DIMENSIONS         24 20 54
Info: PME MAXIMUM GRID SPACING    1
Info: Attempting to read FFTW data from FFTW_NAMD_Git-2025-12-04_Linux-x86_64-multicore.txt
Info: Optimizing 6 FFT steps.  1... 2... 3... 4... 5... 6...   Done.
Info: Writing FFTW data to FFTW_NAMD_Git-2025-12-04_Linux-x86_64-multicore.txt
Info: FULL ELECTROSTATIC EVALUATION FREQUENCY      2
Info: USING VERLET I (r-RESPA) MTS SCHEME.
Info: C1 SPLITTING OF LONG RANGE ELECTROSTATICS
Info: PLACING ATOMS IN PATCHES BY HYDROGEN GROUPS
Info: RIGID BONDS TO HYDROGEN : ALL
Info:         ERROR TOLERANCE : 1e-08
Info:          MAX ITERATIONS : 100
Info: RIGID WATER USING SETTLE ALGORITHM
Info: RANDOM NUMBER SEED     1777544319
Info: USE HYDROGEN BONDS?    NO
Info: COORDINATE PDB         ../input/system.pdb
Info: STRUCTURE FILE         ../input/system.psf
Info: PARAMETER file: CHARMM format! 
Info: PARAMETERS             ../input/par_nanotubes.inp
Info: PARAMETERS             ../input/par_water_ions.inp
Info: USING ARITHMETIC MEAN TO COMBINE L-J SIGMA PARAMETERS
Info: BINARY COORDINATES     ../minimize/minimized.restart.coor
Info: SUMMARY OF PARAMETERS:
Info: 4 BONDS
Info: 2 ANGLES
Info: 1 DIHEDRAL
Info: 0 IMPROPER
Info: 0 CROSSTERM
Info: 16 VDW
Info: 2 VDW_PAIRS
Info: 0 NBTHOLE_PAIRS
Info: TIME FOR READING PSF FILE: 0.0171992
Info: Reading pdb file ../input/system.pdb
Info: TIME FOR READING PDB FILE: 0.00504839
Info: 
Info: ****************************
Info: STRUCTURE SUMMARY:
Info: 2160 ATOMS
Info: 1872 BONDS
Info: 2064 ANGLES
Info: 2928 DIHEDRALS
Info: 0 IMPROPERS
Info: 0 CROSSTERMS
Info: 0 EXCLUSIONS
Info: 576 FIXED ATOMS
Info: 1584 RIGID BONDS
Info: 0 RIGID BONDS BETWEEN FIXED ATOMS
Info: 3168 DEGREES OF FREEDOM
Info: 1104 HYDROGEN GROUPS
Info: 3 ATOMS IN LARGEST HYDROGEN GROUP
Info: 1104 MIGRATION GROUPS
Info: 3 ATOMS IN LARGEST MIGRATION GROUP
Info: 576 HYDROGEN GROUPS WITH ALL ATOMS FIXED
Info: TOTAL MASS = 16430.5 amu
Info: TOTAL CHARGE = 0 e
Info: MASS DENSITY = 1.14528 g/cm^3
Info: ATOM DENSITY = 0.0906682 atoms/A^3
Info: *****************************
Info: Reading from binary file ../minimize/minimized.restart.coor
Info: 
Info: Entering startup at 11.5746 s, 0.457216 MB of memory in use
Info: Startup phase 0 took 0.0139306 s, 0.457216 MB of memory in use
Info: ADDED 6144 IMPLICIT EXCLUSIONS
Info: Startup phase 1 took 0.0239999 s, 0.457216 MB of memory in use
Info: NONBONDED TABLE R-SQUARED SPACING: 0.0625
Info: NONBONDED TABLE SIZE: 769 POINTS
Info: INCONSISTENCY IN FAST TABLE ENERGY VS FORCE: 0.000325096 AT 11.9556
Info: INCONSISTENCY IN SCOR TABLE ENERGY VS FORCE: 0.000324844 AT 11.9556
Info: INCONSISTENCY IN VDWA TABLE ENERGY VS FORCE: 0.0040507 AT 0.251946
Info: INCONSISTENCY IN VDWB TABLE ENERGY VS FORCE: 0.00150189 AT 0.251946
Info: Startup phase 2 took 0.00660588 s, 0.457216 MB of memory in use
Info: Startup phase 3 took 0.0039285 s, 0.457216 MB of memory in use
Info: Startup phase 4 took 0.00244328 s, 0.457216 MB of memory in use
Info: Startup phase 5 took 0.0050258 s, 0.457216 MB of memory in use
Info: PATCH GRID IS 2 (PERIODIC) BY 1 (PERIODIC) BY 2 (PERIODIC)
Info: PATCH GRID IS 2-AWAY BY 1-AWAY BY 1-AWAY
Info: Reading from binary file ../minimize/minimized.restart.vel
Info: REMOVING COM VELOCITY 0 0 0
Info: LARGEST PATCH (0) HAS 564 ATOMS
Info: TORUS A SIZE 1 USING 0
Info: TORUS B SIZE 1 USING 0
Info: TORUS C SIZE 1 USING 0
Info: TORUS MINIMAL MESH SIZE IS 1 BY 1 BY 1
Info: Placed 100% of base nodes on same physical node as patch
Info: Startup phase 6 took 0.00560568 s, 0.457216 MB of memory in use
Info: PME using 12 and 10 processors for FFT and reciprocal sum.
Info: PME GRID LOCATIONS: 0 1 2 3 4 5 6 7 8 9 ...
Info: PME TRANS LOCATIONS: 1 2 3 4 5 6 8 9 10 11
Info: PME USING 1 GRID NODES AND 1 TRANS NODES
Info: Optimizing 4 FFT steps.  1... 2... 3... 4...   Done.
Info: Startup phase 7 took 0.00530409 s, 0.457216 MB of memory in use
Info: Startup phase 8 took 0.00633702 s, 0.457216 MB of memory in use
Info: Startup phase 9 took 0.0197489 s, 0.457216 MB of memory in use
Info: Startup phase 10 took 0.0180007 s, 0.457216 MB of memory in use
Info: Startup phase 11 took 0.011005 s, 0.457216 MB of memory in use
LDB: Central LB being created...
Info: Startup phase 12 took 0.0120181 s, 0.457216 MB of memory in use
Info: Startup phase 13 took 0.00798071 s, 0.457216 MB of memory in use
Info: Startup phase 14 took 0.00899841 s, 0.457216 MB of memory in use
Info: Startup phase 15 took 0.0090021 s, 0.457216 MB of memory in use
Info: CREATING 136 COMPUTE OBJECTS
Info: useSync: 0 useProxySync: 0
Info: Startup phase 16 took 0.0159968 s, 0.457216 MB of memory in use
Info: Startup phase 17 took 0.020998 s, 0.457216 MB of memory in use
Info: Startup phase 18 took 3.4651e-05 s, 0.457216 MB of memory in use
Info: Finished startup at 11.7716 s, 0.457216 MB of memory in use

TCL: Running for 500000 steps
PRESSURE: 0 2921.07 147.191 539.038 -344.055 4237.05 -1130.15 -2331.39 -1092.05 12390.6
GPRESSURE: 0 2928.3 218.733 601.06 -128.151 4291.18 -1204.91 -2367.3 -977.99 12365.5
ETITLE:      TS           BOND          ANGLE          DIHED          IMPRP               ELECT            VDW       BOUNDARY           MISC        KINETIC               TOTAL           TEMP      POTENTIAL         TOTAL3        TEMPAVG            PRESSURE      GPRESSURE         VOLUME       PRESSAVG      GPRESSAVG

ENERGY:       0         0.0000         0.0000         0.0000         0.0000          -5460.6263       775.2761         0.0000         0.0000         0.0000          -4685.3502         0.0000     -4685.3502     -4684.5921         0.0000           6516.2526      6528.3302     23823.1240      6516.2526      6528.3302

OPENING EXTENDED SYSTEM TRAJECTORY FILE
LDB: ============= START OF LOAD BALANCING ============== 11.8544
LDB: ============== END OF LOAD BALANCING =============== 11.855
Info: useSync: 0 useProxySync: 0
LDB: =============== DONE WITH MIGRATION ================ 11.8726
LDB: ============= START OF LOAD BALANCING ============== 12.0859
LDB: Largest compute 8 load 0.073545 is 181.3% of average load 0.040563
LDB: Average compute 0.003677 is 9.1% of average load 0.040563
LDB: Partitioning computes with target load 0.007353
LDB: Increased migratable compute count from 112 to 148
LDB: Largest unpartitionable compute is 0.000436
LDB: ============== END OF LOAD BALANCING =============== 12.0976
Info: useSync: 0 useProxySync: 0
LDB: =============== DONE WITH MIGRATION ================ 12.1586
Info: Initial time: 12 CPUs 0.00573485 s/step 0.0331878 days/ns 0.457216 MB memory
LDB: ============= START OF LOAD BALANCING ============== 12.2446
LDB: ============== END OF LOAD BALANCING =============== 12.2476
Info: useSync: 0 useProxySync: 0
LDB: =============== DONE WITH MIGRATION ================ 12.2593
LDB: ============= START OF LOAD BALANCING ============== 12.5076
LDB: Largest compute 164 load 0.011617 is 31.2% of average load 0.037209
LDB: Average compute 0.002605 is 7.0% of average load 0.037209
LDB: TIME 12.5136 LOAD: AVG 0.0372085 MAX 0.0844456  PROXIES: TOTAL 24 MAXPE 4 MAXPATCH 6 None MEM: 0.457216 MB
LDB: TIME 12.5138 LOAD: AVG 0.0372085 MAX 0.0445172  PROXIES: TOTAL 24 MAXPE 4 MAXPATCH 6 TorusLB MEM: 0.457216 MB
LDB: ============== END OF LOAD BALANCING =============== 12.5226
Info: useSync: 0 useProxySync: 0
LDB: =============== DONE WITH MIGRATION ================ 12.5949
Info: Initial time: 12 CPUs 0.00665156 s/step 0.0384928 days/ns 0.457216 MB memory
LDB: ============= START OF LOAD BALANCING ============== 12.9246
LDB: Largest compute 6 load 0.058315 is 106.2% of average load 0.054904
LDB: Average compute 0.003819 is 7.0% of average load 0.054904
LDB: TIME 12.9285 LOAD: AVG 0.0549035 MAX 0.102231  PROXIES: TOTAL 24 MAXPE 4 MAXPATCH 6 None MEM: 0.457216 MB
LDB: TIME 12.9286 LOAD: AVG 0.0549035 MAX 0.102231  PROXIES: TOTAL 24 MAXPE 4 MAXPATCH 6 RefineTorusLB MEM: 0.457216 MB
LDB: TIME 12.9288 LOAD: AVG 0.0549035 MAX 0.0626554  PROXIES: TOTAL 25 MAXPE 4 MAXPATCH 7 RefineTorusLB MEM: 0.457216 MB
LDB: ============== END OF LOAD BALANCING =============== 12.9357
Info: useSync: 0 useProxySync: 0
LDB: =============== DONE WITH MIGRATION ================ 12.9403
Info: Initial time: 12 CPUs 0.0065542 s/step 0.0379294 days/ns 0.457216 MB memory
LDB: ============= START OF LOAD BALANCING ============== 13.2955
LDB: Largest compute 11 load 0.064186 is 116.0% of average load 0.055354
LDB: Average compute 0.003796 is 6.9% of average load 0.055354
LDB: TIME 13.3056 LOAD: AVG 0.0553542 MAX 0.103926  PROXIES: TOTAL 24 MAXPE 4 MAXPATCH 6 None MEM: 0.457216 MB
LDB: TIME 13.3056 LOAD: AVG 0.0553542 MAX 0.103926  PROXIES: TOTAL 25 MAXPE 4 MAXPATCH 7 RefineTorusLB MEM: 0.457216 MB
LDB: TIME 13.3058 LOAD: AVG 0.0553542 MAX 0.0716599  PROXIES: TOTAL 27 MAXPE 4 MAXPATCH 8 RefineTorusLB MEM: 0.457216 MB
LDB: ============== END OF LOAD BALANCING =============== 13.3175
Info: useSync: 0 useProxySync: 0
LDB: =============== DONE WITH MIGRATION ================ 13.3957
Info: Benchmark time: 12 CPUs 0.00711569 s/step 0.0411788 days/ns 0.457216 MB memory
Info: Benchmark time: 12 CPUs 0.00633098 s/step 0.0366376 days/ns 0.457216 MB memory
Info: Benchmark time: 12 CPUs 0.00613737 s/step 0.0355172 days/ns 0.457216 MB memory
Info: Benchmark time: 12 CPUs 0.00861588 s/step 0.0498604 days/ns 0.457216 MB memory
Info: Benchmark time: 12 CPUs 0.00741685 s/step 0.0429216 days/ns 0.457216 MB memory
Info: Benchmark time: 12 CPUs 0.00519484 s/step 0.0300628 days/ns 0.457216 MB memory
LDB: ============= START OF LOAD BALANCING ============== 25.829
LDB: ============== END OF LOAD BALANCING =============== 25.8292
Info: useSync: 0 useProxySync: 0
LDB: =============== DONE WITH MIGRATION ================ 25.8293
LDB: ============= START OF LOAD BALANCING ============== 26.0436
LDB: Largest compute 34 load 0.023138 is 46.2% of average load 0.050134
LDB: Average compute 0.003506 is 7.0% of average load 0.050134
LDB: TIME 26.0476 LOAD: AVG 0.050134 MAX 0.0643975  PROXIES: TOTAL 24 MAXPE 4 MAXPATCH 6 None MEM: 0.457216 MB
LDB: TIME 26.0476 LOAD: AVG 0.050134 MAX 0.0643975  PROXIES: TOTAL 27 MAXPE 4 MAXPATCH 8 RefineTorusLB MEM: 0.457216 MB
LDB: TIME 26.0479 LOAD: AVG 0.050134 MAX 0.0541426  PROXIES: TOTAL 27 MAXPE 4 MAXPATCH 8 RefineTorusLB MEM: 0.457216 MB
LDB: ============== END OF LOAD BALANCING =============== 26.0528
Info: useSync: 0 useProxySync: 0
LDB: =============== DONE WITH MIGRATION ================ 26.0718
LDB: ============= START OF LOAD BALANCING ============== 38.1175
LDB: ============== END OF LOAD BALANCING =============== 38.1184
Info: useSync: 0 useProxySync: 0
LDB: =============== DONE WITH MIGRATION ================ 38.1225
LDB: ============= START OF LOAD BALANCING ============== 38.3556
LDB: Largest compute 142 load 0.017734 is 36.4% of average load 0.048706
LDB: Average compute 0.003340 is 6.9% of average load 0.048706
LDB: TIME 38.3676 LOAD: AVG 0.0487059 MAX 0.0597352  PROXIES: TOTAL 24 MAXPE 4 MAXPATCH 6 None MEM: 0.457216 MB
LDB: TIME 38.3677 LOAD: AVG 0.0487059 MAX 0.0597352  PROXIES: TOTAL 27 MAXPE 4 MAXPATCH 8 RefineTorusLB MEM: 0.457216 MB
LDB: TIME 38.3677 LOAD: AVG 0.0487059 MAX 0.0525811  PROXIES: TOTAL 27 MAXPE 4 MAXPATCH 8 RefineTorusLB MEM: 0.457216 MB
LDB: ============== END OF LOAD BALANCING =============== 38.3795
Info: useSync: 0 useProxySync: 0
LDB: =============== DONE WITH MIGRATION ================ 38.4542
PRESSURE: 5000 -815.457 -142.289 399.473 86.9818 -696.487 -232.294 983.868 -89.1598 875.343
GPRESSURE: 5000 -551.744 32.2561 525.378 356.62 -941.988 -278.872 770.368 -15.7291 913.473
PRESSAVG: 5000 -374.782 42.1711 -8.3906 15.0082 -396.466 13.5573 -29.7226 -76.2954 3.38328
GPRESSAVG: 5000 -374.556 41.9973 -8.25927 15.3843 -396.329 13.7076 -29.4182 -76.2672 3.50896
ENERGY:    5000         0.0000         0.0000         0.0000         0.0000          -5597.2449       419.5997         0.0000         0.0000       941.3993          -4236.2458       299.0743     -5177.6452     -4234.2156       278.1528           -212.2005      -193.4198     22812.8204      -255.9547      -255.7920

OPENING COORDINATE DCD FILE
WRITING COORDINATES TO DCD FILE MDequil.dcd AT STEP 5000
The last position output (seq=5000) takes 0.002 seconds, 0.457 MB of memory in use
LDB: ============= START OF LOAD BALANCING ============== 49.5146
LDB: ============== END OF LOAD BALANCING =============== 49.5185
Info: useSync: 0 useProxySync: 0
LDB: =============== DONE WITH MIGRATION ================ 49.5296
LDB: ============= START OF LOAD BALANCING ============== 49.8292
LDB: Largest compute 146 load 0.012158 is 24.7% of average load 0.049251
LDB: Average compute 0.003397 is 6.9% of average load 0.049251
LDB: TIME 49.8357 LOAD: AVG 0.0492512 MAX 0.059407  PROXIES: TOTAL 24 MAXPE 4 MAXPATCH 6 None MEM: 0.457216 MB
LDB: TIME 49.8357 LOAD: AVG 0.0492512 MAX 0.059407  PROXIES: TOTAL 27 MAXPE 4 MAXPATCH 8 RefineTorusLB MEM: 0.457216 MB
LDB: TIME 49.836 LOAD: AVG 0.0492512 MAX 0.0536845  PROXIES: TOTAL 27 MAXPE 4 MAXPATCH 8 RefineTorusLB MEM: 0.457216 MB
LDB: ============== END OF LOAD BALANCING =============== 49.8416
Info: useSync: 0 useProxySync: 0
LDB: =============== DONE WITH MIGRATION ================ 49.8865
LDB: ============= START OF LOAD BALANCING ============== 55.2879
LDB: ============== END OF LOAD BALANCING =============== 55.2885
Info: useSync: 0 useProxySync: 0
LDB: =============== DONE WITH MIGRATION ================ 55.2887
LDB: ============= START OF LOAD BALANCING ============== 55.3521
LDB: Largest compute 140 load 0.012135 is 25.5% of average load 0.047599
LDB: Average compute 0.003348 is 7.0% of average load 0.047599
LDB: TIME 55.3523 LOAD: AVG 0.0475988 MAX 0.0612985  PROXIES: TOTAL 24 MAXPE 4 MAXPATCH 6 None MEM: 0.457216 MB
LDB: TIME 55.3524 LOAD: AVG 0.0475988 MAX 0.0612985  PROXIES: TOTAL 27 MAXPE 4 MAXPATCH 8 RefineTorusLB MEM: 0.457216 MB
LDB: TIME 55.3525 LOAD: AVG 0.0475988 MAX 0.0517956  PROXIES: TOTAL 28 MAXPE 4 MAXPATCH 8 RefineTorusLB MEM: 0.457216 MB
LDB: ============== END OF LOAD BALANCING =============== 55.3526
Info: useSync: 0 useProxySync: 0
LDB: =============== DONE WITH MIGRATION ================ 55.3528
WRITING COORDINATES TO DCD FILE MDequil.dcd AT STEP 10000
The last position output (seq=10000) takes 0.000 seconds, 0.457 MB of memory in use
PRESSURE: 10000 -514.638 49.1373 39.7973 230.95 572.683 328.797 183.063 0.925088 1069.94
GPRESSURE: 10000 -518.683 72.6772 161.124 372.344 720.01 239.641 178.892 -32.5449 992.127
PRESSAVG: 10000 -255.847 -8.15352 43.7714 11.0627 -358.587 -39.6414 66.0625 -4.25026 8.81338
GPRESSAVG: 10000 -256.111 -8.27395 43.3967 10.9998 -358.228 -39.6312 66.4826 -4.15037 8.84088
ENERGY:   10000         0.0000         0.0000         0.0000         0.0000          -5674.6105       526.0751         0.0000         0.0000       916.4911          -4232.0443       291.1612     -5148.5354     -4229.4118       298.6545            375.9939       397.8181     23584.8514      -201.8736      -201.8325

LDB: ============= START OF LOAD BALANCING ============== 57.649
LDB: ============== END OF LOAD BALANCING =============== 57.6492
Info: useSync: 0 useProxySync: 0
LDB: =============== DONE WITH MIGRATION ================ 57.6493
LDB: ============= START OF LOAD BALANCING ============== 57.7151
LDB: Largest compute 164 load 0.011690 is 24.6% of average load 0.047529
LDB: Average compute 0.003338 is 7.0% of average load 0.047529
LDB: TIME 57.7153 LOAD: AVG 0.0475285 MAX 0.051844  PROXIES: TOTAL 24 MAXPE 4 MAXPATCH 6 None MEM: 0.457216 MB
LDB: TIME 57.7154 LOAD: AVG 0.0475285 MAX 0.051844  PROXIES: TOTAL 28 MAXPE 4 MAXPATCH 8 RefineTorusLB MEM: 0.457216 MB
LDB: TIME 57.7154 LOAD: AVG 0.0475285 MAX 0.051844  PROXIES: TOTAL 28 MAXPE 4 MAXPATCH 8 RefineTorusLB MEM: 0.457216 MB
LDB: ============== END OF LOAD BALANCING =============== 57.7155
Info: useSync: 0 useProxySync: 0
LDB: =============== DONE WITH MIGRATION ================ 57.7158
LDB: ============= START OF LOAD BALANCING ============== 60.1111
LDB: ============== END OF LOAD BALANCING =============== 60.1113
Info: useSync: 0 useProxySync: 0
LDB: =============== DONE WITH MIGRATION ================ 60.1114
LDB: ============= START OF LOAD BALANCING ============== 60.1696
LDB: Largest compute 163 load 0.010904 is 22.6% of average load 0.048333
LDB: Average compute 0.003407 is 7.0% of average load 0.048333
LDB: TIME 60.1698 LOAD: AVG 0.0483333 MAX 0.053915  PROXIES: TOTAL 24 MAXPE 4 MAXPATCH 6 None MEM: 0.457216 MB
LDB: TIME 60.1699 LOAD: AVG 0.0483333 MAX 0.053915  PROXIES: TOTAL 28 MAXPE 4 MAXPATCH 8 RefineTorusLB MEM: 0.457216 MB
LDB: TIME 60.17 LOAD: AVG 0.0483333 MAX 0.0526169  PROXIES: TOTAL 28 MAXPE 4 MAXPATCH 8 RefineTorusLB MEM: 0.457216 MB
LDB: ============== END OF LOAD BALANCING =============== 60.1701
Info: useSync: 0 useProxySync: 0
LDB: =============== DONE WITH MIGRATION ================ 60.1703
LDB: ============= START OF LOAD BALANCING ============== 62.4699
LDB: ============== END OF LOAD BALANCING =============== 62.4701
Info: useSync: 0 useProxySync: 0
LDB: =============== DONE WITH MIGRATION ================ 62.4702
LDB: ============= START OF LOAD BALANCING ============== 62.529
LDB: Largest compute 140 load 0.011377 is 23.6% of average load 0.048120
LDB: Average compute 0.003387 is 7.0% of average load 0.048120
LDB: TIME 62.5293 LOAD: AVG 0.0481201 MAX 0.0532715  PROXIES: TOTAL 24 MAXPE 4 MAXPATCH 6 None MEM: 0.457216 MB
LDB: TIME 62.5293 LOAD: AVG 0.0481201 MAX 0.0532715  PROXIES: TOTAL 28 MAXPE 4 MAXPATCH 8 RefineTorusLB MEM: 0.457216 MB
LDB: TIME 62.5294 LOAD: AVG 0.0481201 MAX 0.0522782  PROXIES: TOTAL 28 MAXPE 4 MAXPATCH 8 RefineTorusLB MEM: 0.457216 MB
LDB: ============== END OF LOAD BALANCING =============== 62.5326
Info: useSync: 0 useProxySync: 0
LDB: =============== DONE WITH MIGRATION ================ 62.5418
PRESSURE: 15000 -610.801 260.26 -165.142 151.557 -290.113 -601.968 -518.125 -993.129 37.9379
GPRESSURE: 15000 -483.266 214.54 -115.238 298.248 -180.538 -385.699 -532.778 -1300.12 -166.057
PRESSAVG: 15000 -217.302 30.917 -35.1684 55.7928 -165.643 10.4166 -51.0904 30.7843 10.5974
GPRESSAVG: 15000 -217.075 30.6704 -35.6298 55.7556 -166.01 10.9313 -51.2501 30.1386 10.5873
ENERGY:   15000         0.0000         0.0000         0.0000         0.0000          -5574.1338       429.6176         0.0000         0.0000       921.1566          -4223.3596       292.6434     -5144.5162     -4221.7236       298.7396           -287.6586      -276.6205     23081.9131      -124.1158      -124.1659

WRITING COORDINATES TO DCD FILE MDequil.dcd AT STEP 15000
The last position output (seq=15000) takes 0.000 seconds, 0.457 MB of memory in use
LDB: ============= START OF LOAD BALANCING ============== 64.8639
LDB: ============== END OF LOAD BALANCING =============== 64.8646
Info: useSync: 0 useProxySync: 0
LDB: =============== DONE WITH MIGRATION ================ 64.8647
LDB: ============= START OF LOAD BALANCING ============== 64.9226
LDB: Largest compute 5 load 0.011977 is 24.7% of average load 0.048460
LDB: Average compute 0.003417 is 7.1% of average load 0.048460
LDB: TIME 64.9228 LOAD: AVG 0.0484597 MAX 0.0535744  PROXIES: TOTAL 24 MAXPE 4 MAXPATCH 6 None MEM: 0.457216 MB
LDB: TIME 64.9228 LOAD: AVG 0.0484597 MAX 0.0535744  PROXIES: TOTAL 28 MAXPE 4 MAXPATCH 8 RefineTorusLB MEM: 0.457216 MB
LDB: TIME 64.9229 LOAD: AVG 0.0484597 MAX 0.0526923  PROXIES: TOTAL 28 MAXPE 4 MAXPATCH 8 RefineTorusLB MEM: 0.457216 MB
LDB: ============== END OF LOAD BALANCING =============== 64.9229
Info: useSync: 0 useProxySync: 0
LDB: =============== DONE WITH MIGRATION ================ 64.9232
LDB: ============= START OF LOAD BALANCING ============== 67.2265
LDB: ============== END OF LOAD BALANCING =============== 67.2267
Info: useSync: 0 useProxySync: 0
LDB: =============== DONE WITH MIGRATION ================ 67.2268
LDB: ============= START OF LOAD BALANCING ============== 67.2858
LDB: Largest compute 52 load 0.012216 is 25.2% of average load 0.048490
LDB: Average compute 0.003419 is 7.1% of average load 0.048490
LDB: TIME 67.286 LOAD: AVG 0.0484903 MAX 0.0546626  PROXIES: TOTAL 24 MAXPE 4 MAXPATCH 6 None MEM: 0.457216 MB
LDB: TIME 67.286 LOAD: AVG 0.0484903 MAX 0.0546626  PROXIES: TOTAL 28 MAXPE 4 MAXPATCH 8 RefineTorusLB MEM: 0.457216 MB
LDB: TIME 67.2861 LOAD: AVG 0.0484903 MAX 0.052756  PROXIES: TOTAL 28 MAXPE 4 MAXPATCH 8 RefineTorusLB MEM: 0.457216 MB
LDB: ============== END OF LOAD BALANCING =============== 67.2862
Info: useSync: 0 useProxySync: 0
LDB: =============== DONE WITH MIGRATION ================ 67.2864
PRESSURE: 20000 602.172 420.488 328.886 683.592 -1117.79 646.375 1177.48 55.082 -374.585
GPRESSURE: 20000 556.144 151.902 182.121 696.42 -1134.74 630.321 929.039 483.425 -246.308
PRESSAVG: 20000 -300.596 28.8058 -33.8186 -3.1512 -257.795 5.59278 -121.673 -71.3077 -11.7581
GPRESSAVG: 20000 -300.694 29.1893 -33.6148 -3.19118 -257.359 5.18203 -121.425 -70.8 -11.8175
ENERGY:   20000         0.0000         0.0000         0.0000         0.0000          -5574.9226       403.3596         0.0000         0.0000       916.1819          -4255.3811       291.0630     -5171.5631     -4253.2860       297.5032           -296.7341      -274.9667     22929.3265      -190.0495      -189.9567

WRITING COORDINATES TO DCD FILE MDequil.dcd AT STEP 20000
The last position output (seq=20000) takes 0.000 seconds, 0.457 MB of memory in use
LDB: ============= START OF LOAD BALANCING ============== 69.6171
LDB: ============== END OF LOAD BALANCING =============== 69.6171
Info: useSync: 0 useProxySync: 0
LDB: =============== DONE WITH MIGRATION ================ 69.6172
LDB: ============= START OF LOAD BALANCING ============== 69.6769
LDB: Largest compute 7 load 0.012393 is 25.6% of average load 0.048474
LDB: Average compute 0.003419 is 7.1% of average load 0.048474
LDB: TIME 69.6771 LOAD: AVG 0.048474 MAX 0.0544874  PROXIES: TOTAL 24 MAXPE 4 MAXPATCH 6 None MEM: 0.457216 MB
LDB: TIME 69.6772 LOAD: AVG 0.048474 MAX 0.0544874  PROXIES: TOTAL 28 MAXPE 4 MAXPATCH 8 RefineTorusLB MEM: 0.457216 MB
LDB: TIME 69.6772 LOAD: AVG 0.048474 MAX 0.0511786  PROXIES: TOTAL 29 MAXPE 4 MAXPATCH 8 RefineTorusLB MEM: 0.457216 MB
LDB: ============== END OF LOAD BALANCING =============== 69.6773
Info: useSync: 0 useProxySync: 0
LDB: =============== DONE WITH MIGRATION ================ 69.6775
LDB: ============= START OF LOAD BALANCING ============== 71.9765
LDB: ============== END OF LOAD BALANCING =============== 71.9766
Info: useSync: 0 useProxySync: 0
LDB: =============== DONE WITH MIGRATION ================ 71.9767
LDB: ============= START OF LOAD BALANCING ============== 72.0362
LDB: Largest compute 140 load 0.012217 is 25.0% of average load 0.048832
LDB: Average compute 0.003444 is 7.1% of average load 0.048832
LDB: TIME 72.0363 LOAD: AVG 0.0488319 MAX 0.0542552  PROXIES: TOTAL 24 MAXPE 4 MAXPATCH 6 None MEM: 0.457216 MB
LDB: TIME 72.0364 LOAD: AVG 0.0488319 MAX 0.0542552  PROXIES: TOTAL 29 MAXPE 4 MAXPATCH 8 RefineTorusLB MEM: 0.457216 MB
LDB: TIME 72.0364 LOAD: AVG 0.0488319 MAX 0.0529378  PROXIES: TOTAL 29 MAXPE 4 MAXPATCH 8 RefineTorusLB MEM: 0.457216 MB
LDB: ============== END OF LOAD BALANCING =============== 72.0365
Info: useSync: 0 useProxySync: 0
LDB: =============== DONE WITH MIGRATION ================ 72.0368
LDB: ============= START OF LOAD BALANCING ============== 74.3518
LDB: ============== END OF LOAD BALANCING =============== 74.3519
Info: useSync: 0 useProxySync: 0
LDB: =============== DONE WITH MIGRATION ================ 74.3521
LDB: ============= START OF LOAD BALANCING ============== 74.4109
LDB: Largest compute 163 load 0.012484 is 25.4% of average load 0.049186
LDB: Average compute 0.003467 is 7.0% of average load 0.049186
LDB: TIME 74.4117 LOAD: AVG 0.0491858 MAX 0.0527405  PROXIES: TOTAL 24 MAXPE 4 MAXPATCH 6 None MEM: 0.457216 MB
LDB: TIME 74.4118 LOAD: AVG 0.0491858 MAX 0.0527405  PROXIES: TOTAL 29 MAXPE 4 MAXPATCH 8 RefineTorusLB MEM: 0.457216 MB
LDB: TIME 74.4118 LOAD: AVG 0.0491858 MAX 0.0527405  PROXIES: TOTAL 29 MAXPE 4 MAXPATCH 8 RefineTorusLB MEM: 0.457216 MB
LDB: ============== END OF LOAD BALANCING =============== 74.4119
Info: useSync: 0 useProxySync: 0
LDB: =============== DONE WITH MIGRATION ================ 74.4122
PRESSURE: 25000 247.951 88.4399 607.813 613.985 -1121.32 -157.715 319.064 -234.732 -621.442
GPRESSURE: 25000 164.66 181.923 502.279 571.896 -1013.95 -7.20609 140.96 -217.61 -584.264
PRESSAVG: 25000 -362.232 76.176 -51.0398 89.6396 -329.293 -28.633 4.14145 -9.70256 -11.0159
GPRESSAVG: 25000 -362.202 76.3027 -51.2212 89.4259 -329.334 -28.326 3.91003 -9.02026 -10.7526
ENERGY:   25000         0.0000         0.0000         0.0000         0.0000          -5636.8032       388.1299         0.0000         0.0000       925.6343          -4323.0391       294.0659     -5248.6734     -4320.9450       299.4317           -498.2699      -477.8524     22749.2379      -234.1805      -234.0965

WRITING COORDINATES TO DCD FILE MDequil.dcd AT STEP 25000
The last position output (seq=25000) takes 0.000 seconds, 0.457 MB of memory in use
LDB: ============= START OF LOAD BALANCING ============== 76.8152
LDB: ============== END OF LOAD BALANCING =============== 76.8153
Info: useSync: 0 useProxySync: 0
LDB: =============== DONE WITH MIGRATION ================ 76.8155
LDB: ============= START OF LOAD BALANCING ============== 76.8808
LDB: Largest compute 148 load 0.012022 is 23.0% of average load 0.052373
LDB: Average compute 0.003674 is 7.0% of average load 0.052373
LDB: TIME 76.881 LOAD: AVG 0.0523733 MAX 0.0567894  PROXIES: TOTAL 24 MAXPE 4 MAXPATCH 6 None MEM: 0.457216 MB
LDB: TIME 76.8811 LOAD: AVG 0.0523733 MAX 0.0567894  PROXIES: TOTAL 29 MAXPE 4 MAXPATCH 8 RefineTorusLB MEM: 0.457216 MB
LDB: TIME 76.8811 LOAD: AVG 0.0523733 MAX 0.0567894  PROXIES: TOTAL 29 MAXPE 4 MAXPATCH 8 RefineTorusLB MEM: 0.457216 MB
LDB: ============== END OF LOAD BALANCING =============== 76.8812
Info: useSync: 0 useProxySync: 0
LDB: =============== DONE WITH MIGRATION ================ 76.8815
LDB: ============= START OF LOAD BALANCING ============== 79.3857
LDB: ============== END OF LOAD BALANCING =============== 79.3859
Info: useSync: 0 useProxySync: 0
LDB: =============== DONE WITH MIGRATION ================ 79.386
LDB: ============= START OF LOAD BALANCING ============== 79.4532
LDB: Largest compute 7 load 0.012386 is 23.1% of average load 0.053664
LDB: Average compute 0.003793 is 7.1% of average load 0.053664
LDB: TIME 79.4535 LOAD: AVG 0.0536636 MAX 0.0594717  PROXIES: TOTAL 24 MAXPE 4 MAXPATCH 6 None MEM: 0.457216 MB
LDB: TIME 79.4536 LOAD: AVG 0.0536636 MAX 0.0594717  PROXIES: TOTAL 29 MAXPE 4 MAXPATCH 8 RefineTorusLB MEM: 0.457216 MB
LDB: TIME 79.4537 LOAD: AVG 0.0536636 MAX 0.0584872  PROXIES: TOTAL 29 MAXPE 4 MAXPATCH 8 RefineTorusLB MEM: 0.457216 MB
LDB: ============== END OF LOAD BALANCING =============== 79.4538
Info: useSync: 0 useProxySync: 0
LDB: =============== DONE WITH MIGRATION ================ 79.454
WRITING COORDINATES TO DCD FILE MDequil.dcd AT STEP 30000
The last position output (seq=30000) takes 0.000 seconds, 0.457 MB of memory in use
PRESSURE: 30000 -1080.12 -99.2459 -315.853 126.029 -331.753 345.737 -628.781 294.924 -689.903
GPRESSURE: 30000 -997.282 -495.446 -385.299 254.583 -460.623 400.94 -436.893 -96.2481 -608.234
PRESSAVG: 30000 -233.186 17.0119 -13.0361 47.2256 -347.936 -10.2191 -28.2609 37.9362 20.8891
GPRESSAVG: 30000 -233.363 15.9921 -12.3129 47.4166 -347.653 -10.247 -28.2295 37.3916 20.9488
ENERGY:   30000         0.0000         0.0000         0.0000         0.0000          -5699.4235       393.4844         0.0000         0.0000       901.3241          -4404.6150       286.3427     -5305.9391     -4401.3528       295.2149           -700.5921      -688.7130     22817.2078      -186.7444      -186.6891

LDB: ============= START OF LOAD BALANCING ============== 81.9481
LDB: ============== END OF LOAD BALANCING =============== 81.9482
Info: useSync: 0 useProxySync: 0
LDB: =============== DONE WITH MIGRATION ================ 81.9483
LDB: ============= START OF LOAD BALANCING ============== 82.0118
LDB: Largest compute 5 load 0.012740 is 23.9% of average load 0.053226
LDB: Average compute 0.003757 is 7.1% of average load 0.053226
LDB: TIME 82.012 LOAD: AVG 0.053226 MAX 0.0565686  PROXIES: TOTAL 24 MAXPE 4 MAXPATCH 6 None MEM: 0.457216 MB
LDB: TIME 82.0121 LOAD: AVG 0.053226 MAX 0.0565686  PROXIES: TOTAL 29 MAXPE 4 MAXPATCH 8 RefineTorusLB MEM: 0.457216 MB
LDB: TIME 82.0121 LOAD: AVG 0.053226 MAX 0.0565686  PROXIES: TOTAL 29 MAXPE 4 MAXPATCH 8 RefineTorusLB MEM: 0.457216 MB
LDB: ============== END OF LOAD BALANCING =============== 82.0122
Info: useSync: 0 useProxySync: 0
LDB: =============== DONE WITH MIGRATION ================ 82.0125
LDB: ============= START OF LOAD BALANCING ============== 84.6585
LDB: ============== END OF LOAD BALANCING =============== 84.6587
Info: useSync: 0 useProxySync: 0
LDB: =============== DONE WITH MIGRATION ================ 84.6588
LDB: ============= START OF LOAD BALANCING ============== 84.7225
LDB: Largest compute 145 load 0.012422 is 23.1% of average load 0.053674
LDB: Average compute 0.003785 is 7.1% of average load 0.053674
LDB: TIME 84.7227 LOAD: AVG 0.053674 MAX 0.0598249  PROXIES: TOTAL 24 MAXPE 4 MAXPATCH 6 None MEM: 0.457216 MB
LDB: TIME 84.7227 LOAD: AVG 0.053674 MAX 0.0598249  PROXIES: TOTAL 29 MAXPE 4 MAXPATCH 8 RefineTorusLB MEM: 0.457216 MB
LDB: TIME 84.7228 LOAD: AVG 0.053674 MAX 0.058229  PROXIES: TOTAL 28 MAXPE 4 MAXPATCH 7 RefineTorusLB MEM: 0.457216 MB
LDB: ============== END OF LOAD BALANCING =============== 84.7228
Info: useSync: 0 useProxySync: 0
LDB: =============== DONE WITH MIGRATION ================ 84.7231
LDB: ============= START OF LOAD BALANCING ============== 87.293
LDB: ============== END OF LOAD BALANCING =============== 87.2931
Info: useSync: 0 useProxySync: 0
LDB: =============== DONE WITH MIGRATION ================ 87.2932
LDB: ============= START OF LOAD BALANCING ============== 87.3581
LDB: Largest compute 140 load 0.012782 is 24.1% of average load 0.053013
LDB: Average compute 0.003739 is 7.1% of average load 0.053013
LDB: TIME 87.3583 LOAD: AVG 0.0530127 MAX 0.0573923  PROXIES: TOTAL 24 MAXPE 4 MAXPATCH 6 None MEM: 0.457216 MB
LDB: TIME 87.3584 LOAD: AVG 0.0530127 MAX 0.0573923  PROXIES: TOTAL 28 MAXPE 4 MAXPATCH 7 RefineTorusLB MEM: 0.457216 MB
LDB: TIME 87.3584 LOAD: AVG 0.0530127 MAX 0.0573923  PROXIES: TOTAL 28 MAXPE 4 MAXPATCH 7 RefineTorusLB MEM: 0.457216 MB
LDB: ============== END OF LOAD BALANCING =============== 87.3585
Info: useSync: 0 useProxySync: 0
LDB: =============== DONE WITH MIGRATION ================ 87.3587
PRESSURE: 35000 123.052 0.179417 -369.06 -177.402 -379.036 647.332 14.0137 -284.896 -120.915
GPRESSURE: 35000 85.3207 -78.5449 -277.944 -121.719 -228.89 721.821 161.038 -208.432 -188.329
PRESSAVG: 35000 -446.954 66.9671 26.9976 52.6777 -372.619 -73.6823 -30.459 -18.9246 25.4772
GPRESSAVG: 35000 -446.908 67.4146 26.7515 52.455 -372.564 -73.621 -29.946 -19.4213 25.3038
ENERGY:   35000         0.0000         0.0000         0.0000         0.0000          -5649.8478       443.3974         0.0000         0.0000       940.2135          -4266.2369       298.6976     -5206.4504     -4264.9280       290.7723           -125.6330      -110.6329     22938.7944      -264.6985      -264.7226

WRITING COORDINATES TO DCD FILE MDequil.dcd AT STEP 35000
The last position output (seq=35000) takes 0.000 seconds, 0.457 MB of memory in use
LDB: ============= START OF LOAD BALANCING ============== 89.9956
LDB: ============== END OF LOAD BALANCING =============== 89.9957
Info: useSync: 0 useProxySync: 0
LDB: =============== DONE WITH MIGRATION ================ 89.9958
LDB: ============= START OF LOAD BALANCING ============== 90.0621
LDB: Largest compute 164 load 0.013046 is 24.6% of average load 0.053059
LDB: Average compute 0.003744 is 7.1% of average load 0.053059
LDB: TIME 90.0623 LOAD: AVG 0.0530593 MAX 0.0600245  PROXIES: TOTAL 24 MAXPE 4 MAXPATCH 6 None MEM: 0.457216 MB
LDB: TIME 90.0623 LOAD: AVG 0.0530593 MAX 0.0600245  PROXIES: TOTAL 28 MAXPE 4 MAXPATCH 7 RefineTorusLB MEM: 0.457216 MB
LDB: TIME 90.0624 LOAD: AVG 0.0530593 MAX 0.0564036  PROXIES: TOTAL 28 MAXPE 4 MAXPATCH 7 RefineTorusLB MEM: 0.457216 MB
LDB: ============== END OF LOAD BALANCING =============== 90.0624
Info: useSync: 0 useProxySync: 0
LDB: =============== DONE WITH MIGRATION ================ 90.0627
LDB: ============= START OF LOAD BALANCING ============== 92.5707
LDB: ============== END OF LOAD BALANCING =============== 92.5709
Info: useSync: 0 useProxySync: 0
LDB: =============== DONE WITH MIGRATION ================ 92.571
LDB: ============= START OF LOAD BALANCING ============== 92.6345
LDB: Largest compute 52 load 0.012674 is 23.9% of average load 0.052975
LDB: Average compute 0.003727 is 7.0% of average load 0.052975
LDB: TIME 92.6347 LOAD: AVG 0.0529753 MAX 0.0568825  PROXIES: TOTAL 24 MAXPE 4 MAXPATCH 6 None MEM: 0.457216 MB
LDB: TIME 92.6348 LOAD: AVG 0.0529753 MAX 0.0568825  PROXIES: TOTAL 28 MAXPE 4 MAXPATCH 7 RefineTorusLB MEM: 0.457216 MB
LDB: TIME 92.6348 LOAD: AVG 0.0529753 MAX 0.0568825  PROXIES: TOTAL 28 MAXPE 4 MAXPATCH 7 RefineTorusLB MEM: 0.457216 MB
LDB: ============== END OF LOAD BALANCING =============== 92.6348
Info: useSync: 0 useProxySync: 0
LDB: =============== DONE WITH MIGRATION ================ 92.6351
WRITING COORDINATES TO DCD FILE MDequil.dcd AT STEP 40000
The last position output (seq=40000) takes 0.000 seconds, 0.457 MB of memory in use
PRESSURE: 40000 -214.745 231.447 -502.23 286.034 67.5057 175.446 -486.981 18.9557 -26.4641
GPRESSURE: 40000 -189.375 166.297 -456.504 323.792 134.175 205.781 -613.081 82.8218 -85.147
PRESSAVG: 40000 -301.045 15.1955 10.1113 41.4352 -308.809 23.0971 -22.8208 10.5133 17.852
GPRESSAVG: 40000 -300.869 15.289 10.2014 41.2672 -308.797 23.1378 -22.8946 10.4483 17.7143
ENERGY:   40000         0.0000         0.0000         0.0000         0.0000          -5650.4816       411.1040         0.0000         0.0000       957.4099          -4281.9677       304.1607     -5239.3776     -4279.0667       301.7696            -57.9011       -46.7824     22904.6194      -197.3339      -197.3173

LDB: ============= START OF LOAD BALANCING ============== 95.139
LDB: ============== END OF LOAD BALANCING =============== 95.1391
Info: useSync: 0 useProxySync: 0
LDB: =============== DONE WITH MIGRATION ================ 95.1392
LDB: ============= START OF LOAD BALANCING ============== 95.2019
LDB: Largest compute 7 load 0.012449 is 23.7% of average load 0.052558
LDB: Average compute 0.003693 is 7.0% of average load 0.052558
LDB: TIME 95.2021 LOAD: AVG 0.0525582 MAX 0.0563535  PROXIES: TOTAL 24 MAXPE 4 MAXPATCH 6 None MEM: 0.457216 MB
LDB: TIME 95.2022 LOAD: AVG 0.0525582 MAX 0.0563535  PROXIES: TOTAL 28 MAXPE 4 MAXPATCH 7 RefineTorusLB MEM: 0.457216 MB
LDB: TIME 95.2022 LOAD: AVG 0.0525582 MAX 0.0563535  PROXIES: TOTAL 28 MAXPE 4 MAXPATCH 7 RefineTorusLB MEM: 0.457216 MB
LDB: ============== END OF LOAD BALANCING =============== 95.2022
Info: useSync: 0 useProxySync: 0
LDB: =============== DONE WITH MIGRATION ================ 95.2025
LDB: ============= START OF LOAD BALANCING ============== 97.6962
LDB: ============== END OF LOAD BALANCING =============== 97.6963
Info: useSync: 0 useProxySync: 0
LDB: =============== DONE WITH MIGRATION ================ 97.6964
LDB: ============= START OF LOAD BALANCING ============== 97.7606
LDB: Largest compute 52 load 0.012339 is 23.1% of average load 0.053427
LDB: Average compute 0.003767 is 7.1% of average load 0.053427
LDB: TIME 97.7608 LOAD: AVG 0.0534268 MAX 0.0580132  PROXIES: TOTAL 24 MAXPE 4 MAXPATCH 6 None MEM: 0.457216 MB
LDB: TIME 97.7609 LOAD: AVG 0.0534268 MAX 0.0580132  PROXIES: TOTAL 28 MAXPE 4 MAXPATCH 7 RefineTorusLB MEM: 0.457216 MB
LDB: TIME 97.7609 LOAD: AVG 0.0534268 MAX 0.0580132  PROXIES: TOTAL 28 MAXPE 4 MAXPATCH 7 RefineTorusLB MEM: 0.457216 MB
LDB: ============== END OF LOAD BALANCING =============== 97.761
Info: useSync: 0 useProxySync: 0
LDB: =============== DONE WITH MIGRATION ================ 97.7612
LDB: ============= START OF LOAD BALANCING ============== 100.295
LDB: ============== END OF LOAD BALANCING =============== 100.295
Info: useSync: 0 useProxySync: 0
LDB: =============== DONE WITH MIGRATION ================ 100.295
LDB: ============= START OF LOAD BALANCING ============== 100.359
LDB: Largest compute 163 load 0.012581 is 23.6% of average load 0.053265
LDB: Average compute 0.003752 is 7.0% of average load 0.053265
LDB: TIME 100.359 LOAD: AVG 0.0532645 MAX 0.0567517  PROXIES: TOTAL 24 MAXPE 4 MAXPATCH 6 None MEM: 0.457216 MB
LDB: TIME 100.359 LOAD: AVG 0.0532645 MAX 0.0567517  PROXIES: TOTAL 28 MAXPE 4 MAXPATCH 7 RefineTorusLB MEM: 0.457216 MB
LDB: TIME 100.359 LOAD: AVG 0.0532645 MAX 0.0567517  PROXIES: TOTAL 28 MAXPE 4 MAXPATCH 7 RefineTorusLB MEM: 0.457216 MB
LDB: ============== END OF LOAD BALANCING =============== 100.359
Info: useSync: 0 useProxySync: 0
LDB: =============== DONE WITH MIGRATION ================ 100.36
WRITING COORDINATES TO DCD FILE MDequil.dcd AT STEP 45000
The last position output (seq=45000) takes 0.001 seconds, 0.457 MB of memory in use
PRESSURE: 45000 59.9718 126.635 -373.573 26.0659 458.442 130.925 -720.832 -283.803 -313.97
GPRESSURE: 45000 186.716 -15.0693 -184.257 105.711 495.215 304.82 -645.086 -889.248 -449.21
PRESSAVG: 45000 -339.886 -46.1391 -20.5122 11.9955 -359.282 9.73467 -41.4334 -52.9285 3.54748
GPRESSAVG: 45000 -339.714 -46.0604 -20.7321 11.9259 -359.454 9.76079 -41.1204 -53.2842 4.01076
ENERGY:   45000         0.0000         0.0000         0.0000         0.0000          -5560.9075       409.2483         0.0000         0.0000       975.6724          -4175.9868       309.9625     -5151.6592     -4173.9164       300.1693             68.1480        77.5737     23053.3070      -231.8734      -231.7190

LDB: ============= START OF LOAD BALANCING ============== 102.847
LDB: ============== END OF LOAD BALANCING =============== 102.85
Info: useSync: 0 useProxySync: 0
LDB: =============== DONE WITH MIGRATION ================ 102.85
LDB: ============= START OF LOAD BALANCING ============== 102.913
LDB: Largest compute 52 load 0.012077 is 23.1% of average load 0.052347
LDB: Average compute 0.003679 is 7.0% of average load 0.052347
LDB: TIME 102.913 LOAD: AVG 0.0523473 MAX 0.0559039  PROXIES: TOTAL 24 MAXPE 4 MAXPATCH 6 None MEM: 0.457216 MB
LDB: TIME 102.913 LOAD: AVG 0.0523473 MAX 0.0559039  PROXIES: TOTAL 28 MAXPE 4 MAXPATCH 7 RefineTorusLB MEM: 0.457216 MB
LDB: TIME 102.913 LOAD: AVG 0.0523473 MAX 0.0559039  PROXIES: TOTAL 28 MAXPE 4 MAXPATCH 7 RefineTorusLB MEM: 0.457216 MB
LDB: ============== END OF LOAD BALANCING =============== 102.913
Info: useSync: 0 useProxySync: 0
LDB: =============== DONE WITH MIGRATION ================ 102.914
LDB: ============= START OF LOAD BALANCING ============== 105.417
LDB: ============== END OF LOAD BALANCING =============== 105.417
Info: useSync: 0 useProxySync: 0
LDB: =============== DONE WITH MIGRATION ================ 105.417
LDB: ============= START OF LOAD BALANCING ============== 105.481
LDB: Largest compute 164 load 0.013107 is 25.0% of average load 0.052532
LDB: Average compute 0.003701 is 7.0% of average load 0.052532
LDB: TIME 105.481 LOAD: AVG 0.0525317 MAX 0.0568525  PROXIES: TOTAL 24 MAXPE 4 MAXPATCH 6 None MEM: 0.457216 MB
LDB: TIME 105.481 LOAD: AVG 0.0525317 MAX 0.0568525  PROXIES: TOTAL 28 MAXPE 4 MAXPATCH 7 RefineTorusLB MEM: 0.457216 MB
LDB: TIME 105.481 LOAD: AVG 0.0525317 MAX 0.0568525  PROXIES: TOTAL 28 MAXPE 4 MAXPATCH 7 RefineTorusLB MEM: 0.457216 MB
LDB: ============== END OF LOAD BALANCING =============== 105.481
Info: useSync: 0 useProxySync: 0
LDB: =============== DONE WITH MIGRATION ================ 105.481
PRESSURE: 50000 -104.488 786.458 87.3155 570.25 -775.309 -388.835 88.0166 137.532 45.7552
GPRESSURE: 50000 -59.5762 630.437 -43.7685 360.162 -744.858 -584.282 -193.942 166.008 27.5519
PRESSAVG: 50000 -417.402 5.22513 8.22065 -22.7342 -361.114 -47.1315 39.1136 -29.3251 9.92593
GPRESSAVG: 50000 -417.503 4.57991 8.74864 -22.2584 -361.203 -47.0661 38.2974 -29.5327 9.86591
TIMING: 50000  CPU: 92.0865, 0.00184092/step  Wall: 96.0521, 0.00191997/step, 0.239996 hours remaining, 0.457216 MB of memory in use.
PERFORMANCE: 50000  averaging 90.0015 ns/day, 0.00191997 sec/step with standard deviation 0
ETITLE:      TS           BOND          ANGLE          DIHED          IMPRP               ELECT            VDW       BOUNDARY           MISC        KINETIC               TOTAL           TEMP      POTENTIAL         TOTAL3        TEMPAVG            PRESSURE      GPRESSURE         VOLUME       PRESSAVG      GPRESSAVG

ENERGY:   50000         0.0000         0.0000         0.0000         0.0000          -5618.4013       410.9834         0.0000         0.0000       955.6426          -4251.7753       303.5993     -5207.4179     -4249.3464       303.0671           -278.0140      -258.9608     22711.2450      -256.1967      -256.2801

WRITING EXTENDED SYSTEM TO RESTART FILE AT STEP 50000
WRITING COORDINATES TO DCD FILE MDequil.dcd AT STEP 50000
WRITING COORDINATES TO RESTART FILE AT STEP 50000
FINISHED WRITING RESTART COORDINATES
The last position output (seq=50000) takes 0.001 seconds, 0.457 MB of memory in use
WRITING VELOCITIES TO RESTART FILE AT STEP 50000
FINISHED WRITING RESTART VELOCITIES
The last velocity output (seq=50000) takes 0.000 seconds, 0.457 MB of memory in use
LDB: ============= START OF LOAD BALANCING ============== 107.994
LDB: ============== END OF LOAD BALANCING =============== 107.994
Info: useSync: 0 useProxySync: 0
LDB: =============== DONE WITH MIGRATION ================ 107.994
LDB: ============= START OF LOAD BALANCING ============== 108.058
LDB: Largest compute 7 load 0.012679 is 23.8% of average load 0.053199
LDB: Average compute 0.003750 is 7.0% of average load 0.053199
LDB: TIME 108.058 LOAD: AVG 0.0531993 MAX 0.0580857  PROXIES: TOTAL 24 MAXPE 4 MAXPATCH 6 None MEM: 0.457216 MB
LDB: TIME 108.059 LOAD: AVG 0.0531993 MAX 0.0580857  PROXIES: TOTAL 28 MAXPE 4 MAXPATCH 7 RefineTorusLB MEM: 0.457216 MB
LDB: TIME 108.059 LOAD: AVG 0.0531993 MAX 0.0568522  PROXIES: TOTAL 28 MAXPE 4 MAXPATCH 7 RefineTorusLB MEM: 0.457216 MB
LDB: ============== END OF LOAD BALANCING =============== 108.059
Info: useSync: 0 useProxySync: 0
LDB: =============== DONE WITH MIGRATION ================ 108.059
LDB: ============= START OF LOAD BALANCING ============== 110.703
LDB: ============== END OF LOAD BALANCING =============== 110.703
Info: useSync: 0 useProxySync: 0
LDB: =============== DONE WITH MIGRATION ================ 110.704
LDB: ============= START OF LOAD BALANCING ============== 110.768
LDB: Largest compute 140 load 0.012736 is 24.2% of average load 0.052718
LDB: Average compute 0.003723 is 7.1% of average load 0.052718
LDB: TIME 110.768 LOAD: AVG 0.0527181 MAX 0.0573893  PROXIES: TOTAL 24 MAXPE 4 MAXPATCH 6 None MEM: 0.457216 MB
LDB: TIME 110.768 LOAD: AVG 0.0527181 MAX 0.0573893  PROXIES: TOTAL 28 MAXPE 4 MAXPATCH 7 RefineTorusLB MEM: 0.457216 MB
LDB: TIME 110.768 LOAD: AVG 0.0527181 MAX 0.0573893  PROXIES: TOTAL 28 MAXPE 4 MAXPATCH 7 RefineTorusLB MEM: 0.457216 MB
LDB: ============== END OF LOAD BALANCING =============== 110.768
Info: useSync: 0 useProxySync: 0
LDB: =============== DONE WITH MIGRATION ================ 110.769
LDB: ============= START OF LOAD BALANCING ============== 113.252
LDB: ============== END OF LOAD BALANCING =============== 113.252
Info: useSync: 0 useProxySync: 0
LDB: =============== DONE WITH MIGRATION ================ 113.252
LDB: ============= START OF LOAD BALANCING ============== 113.317
LDB: Largest compute 52 load 0.012102 is 22.9% of average load 0.052826
LDB: Average compute 0.003729 is 7.1% of average load 0.052826
LDB: TIME 113.317 LOAD: AVG 0.0528263 MAX 0.0579179  PROXIES: TOTAL 24 MAXPE 4 MAXPATCH 6 None MEM: 0.457216 MB
LDB: TIME 113.317 LOAD: AVG 0.0528263 MAX 0.0579179  PROXIES: TOTAL 28 MAXPE 4 MAXPATCH 7 RefineTorusLB MEM: 0.457216 MB
LDB: TIME 113.317 LOAD: AVG 0.0528263 MAX 0.0574897  PROXIES: TOTAL 28 MAXPE 4 MAXPATCH 7 RefineTorusLB MEM: 0.457216 MB
LDB: ============== END OF LOAD BALANCING =============== 113.317
Info: useSync: 0 useProxySync: 0
LDB: =============== DONE WITH MIGRATION ================ 113.317
PRESSURE: 55000 850.606 538.438 -9.97703 255.321 -814.844 420.915 27.0604 -109.253 342.02
GPRESSURE: 55000 793.602 735.642 135.341 -36.3132 -740.48 185.122 -152.671 131.215 397.859
PRESSAVG: 55000 -344.083 -11.1866 56.5782 -33.8329 -343.133 -6.18128 69.9851 29.6971 6.88167
GPRESSAVG: 55000 -344.37 -11.152 56.388 -33.6244 -342.696 -6.4657 70.0912 30.1209 6.68765
ENERGY:   55000         0.0000         0.0000         0.0000         0.0000          -5583.1733       420.7684         0.0000         0.0000       961.9443          -4200.4606       305.6013     -5162.4049     -4198.4940       303.4108            125.9273       150.3266     22840.1058      -226.7782      -226.7925

WRITING COORDINATES TO DCD FILE MDequil.dcd AT STEP 55000
LDB: ============= START OF LOAD BALANCING ============== 115.817
LDB: ============== END OF LOAD BALANCING =============== 115.817
Info: useSync: 0 useProxySync: 0
LDB: =============== DONE WITH MIGRATION ================ 115.817
LDB: ============= START OF LOAD BALANCING ============== 115.881
LDB: Largest compute 143 load 0.011809 is 22.4% of average load 0.052764
LDB: Average compute 0.003721 is 7.1% of average load 0.052764
LDB: TIME 115.882 LOAD: AVG 0.0527644 MAX 0.0576554  PROXIES: TOTAL 24 MAXPE 4 MAXPATCH 6 None MEM: 0.457216 MB
LDB: TIME 115.882 LOAD: AVG 0.0527644 MAX 0.0576554  PROXIES: TOTAL 28 MAXPE 4 MAXPATCH 7 RefineTorusLB MEM: 0.457216 MB
LDB: TIME 115.882 LOAD: AVG 0.0527644 MAX 0.0572665  PROXIES: TOTAL 28 MAXPE 4 MAXPATCH 7 RefineTorusLB MEM: 0.457216 MB
LDB: ============== END OF LOAD BALANCING =============== 115.882
Info: useSync: 0 useProxySync: 0
LDB: =============== DONE WITH MIGRATION ================ 115.882
LDB: ============= START OF LOAD BALANCING ============== 118.372
LDB: ============== END OF LOAD BALANCING =============== 118.372
Info: useSync: 0 useProxySync: 0
LDB: =============== DONE WITH MIGRATION ================ 118.372
LDB: ============= START OF LOAD BALANCING ============== 118.435
LDB: Largest compute 164 load 0.012342 is 23.5% of average load 0.052565
LDB: Average compute 0.003702 is 7.0% of average load 0.052565
LDB: TIME 118.435 LOAD: AVG 0.0525654 MAX 0.0568516  PROXIES: TOTAL 24 MAXPE 4 MAXPATCH 6 None MEM: 0.457216 MB
LDB: TIME 118.435 LOAD: AVG 0.0525654 MAX 0.0568516  PROXIES: TOTAL 28 MAXPE 4 MAXPATCH 7 RefineTorusLB MEM: 0.457216 MB
LDB: TIME 118.435 LOAD: AVG 0.0525654 MAX 0.0568516  PROXIES: TOTAL 28 MAXPE 4 MAXPATCH 7 RefineTorusLB MEM: 0.457216 MB
LDB: ============== END OF LOAD BALANCING =============== 118.435
Info: useSync: 0 useProxySync: 0
LDB: =============== DONE WITH MIGRATION ================ 118.435
WRITING COORDINATES TO DCD FILE MDequil.dcd AT STEP 60000
PRESSURE: 60000 -206.768 -158.796 -220.603 85.0946 426.123 -346.186 -180.197 24.8829 530.519
GPRESSURE: 60000 -179.144 -225.639 -276.397 343.271 490.904 -146.335 -151.491 187.12 500.236
PRESSAVG: 60000 -288.202 19.9595 -36.4949 23.9859 -431.831 -76.7351 -89.4961 -109.049 10.4609
GPRESSAVG: 60000 -288.112 20.2824 -36.7863 23.7329 -431.445 -76.2879 -88.9742 -109.636 10.0831
ENERGY:   60000         0.0000         0.0000         0.0000         0.0000          -5674.9710       442.5618         0.0000         0.0000       946.2756          -4286.1335       300.6235     -5232.4091     -4283.8910       297.5189            249.9581       270.6652     22483.2042      -236.5240      -236.4913

LDB: ============= START OF LOAD BALANCING ============== 120.925
LDB: ============== END OF LOAD BALANCING =============== 120.925
Info: useSync: 0 useProxySync: 0
LDB: =============== DONE WITH MIGRATION ================ 120.925
LDB: ============= START OF LOAD BALANCING ============== 120.988
LDB: Largest compute 146 load 0.012658 is 24.0% of average load 0.052776
LDB: Average compute 0.003725 is 7.1% of average load 0.052776
LDB: TIME 120.988 LOAD: AVG 0.0527765 MAX 0.0551931  PROXIES: TOTAL 24 MAXPE 4 MAXPATCH 6 None MEM: 0.457216 MB
LDB: TIME 120.988 LOAD: AVG 0.0527765 MAX 0.0551931  PROXIES: TOTAL 28 MAXPE 4 MAXPATCH 7 RefineTorusLB MEM: 0.457216 MB
LDB: TIME 120.988 LOAD: AVG 0.0527765 MAX 0.0551931  PROXIES: TOTAL 28 MAXPE 4 MAXPATCH 7 RefineTorusLB MEM: 0.457216 MB
LDB: ============== END OF LOAD BALANCING =============== 120.988
Info: useSync: 0 useProxySync: 0
LDB: =============== DONE WITH MIGRATION ================ 120.988
LDB: ============= START OF LOAD BALANCING ============== 123.471
LDB: ============== END OF LOAD BALANCING =============== 123.471
Info: useSync: 0 useProxySync: 0
LDB: =============== DONE WITH MIGRATION ================ 123.472
LDB: ============= START OF LOAD BALANCING ============== 123.534
LDB: Largest compute 164 load 0.012294 is 23.3% of average load 0.052675
LDB: Average compute 0.003722 is 7.1% of average load 0.052675
LDB: TIME 123.534 LOAD: AVG 0.0526754 MAX 0.0569995  PROXIES: TOTAL 24 MAXPE 4 MAXPATCH 6 None MEM: 0.457216 MB
LDB: TIME 123.534 LOAD: AVG 0.0526754 MAX 0.0569995  PROXIES: TOTAL 28 MAXPE 4 MAXPATCH 7 RefineTorusLB MEM: 0.457216 MB
LDB: TIME 123.534 LOAD: AVG 0.0526754 MAX 0.0569995  PROXIES: TOTAL 28 MAXPE 4 MAXPATCH 7 RefineTorusLB MEM: 0.457216 MB
LDB: ============== END OF LOAD BALANCING =============== 123.534
Info: useSync: 0 useProxySync: 0
LDB: =============== DONE WITH MIGRATION ================ 123.534
LDB: ============= START OF LOAD BALANCING ============== 126.014
LDB: ============== END OF LOAD BALANCING =============== 126.015
Info: useSync: 0 useProxySync: 0
LDB: =============== DONE WITH MIGRATION ================ 126.016
LDB: ============= START OF LOAD BALANCING ============== 126.08
LDB: Largest compute 164 load 0.012496 is 23.1% of average load 0.054028
LDB: Average compute 0.003826 is 7.1% of average load 0.054028
LDB: TIME 126.08 LOAD: AVG 0.0540284 MAX 0.0584365  PROXIES: TOTAL 24 MAXPE 4 MAXPATCH 6 None MEM: 0.457216 MB
LDB: TIME 126.08 LOAD: AVG 0.0540284 MAX 0.0584365  PROXIES: TOTAL 28 MAXPE 4 MAXPATCH 7 RefineTorusLB MEM: 0.457216 MB
LDB: TIME 126.08 LOAD: AVG 0.0540284 MAX 0.0584365  PROXIES: TOTAL 28 MAXPE 4 MAXPATCH 7 RefineTorusLB MEM: 0.457216 MB
LDB: ============== END OF LOAD BALANCING =============== 126.08
Info: useSync: 0 useProxySync: 0
LDB: =============== DONE WITH MIGRATION ================ 126.08
WRITING COORDINATES TO DCD FILE MDequil.dcd AT STEP 65000
PRESSURE: 65000 133.771 -240.909 295.834 -129.51 483.302 -138.141 33.4731 -99.5542 229.088
GPRESSURE: 65000 149.026 -36.9765 412.249 -260.099 401.812 -308.002 223.232 165.938 345.327
PRESSAVG: 65000 -292.457 -30.1207 9.92366 -38.031 -341.735 -1.34676 36.3446 49.3265 4.42471
GPRESSAVG: 65000 -292.515 -30.2169 9.84365 -38.1184 -341.998 -1.49509 36.0893 49.713 4.53509
ENERGY:   65000         0.0000         0.0000         0.0000         0.0000          -5637.9945       407.6211         0.0000         0.0000       910.0803          -4320.2931       289.1245     -5230.3734     -4318.1910       297.8859            282.0538       298.7218     22199.6946      -209.9224      -209.9929

LDB: ============= START OF LOAD BALANCING ============== 128.582
LDB: ============== END OF LOAD BALANCING =============== 128.582
Info: useSync: 0 useProxySync: 0
LDB: =============== DONE WITH MIGRATION ================ 128.582
LDB: ============= START OF LOAD BALANCING ============== 128.646
LDB: Largest compute 5 load 0.013079 is 24.4% of average load 0.053711
LDB: Average compute 0.003804 is 7.1% of average load 0.053711
LDB: TIME 128.646 LOAD: AVG 0.0537106 MAX 0.0586023  PROXIES: TOTAL 24 MAXPE 4 MAXPATCH 6 None MEM: 0.457216 MB
LDB: TIME 128.647 LOAD: AVG 0.0537106 MAX 0.0586023  PROXIES: TOTAL 28 MAXPE 4 MAXPATCH 7 RefineTorusLB MEM: 0.457216 MB
LDB: TIME 128.647 LOAD: AVG 0.0537106 MAX 0.0586023  PROXIES: TOTAL 28 MAXPE 4 MAXPATCH 7 RefineTorusLB MEM: 0.457216 MB
LDB: ============== END OF LOAD BALANCING =============== 128.647
Info: useSync: 0 useProxySync: 0
LDB: =============== DONE WITH MIGRATION ================ 128.647
LDB: ============= START OF LOAD BALANCING ============== 131.16
LDB: ============== END OF LOAD BALANCING =============== 131.16
Info: useSync: 0 useProxySync: 0
LDB: =============== DONE WITH MIGRATION ================ 131.16
LDB: ============= START OF LOAD BALANCING ============== 131.224
LDB: Largest compute 141 load 0.012434 is 23.5% of average load 0.052990
LDB: Average compute 0.003740 is 7.1% of average load 0.052990
LDB: TIME 131.224 LOAD: AVG 0.0529897 MAX 0.0588403  PROXIES: TOTAL 24 MAXPE 4 MAXPATCH 6 None MEM: 0.457216 MB
LDB: TIME 131.225 LOAD: AVG 0.0529897 MAX 0.0588403  PROXIES: TOTAL 28 MAXPE 4 MAXPATCH 7 RefineTorusLB MEM: 0.457216 MB
LDB: TIME 131.225 LOAD: AVG 0.0529897 MAX 0.0577559  PROXIES: TOTAL 28 MAXPE 4 MAXPATCH 7 RefineTorusLB MEM: 0.457216 MB
LDB: ============== END OF LOAD BALANCING =============== 131.225
Info: useSync: 0 useProxySync: 0
LDB: =============== DONE WITH MIGRATION ================ 131.225
WRITING COORDINATES TO DCD FILE MDequil.dcd AT STEP 70000
PRESSURE: 70000 -551.361 404.576 423.185 35.5424 -367.144 -750.822 570.888 -234.893 221.698
GPRESSURE: 70000 -597.807 478.444 507.914 80.7141 -482.774 -510.733 437.315 -442.503 453.855
PRESSAVG: 70000 -349.119 71.1037 -25.5971 63.5801 -324.349 -46.5582 33.6089 -21.2116 18.809
GPRESSAVG: 70000 -349.188 70.7066 -25.7167 63.9277 -324.185 -46.8491 33.1294 -21.3907 18.9413
ENERGY:   70000         0.0000         0.0000         0.0000         0.0000          -5574.2801       396.0435         0.0000         0.0000       955.0647          -4223.1719       303.4157     -5178.2366     -4220.4390       297.1054           -232.2690      -208.9089     22765.4271      -218.2195      -218.1439

LDB: ============= START OF LOAD BALANCING ============== 133.723
LDB: ============== END OF LOAD BALANCING =============== 133.723
Info: useSync: 0 useProxySync: 0
LDB: =============== DONE WITH MIGRATION ================ 133.726
LDB: ============= START OF LOAD BALANCING ============== 133.789
LDB: Largest compute 52 load 0.013444 is 25.3% of average load 0.053130
LDB: Average compute 0.003756 is 7.1% of average load 0.053130
LDB: TIME 133.789 LOAD: AVG 0.0531303 MAX 0.0573117  PROXIES: TOTAL 24 MAXPE 4 MAXPATCH 6 None MEM: 0.457216 MB
LDB: TIME 133.789 LOAD: AVG 0.0531303 MAX 0.0573117  PROXIES: TOTAL 28 MAXPE 4 MAXPATCH 7 RefineTorusLB MEM: 0.457216 MB
LDB: TIME 133.789 LOAD: AVG 0.0531303 MAX 0.0573117  PROXIES: TOTAL 28 MAXPE 4 MAXPATCH 7 RefineTorusLB MEM: 0.457216 MB
LDB: ============== END OF LOAD BALANCING =============== 133.789
Info: useSync: 0 useProxySync: 0
LDB: =============== DONE WITH MIGRATION ================ 133.789
LDB: ============= START OF LOAD BALANCING ============== 136.265
LDB: ============== END OF LOAD BALANCING =============== 136.265
Info: useSync: 0 useProxySync: 0
LDB: =============== DONE WITH MIGRATION ================ 136.265
LDB: ============= START OF LOAD BALANCING ============== 136.329
LDB: Largest compute 52 load 0.013310 is 24.9% of average load 0.053503
LDB: Average compute 0.003785 is 7.1% of average load 0.053503
LDB: TIME 136.33 LOAD: AVG 0.0535029 MAX 0.0577543  PROXIES: TOTAL 24 MAXPE 4 MAXPATCH 6 None MEM: 0.457216 MB
LDB: TIME 136.33 LOAD: AVG 0.0535029 MAX 0.0577543  PROXIES: TOTAL 28 MAXPE 4 MAXPATCH 7 RefineTorusLB MEM: 0.457216 MB
LDB: TIME 136.33 LOAD: AVG 0.0535029 MAX 0.0577543  PROXIES: TOTAL 28 MAXPE 4 MAXPATCH 7 RefineTorusLB MEM: 0.457216 MB
LDB: ============== END OF LOAD BALANCING =============== 136.33
Info: useSync: 0 useProxySync: 0
LDB: =============== DONE WITH MIGRATION ================ 136.33
LDB: ============= START OF LOAD BALANCING ============== 138.809
LDB: ============== END OF LOAD BALANCING =============== 138.809
Info: useSync: 0 useProxySync: 0
LDB: =============== DONE WITH MIGRATION ================ 138.809
LDB: ============= START OF LOAD BALANCING ============== 138.871
LDB: Largest compute 142 load 0.013273 is 25.2% of average load 0.052656
LDB: Average compute 0.003717 is 7.1% of average load 0.052656
LDB: TIME 138.872 LOAD: AVG 0.0526561 MAX 0.0588702  PROXIES: TOTAL 24 MAXPE 4 MAXPATCH 6 None MEM: 0.457216 MB
LDB: TIME 138.872 LOAD: AVG 0.0526561 MAX 0.0588702  PROXIES: TOTAL 28 MAXPE 4 MAXPATCH 7 RefineTorusLB MEM: 0.457216 MB
LDB: TIME 138.872 LOAD: AVG 0.0526561 MAX 0.0573768  PROXIES: TOTAL 28 MAXPE 4 MAXPATCH 7 RefineTorusLB MEM: 0.457216 MB
LDB: ============== END OF LOAD BALANCING =============== 138.872
Info: useSync: 0 useProxySync: 0
LDB: =============== DONE WITH MIGRATION ================ 138.872
WRITING COORDINATES TO DCD FILE MDequil.dcd AT STEP 75000
PRESSURE: 75000 -743.747 -1175.06 397.78 -1154.57 -773.035 94.3863 -296.168 179.849 -776.068
GPRESSURE: 75000 -629.879 -770.697 335.863 -1333.19 -681.598 96.4812 -179.821 133.159 -894.13
PRESSAVG: 75000 -281.869 -16.6234 -36.8844 -16.3075 -244.478 0.569009 -34.6603 34.906 -8.27128
GPRESSAVG: 75000 -281.837 -16.0372 -36.8231 -16.3682 -244.43 0.856966 -34.6152 34.6699 -8.44408
ENERGY:   75000         0.0000         0.0000         0.0000         0.0000          -5567.6557       353.0254         0.0000         0.0000       956.3598          -4258.2704       303.8271     -5214.6302     -4257.0965       302.8057           -764.2834      -735.2021     22530.2952      -178.2059      -178.2372

LDB: ============= START OF LOAD BALANCING ============== 141.388
LDB: ============== END OF LOAD BALANCING =============== 141.388
Info: useSync: 0 useProxySync: 0
LDB: =============== DONE WITH MIGRATION ================ 141.388
LDB: ============= START OF LOAD BALANCING ============== 141.451
LDB: Largest compute 164 load 0.012547 is 23.5% of average load 0.053319
LDB: Average compute 0.003776 is 7.1% of average load 0.053319
LDB: TIME 141.452 LOAD: AVG 0.0533189 MAX 0.0575166  PROXIES: TOTAL 24 MAXPE 4 MAXPATCH 6 None MEM: 0.457216 MB
LDB: TIME 141.452 LOAD: AVG 0.0533189 MAX 0.0575166  PROXIES: TOTAL 28 MAXPE 4 MAXPATCH 7 RefineTorusLB MEM: 0.457216 MB
LDB: TIME 141.452 LOAD: AVG 0.0533189 MAX 0.0575166  PROXIES: TOTAL 28 MAXPE 4 MAXPATCH 7 RefineTorusLB MEM: 0.457216 MB
LDB: ============== END OF LOAD BALANCING =============== 141.452
Info: useSync: 0 useProxySync: 0
LDB: =============== DONE WITH MIGRATION ================ 141.456
LDB: ============= START OF LOAD BALANCING ============== 143.989
LDB: ============== END OF LOAD BALANCING =============== 143.989
Info: useSync: 0 useProxySync: 0
LDB: =============== DONE WITH MIGRATION ================ 143.989
LDB: ============= START OF LOAD BALANCING ============== 144.054
LDB: Largest compute 164 load 0.012687 is 23.7% of average load 0.053594
LDB: Average compute 0.003781 is 7.1% of average load 0.053594
LDB: TIME 144.054 LOAD: AVG 0.053594 MAX 0.0573483  PROXIES: TOTAL 24 MAXPE 4 MAXPATCH 6 None MEM: 0.457216 MB
LDB: TIME 144.054 LOAD: AVG 0.053594 MAX 0.0573483  PROXIES: TOTAL 28 MAXPE 4 MAXPATCH 7 RefineTorusLB MEM: 0.457216 MB
LDB: TIME 144.054 LOAD: AVG 0.053594 MAX 0.0573483  PROXIES: TOTAL 28 MAXPE 4 MAXPATCH 7 RefineTorusLB MEM: 0.457216 MB
LDB: ============== END OF LOAD BALANCING =============== 144.054
Info: useSync: 0 useProxySync: 0
LDB: =============== DONE WITH MIGRATION ================ 144.054
WRITING COORDINATES TO DCD FILE MDequil.dcd AT STEP 80000
PRESSURE: 80000 -1559.94 207.773 -59.4257 302.785 -878.701 358.81 396.805 375.972 -87.0432
GPRESSURE: 80000 -1429.26 -2.05617 -23.6787 461.641 -989.672 371.587 456.442 348.126 -88.0314
PRESSAVG: 80000 -376.869 -15.2935 -33.3415 -12.5579 -219.383 -38.0421 -47.0909 -25.9524 13.7868
GPRESSAVG: 80000 -377.147 -15.7374 -33.4212 -12.6427 -219.291 -38.1175 -47.2464 -25.9813 13.7016
ENERGY:   80000         0.0000         0.0000         0.0000         0.0000          -5557.0789       351.9841         0.0000         0.0000       975.7315          -4229.3634       309.9813     -5205.0949     -4226.6868       301.2850           -841.8936      -835.6548     22791.9673      -194.1554      -194.2455

LDB: ============= START OF LOAD BALANCING ============== 146.558
LDB: ============== END OF LOAD BALANCING =============== 146.559
Info: useSync: 0 useProxySync: 0
LDB: =============== DONE WITH MIGRATION ================ 146.569
LDB: ============= START OF LOAD BALANCING ============== 146.632
LDB: Largest compute 164 load 0.013124 is 25.3% of average load 0.051918
LDB: Average compute 0.003660 is 7.0% of average load 0.051918
LDB: TIME 146.632 LOAD: AVG 0.0519179 MAX 0.0558004  PROXIES: TOTAL 24 MAXPE 4 MAXPATCH 6 None MEM: 0.457216 MB
LDB: TIME 146.632 LOAD: AVG 0.0519179 MAX 0.0558004  PROXIES: TOTAL 28 MAXPE 4 MAXPATCH 7 RefineTorusLB MEM: 0.457216 MB
LDB: TIME 146.632 LOAD: AVG 0.0519179 MAX 0.0558004  PROXIES: TOTAL 28 MAXPE 4 MAXPATCH 7 RefineTorusLB MEM: 0.457216 MB
LDB: ============== END OF LOAD BALANCING =============== 146.632
Info: useSync: 0 useProxySync: 0
LDB: =============== DONE WITH MIGRATION ================ 146.632
LDB: ============= START OF LOAD BALANCING ============== 149.13
LDB: ============== END OF LOAD BALANCING =============== 149.13
Info: useSync: 0 useProxySync: 0
LDB: =============== DONE WITH MIGRATION ================ 149.131
LDB: ============= START OF LOAD BALANCING ============== 149.195
LDB: Largest compute 5 load 0.012830 is 24.0% of average load 0.053388
LDB: Average compute 0.003765 is 7.1% of average load 0.053388
LDB: TIME 149.195 LOAD: AVG 0.0533885 MAX 0.0558399  PROXIES: TOTAL 24 MAXPE 4 MAXPATCH 6 None MEM: 0.457216 MB
LDB: TIME 149.195 LOAD: AVG 0.0533885 MAX 0.0558399  PROXIES: TOTAL 28 MAXPE 4 MAXPATCH 7 RefineTorusLB MEM: 0.457216 MB
LDB: TIME 149.195 LOAD: AVG 0.0533885 MAX 0.0558399  PROXIES: TOTAL 28 MAXPE 4 MAXPATCH 7 RefineTorusLB MEM: 0.457216 MB
LDB: ============== END OF LOAD BALANCING =============== 149.195
Info: useSync: 0 useProxySync: 0
LDB: =============== DONE WITH MIGRATION ================ 149.196
LDB: ============= START OF LOAD BALANCING ============== 151.744
LDB: ============== END OF LOAD BALANCING =============== 151.745
Info: useSync: 0 useProxySync: 0
LDB: =============== DONE WITH MIGRATION ================ 151.745
LDB: ============= START OF LOAD BALANCING ============== 151.808
LDB: Largest compute 163 load 0.012618 is 24.0% of average load 0.052505
LDB: Average compute 0.003697 is 7.0% of average load 0.052505
LDB: TIME 151.809 LOAD: AVG 0.0525055 MAX 0.0552714  PROXIES: TOTAL 24 MAXPE 4 MAXPATCH 6 None MEM: 0.457216 MB
LDB: TIME 151.809 LOAD: AVG 0.0525055 MAX 0.0552714  PROXIES: TOTAL 28 MAXPE 4 MAXPATCH 7 RefineTorusLB MEM: 0.457216 MB
LDB: TIME 151.809 LOAD: AVG 0.0525055 MAX 0.0552714  PROXIES: TOTAL 28 MAXPE 4 MAXPATCH 7 RefineTorusLB MEM: 0.457216 MB
LDB: ============== END OF LOAD BALANCING =============== 151.809
Info: useSync: 0 useProxySync: 0
LDB: =============== DONE WITH MIGRATION ================ 151.81
PRESSURE: 85000 -653.301 566.797 -760.518 896.357 -960.126 -272.345 74.5982 -182.964 -1373.64
GPRESSURE: 85000 -880.62 585.655 -1086.94 758.165 -631.58 -151.567 507.99 -199.596 -1422.27
PRESSAVG: 85000 -372.656 21.0123 19.0208 26.5067 -362.52 62.7863 40.0017 60.9878 13.3179
GPRESSAVG: 85000 -372.594 20.6959 18.9593 26.6739 -362.185 62.8329 40.0963 61.1607 13.192
ENERGY:   85000         0.0000         0.0000         0.0000         0.0000          -5617.0400       379.9885         0.0000         0.0000       935.3631          -4301.6884       297.1566     -5237.0515     -4298.8120       300.9147           -995.6884      -978.1569     23083.3512      -240.6193      -240.5290

WRITING COORDINATES TO DCD FILE MDequil.dcd AT STEP 85000
LDB: ============= START OF LOAD BALANCING ============== 154.301
LDB: ============== END OF LOAD BALANCING =============== 154.301
Info: useSync: 0 useProxySync: 0
LDB: =============== DONE WITH MIGRATION ================ 154.301
LDB: ============= START OF LOAD BALANCING ============== 154.366
LDB: Largest compute 164 load 0.012702 is 23.6% of average load 0.053902
LDB: Average compute 0.003805 is 7.1% of average load 0.053902
LDB: TIME 154.366 LOAD: AVG 0.0539022 MAX 0.0566066  PROXIES: TOTAL 24 MAXPE 4 MAXPATCH 6 None MEM: 0.457216 MB
LDB: TIME 154.366 LOAD: AVG 0.0539022 MAX 0.0566066  PROXIES: TOTAL 28 MAXPE 4 MAXPATCH 7 RefineTorusLB MEM: 0.457216 MB
LDB: TIME 154.366 LOAD: AVG 0.0539022 MAX 0.0566066  PROXIES: TOTAL 28 MAXPE 4 MAXPATCH 7 RefineTorusLB MEM: 0.457216 MB
LDB: ============== END OF LOAD BALANCING =============== 154.366
Info: useSync: 0 useProxySync: 0
LDB: =============== DONE WITH MIGRATION ================ 154.366
LDB: ============= START OF LOAD BALANCING ============== 156.855
LDB: ============== END OF LOAD BALANCING =============== 156.856
Info: useSync: 0 useProxySync: 0
LDB: =============== DONE WITH MIGRATION ================ 156.856
LDB: ============= START OF LOAD BALANCING ============== 156.919
LDB: Largest compute 147 load 0.011924 is 22.4% of average load 0.053161
LDB: Average compute 0.003744 is 7.0% of average load 0.053161
LDB: TIME 156.92 LOAD: AVG 0.0531609 MAX 0.0572013  PROXIES: TOTAL 24 MAXPE 4 MAXPATCH 6 None MEM: 0.457216 MB
LDB: TIME 156.92 LOAD: AVG 0.0531609 MAX 0.0572013  PROXIES: TOTAL 28 MAXPE 4 MAXPATCH 7 RefineTorusLB MEM: 0.457216 MB
LDB: TIME 156.92 LOAD: AVG 0.0531609 MAX 0.0572013  PROXIES: TOTAL 28 MAXPE 4 MAXPATCH 7 RefineTorusLB MEM: 0.457216 MB
LDB: ============== END OF LOAD BALANCING =============== 156.92
Info: useSync: 0 useProxySync: 0
LDB: =============== DONE WITH MIGRATION ================ 156.92
PRESSURE: 90000 -843.098 -328.784 102.968 -375.723 -331.387 -39.7682 -108.433 -248.192 897.504
GPRESSURE: 90000 -898.388 -82.8756 -123.248 -442.33 -236.663 -253.362 76.2303 43.7545 889.067
PRESSAVG: 90000 -330.713 16.2132 -26.6816 0.58366 -291.071 1.88198 -56.602 51.0516 38.5821
GPRESSAVG: 90000 -330.555 16.5048 -26.8978 0.641606 -291.09 1.86062 -56.2559 51.2491 38.5317
ENERGY:   90000         0.0000         0.0000         0.0000         0.0000          -5591.7197       386.2455         0.0000         0.0000       959.0132          -4246.4611       304.6701     -5205.4743     -4244.1376       299.5536            -92.3271       -81.9949     22700.2125      -194.4007      -194.3710

WRITING COORDINATES TO DCD FILE MDequil.dcd AT STEP 90000
LDB: ============= START OF LOAD BALANCING ============== 159.405
LDB: ============== END OF LOAD BALANCING =============== 159.405
Info: useSync: 0 useProxySync: 0
LDB: =============== DONE WITH MIGRATION ================ 159.405
LDB: ============= START OF LOAD BALANCING ============== 159.469
LDB: Largest compute 52 load 0.013014 is 24.6% of average load 0.052833
LDB: Average compute 0.003735 is 7.1% of average load 0.052833
LDB: TIME 159.469 LOAD: AVG 0.0528332 MAX 0.0567689  PROXIES: TOTAL 24 MAXPE 4 MAXPATCH 6 None MEM: 0.457216 MB
LDB: TIME 159.469 LOAD: AVG 0.0528332 MAX 0.0567689  PROXIES: TOTAL 28 MAXPE 4 MAXPATCH 7 RefineTorusLB MEM: 0.457216 MB
LDB: TIME 159.469 LOAD: AVG 0.0528332 MAX 0.0567689  PROXIES: TOTAL 28 MAXPE 4 MAXPATCH 7 RefineTorusLB MEM: 0.457216 MB
LDB: ============== END OF LOAD BALANCING =============== 159.469
Info: useSync: 0 useProxySync: 0
LDB: =============== DONE WITH MIGRATION ================ 159.469
LDB: ============= START OF LOAD BALANCING ============== 161.973
LDB: ============== END OF LOAD BALANCING =============== 161.973
Info: useSync: 0 useProxySync: 0
LDB: =============== DONE WITH MIGRATION ================ 161.973
LDB: ============= START OF LOAD BALANCING ============== 162.037
LDB: Largest compute 146 load 0.012482 is 23.7% of average load 0.052709
LDB: Average compute 0.003721 is 7.1% of average load 0.052709
LDB: TIME 162.037 LOAD: AVG 0.0527092 MAX 0.0558682  PROXIES: TOTAL 24 MAXPE 4 MAXPATCH 6 None MEM: 0.457216 MB
LDB: TIME 162.037 LOAD: AVG 0.0527092 MAX 0.0558682  PROXIES: TOTAL 28 MAXPE 4 MAXPATCH 7 RefineTorusLB MEM: 0.457216 MB
LDB: TIME 162.037 LOAD: AVG 0.0527092 MAX 0.0558682  PROXIES: TOTAL 28 MAXPE 4 MAXPATCH 7 RefineTorusLB MEM: 0.457216 MB
LDB: ============== END OF LOAD BALANCING =============== 162.038
Info: useSync: 0 useProxySync: 0
LDB: =============== DONE WITH MIGRATION ================ 162.038
LDB: ============= START OF LOAD BALANCING ============== 164.519
LDB: ============== END OF LOAD BALANCING =============== 164.52
Info: useSync: 0 useProxySync: 0
LDB: =============== DONE WITH MIGRATION ================ 164.52
LDB: ============= START OF LOAD BALANCING ============== 164.584
LDB: Largest compute 52 load 0.012495 is 23.4% of average load 0.053377
LDB: Average compute 0.003766 is 7.1% of average load 0.053377
LDB: TIME 164.588 LOAD: AVG 0.0533771 MAX 0.056774  PROXIES: TOTAL 24 MAXPE 4 MAXPATCH 6 None MEM: 0.457216 MB
LDB: TIME 164.588 LOAD: AVG 0.0533771 MAX 0.056774  PROXIES: TOTAL 28 MAXPE 4 MAXPATCH 7 RefineTorusLB MEM: 0.457216 MB
LDB: TIME 164.588 LOAD: AVG 0.0533771 MAX 0.056774  PROXIES: TOTAL 28 MAXPE 4 MAXPATCH 7 RefineTorusLB MEM: 0.457216 MB
LDB: ============== END OF LOAD BALANCING =============== 164.592
Info: useSync: 0 useProxySync: 0
LDB: =============== DONE WITH MIGRATION ================ 164.593
WRITING COORDINATES TO DCD FILE MDequil.dcd AT STEP 95000
PRESSURE: 95000 -1092.22 253.322 -418.469 183.553 -532.842 -392.89 -391.868 -224.182 -47.1227
GPRESSURE: 95000 -1061.29 134.228 -384.19 119.013 -495.075 -443.337 -365.559 -563.588 -34.8382
PRESSAVG: 95000 -408.334 -14.7075 -26.6001 33.8533 -341.935 -53.3948 4.52723 -16.3699 9.31528
GPRESSAVG: 95000 -408.125 -14.6036 -26.6371 33.6843 -342.109 -53.6895 4.68614 -16.014 9.40571
ENERGY:   95000         0.0000         0.0000         0.0000         0.0000          -5502.8694       345.8360         0.0000         0.0000       896.5086          -4260.5247       284.8129     -5157.0334     -4259.4639       301.1696           -557.3934      -530.4024     22427.5126      -246.9844      -246.9430

LDB: ============= START OF LOAD BALANCING ============== 167.108
LDB: ============== END OF LOAD BALANCING =============== 167.109
Info: useSync: 0 useProxySync: 0
LDB: =============== DONE WITH MIGRATION ================ 167.115
LDB: ============= START OF LOAD BALANCING ============== 167.177
LDB: Largest compute 52 load 0.013111 is 25.2% of average load 0.052131
LDB: Average compute 0.003670 is 7.0% of average load 0.052131
LDB: TIME 167.178 LOAD: AVG 0.0521311 MAX 0.0555456  PROXIES: TOTAL 24 MAXPE 4 MAXPATCH 6 None MEM: 0.457216 MB
LDB: TIME 167.178 LOAD: AVG 0.0521311 MAX 0.0555456  PROXIES: TOTAL 28 MAXPE 4 MAXPATCH 7 RefineTorusLB MEM: 0.457216 MB
LDB: TIME 167.178 LOAD: AVG 0.0521311 MAX 0.0555456  PROXIES: TOTAL 28 MAXPE 4 MAXPATCH 7 RefineTorusLB MEM: 0.457216 MB
LDB: ============== END OF LOAD BALANCING =============== 167.178
Info: useSync: 0 useProxySync: 0
LDB: =============== DONE WITH MIGRATION ================ 167.178
LDB: ============= START OF LOAD BALANCING ============== 169.638
LDB: ============== END OF LOAD BALANCING =============== 169.638
Info: useSync: 0 useProxySync: 0
LDB: =============== DONE WITH MIGRATION ================ 169.638
LDB: ============= START OF LOAD BALANCING ============== 169.701
LDB: Largest compute 52 load 0.012356 is 23.3% of average load 0.052988
LDB: Average compute 0.003746 is 7.1% of average load 0.052988
LDB: TIME 169.701 LOAD: AVG 0.0529877 MAX 0.0565976  PROXIES: TOTAL 24 MAXPE 4 MAXPATCH 6 None MEM: 0.457216 MB
LDB: TIME 169.702 LOAD: AVG 0.0529877 MAX 0.0565976  PROXIES: TOTAL 28 MAXPE 4 MAXPATCH 7 RefineTorusLB MEM: 0.457216 MB
LDB: TIME 169.702 LOAD: AVG 0.0529877 MAX 0.0565976  PROXIES: TOTAL 28 MAXPE 4 MAXPATCH 7 RefineTorusLB MEM: 0.457216 MB
LDB: ============== END OF LOAD BALANCING =============== 169.702
Info: useSync: 0 useProxySync: 0
LDB: =============== DONE WITH MIGRATION ================ 169.702
PRESSURE: 100000 -1077.42 -543.54 523.913 -252.772 -1371.41 97.1909 3.56247 -46.7251 69.6724
GPRESSURE: 100000 -1164.07 -504.721 673.01 -258.703 -1218.65 68.6824 -364.482 -399.272 90.2905
PRESSAVG: 100000 -354.916 -21.9768 51.7107 -34.3861 -287.109 36.1184 77.2806 8.8852 -1.96757
GPRESSAVG: 100000 -354.838 -21.8758 52.0011 -34.3281 -287.051 36.0333 76.9088 8.61515 -1.97385
TIMING: 100000  CPU: 156.251, 0.0012833/step  Wall: 160.35, 0.00128595/step, 0.142884 hours remaining, 0.457216 MB of memory in use.
PERFORMANCE: 100000  averaging 107.8 ns/day, 0.00160296 sec/step with standard deviation 0.000448316
ETITLE:      TS           BOND          ANGLE          DIHED          IMPRP               ELECT            VDW       BOUNDARY           MISC        KINETIC               TOTAL           TEMP      POTENTIAL         TOTAL3        TEMPAVG            PRESSURE      GPRESSURE         VOLUME       PRESSAVG      GPRESSAVG

ENERGY:  100000         0.0000         0.0000         0.0000         0.0000          -5468.3306       318.1295         0.0000         0.0000       943.2797          -4206.9214       299.6717     -5150.2011     -4204.4956       303.7188           -793.0546      -764.1433     22763.3274      -214.6640      -214.6209

WRITING EXTENDED SYSTEM TO RESTART FILE AT STEP 100000
WRITING COORDINATES TO DCD FILE MDequil.dcd AT STEP 100000
WRITING COORDINATES TO RESTART FILE AT STEP 100000
FINISHED WRITING RESTART COORDINATES
WRITING VELOCITIES TO RESTART FILE AT STEP 100000
FINISHED WRITING RESTART VELOCITIES
The last velocity output (seq=100000) takes 0.000 seconds, 0.457 MB of memory in use
LDB: ============= START OF LOAD BALANCING ============== 172.275
LDB: ============== END OF LOAD BALANCING =============== 172.279
Info: useSync: 0 useProxySync: 0
LDB: =============== DONE WITH MIGRATION ================ 172.288
LDB: ============= START OF LOAD BALANCING ============== 172.35
LDB: Largest compute 141 load 0.012235 is 23.6% of average load 0.051789
LDB: Average compute 0.003653 is 7.1% of average load 0.051789
LDB: TIME 172.35 LOAD: AVG 0.051789 MAX 0.0558441  PROXIES: TOTAL 24 MAXPE 4 MAXPATCH 6 None MEM: 0.457216 MB
LDB: TIME 172.351 LOAD: AVG 0.051789 MAX 0.0558441  PROXIES: TOTAL 28 MAXPE 4 MAXPATCH 7 RefineTorusLB MEM: 0.457216 MB
LDB: TIME 172.351 LOAD: AVG 0.051789 MAX 0.0558441  PROXIES: TOTAL 28 MAXPE 4 MAXPATCH 7 RefineTorusLB MEM: 0.457216 MB
LDB: ============== END OF LOAD BALANCING =============== 172.351
Info: useSync: 0 useProxySync: 0
LDB: =============== DONE WITH MIGRATION ================ 172.351
LDB: ============= START OF LOAD BALANCING ============== 174.858
LDB: ============== END OF LOAD BALANCING =============== 174.859
Info: useSync: 0 useProxySync: 0
LDB: =============== DONE WITH MIGRATION ================ 174.87
LDB: ============= START OF LOAD BALANCING ============== 174.932
LDB: Largest compute 164 load 0.012368 is 23.6% of average load 0.052406
LDB: Average compute 0.003698 is 7.1% of average load 0.052406
LDB: TIME 174.932 LOAD: AVG 0.0524064 MAX 0.0555191  PROXIES: TOTAL 24 MAXPE 4 MAXPATCH 6 None MEM: 0.457216 MB
LDB: TIME 174.933 LOAD: AVG 0.0524064 MAX 0.0555191  PROXIES: TOTAL 28 MAXPE 4 MAXPATCH 7 RefineTorusLB MEM: 0.457216 MB
LDB: TIME 174.933 LOAD: AVG 0.0524064 MAX 0.0555191  PROXIES: TOTAL 28 MAXPE 4 MAXPATCH 7 RefineTorusLB MEM: 0.457216 MB
LDB: ============== END OF LOAD BALANCING =============== 174.933
Info: useSync: 0 useProxySync: 0
LDB: =============== DONE WITH MIGRATION ================ 174.933
LDB: ============= START OF LOAD BALANCING ============== 177.449
LDB: ============== END OF LOAD BALANCING =============== 177.45
Info: useSync: 0 useProxySync: 0
LDB: =============== DONE WITH MIGRATION ================ 177.45
LDB: ============= START OF LOAD BALANCING ============== 177.514
LDB: Largest compute 164 load 0.013258 is 24.9% of average load 0.053163
LDB: Average compute 0.003752 is 7.1% of average load 0.053163
LDB: TIME 177.514 LOAD: AVG 0.0531629 MAX 0.0559647  PROXIES: TOTAL 24 MAXPE 4 MAXPATCH 6 None MEM: 0.457216 MB
LDB: TIME 177.514 LOAD: AVG 0.0531629 MAX 0.0559647  PROXIES: TOTAL 28 MAXPE 4 MAXPATCH 7 RefineTorusLB MEM: 0.457216 MB
LDB: TIME 177.514 LOAD: AVG 0.0531629 MAX 0.0559647  PROXIES: TOTAL 28 MAXPE 4 MAXPATCH 7 RefineTorusLB MEM: 0.457216 MB
LDB: ============== END OF LOAD BALANCING =============== 177.514
Info: useSync: 0 useProxySync: 0
LDB: =============== DONE WITH MIGRATION ================ 177.514
PRESSURE: 105000 -449.771 309.465 -383.742 -191.225 -1785.45 253.043 -320.912 -284.275 -920.351
GPRESSURE: 105000 -268.684 213.119 -177.22 -235.457 -1730.9 113.441 -399.803 -496.267 -1090.35
PRESSAVG: 105000 -398.423 31.5696 -35.0071 55.2239 -331.533 39.0776 -0.465641 27.7283 -11.8723
GPRESSAVG: 105000 -398.653 31.2602 -35.3691 54.8884 -331.798 38.9473 -0.228672 27.6699 -11.4615
ENERGY:  105000         0.0000         0.0000         0.0000         0.0000          -5549.5839       328.4258         0.0000         0.0000       918.8481          -4302.3099       291.9100     -5221.1581     -4298.9267       297.8201          -1051.8583     -1029.9785     22728.8378      -247.2759      -247.3039

WRITING COORDINATES TO DCD FILE MDequil.dcd AT STEP 105000
LDB: ============= START OF LOAD BALANCING ============== 180.023
LDB: ============== END OF LOAD BALANCING =============== 180.023
Info: useSync: 0 useProxySync: 0
LDB: =============== DONE WITH MIGRATION ================ 180.023
LDB: ============= START OF LOAD BALANCING ============== 180.087
LDB: Largest compute 145 load 0.012432 is 23.3% of average load 0.053333
LDB: Average compute 0.003761 is 7.1% of average load 0.053333
LDB: TIME 180.087 LOAD: AVG 0.0533335 MAX 0.0572172  PROXIES: TOTAL 24 MAXPE 4 MAXPATCH 6 None MEM: 0.457216 MB
LDB: TIME 180.087 LOAD: AVG 0.0533335 MAX 0.0572172  PROXIES: TOTAL 28 MAXPE 4 MAXPATCH 7 RefineTorusLB MEM: 0.457216 MB
LDB: TIME 180.087 LOAD: AVG 0.0533335 MAX 0.0572172  PROXIES: TOTAL 28 MAXPE 4 MAXPATCH 7 RefineTorusLB MEM: 0.457216 MB
LDB: ============== END OF LOAD BALANCING =============== 180.087
Info: useSync: 0 useProxySync: 0
LDB: =============== DONE WITH MIGRATION ================ 180.088
LDB: ============= START OF LOAD BALANCING ============== 182.605
LDB: ============== END OF LOAD BALANCING =============== 182.605
Info: useSync: 0 useProxySync: 0
LDB: =============== DONE WITH MIGRATION ================ 182.605
LDB: ============= START OF LOAD BALANCING ============== 182.671
LDB: Largest compute 145 load 0.012562 is 23.7% of average load 0.053098
LDB: Average compute 0.003737 is 7.0% of average load 0.053098
LDB: TIME 182.671 LOAD: AVG 0.0530979 MAX 0.0573183  PROXIES: TOTAL 24 MAXPE 4 MAXPATCH 6 None MEM: 0.457216 MB
LDB: TIME 182.671 LOAD: AVG 0.0530979 MAX 0.0573183  PROXIES: TOTAL 28 MAXPE 4 MAXPATCH 7 RefineTorusLB MEM: 0.457216 MB
LDB: TIME 182.671 LOAD: AVG 0.0530979 MAX 0.0573183  PROXIES: TOTAL 28 MAXPE 4 MAXPATCH 7 RefineTorusLB MEM: 0.457216 MB
LDB: ============== END OF LOAD BALANCING =============== 182.672
Info: useSync: 0 useProxySync: 0
LDB: =============== DONE WITH MIGRATION ================ 182.672
PRESSURE: 110000 -401.488 -563.314 629.395 -371.484 -936.283 539.581 769.675 460.876 -1080.46
GPRESSURE: 110000 -410.673 -588.409 236.788 -549.304 -948.781 698.392 842.703 32.5803 -1018.62
PRESSAVG: 110000 -293.464 27.8481 -34.7994 55.8864 -347.899 -42.1991 54.9085 -28.2483 10.8351
GPRESSAVG: 110000 -293.525 28.2274 -34.8223 55.6942 -347.73 -42.0303 54.2882 -28.1916 10.7877
ENERGY:  110000         0.0000         0.0000         0.0000         0.0000          -5567.6087       356.1146         0.0000         0.0000       944.5196          -4266.9745       300.0656     -5211.4941     -4263.9491       299.7028           -806.0775      -792.6904     22782.1161      -210.1760      -210.1559

WRITING COORDINATES TO DCD FILE MDequil.dcd AT STEP 110000
LDB: ============= START OF LOAD BALANCING ============== 185.189
LDB: ============== END OF LOAD BALANCING =============== 185.19
Info: useSync: 0 useProxySync: 0
LDB: =============== DONE WITH MIGRATION ================ 185.192
LDB: ============= START OF LOAD BALANCING ============== 185.256
LDB: Largest compute 141 load 0.012608 is 23.8% of average load 0.052928
LDB: Average compute 0.003729 is 7.0% of average load 0.052928
LDB: TIME 185.256 LOAD: AVG 0.0529285 MAX 0.056226  PROXIES: TOTAL 24 MAXPE 4 MAXPATCH 6 None MEM: 0.457216 MB
LDB: TIME 185.256 LOAD: AVG 0.0529285 MAX 0.056226  PROXIES: TOTAL 28 MAXPE 4 MAXPATCH 7 RefineTorusLB MEM: 0.457216 MB
LDB: TIME 185.256 LOAD: AVG 0.0529285 MAX 0.056226  PROXIES: TOTAL 28 MAXPE 4 MAXPATCH 7 RefineTorusLB MEM: 0.457216 MB
LDB: ============== END OF LOAD BALANCING =============== 185.256
Info: useSync: 0 useProxySync: 0
LDB: =============== DONE WITH MIGRATION ================ 185.257
LDB: ============= START OF LOAD BALANCING ============== 187.751
LDB: ============== END OF LOAD BALANCING =============== 187.751
Info: useSync: 0 useProxySync: 0
LDB: =============== DONE WITH MIGRATION ================ 187.751
LDB: ============= START OF LOAD BALANCING ============== 187.815
LDB: Largest compute 52 load 0.013034 is 24.4% of average load 0.053433
LDB: Average compute 0.003771 is 7.1% of average load 0.053433
LDB: TIME 187.815 LOAD: AVG 0.0534328 MAX 0.0570358  PROXIES: TOTAL 24 MAXPE 4 MAXPATCH 6 None MEM: 0.457216 MB
LDB: TIME 187.815 LOAD: AVG 0.0534328 MAX 0.0570358  PROXIES: TOTAL 28 MAXPE 4 MAXPATCH 7 RefineTorusLB MEM: 0.457216 MB
LDB: TIME 187.815 LOAD: AVG 0.0534328 MAX 0.0570358  PROXIES: TOTAL 28 MAXPE 4 MAXPATCH 7 RefineTorusLB MEM: 0.457216 MB
LDB: ============== END OF LOAD BALANCING =============== 187.815
Info: useSync: 0 useProxySync: 0
LDB: =============== DONE WITH MIGRATION ================ 187.815
LDB: ============= START OF LOAD BALANCING ============== 190.333
LDB: ============== END OF LOAD BALANCING =============== 190.333
Info: useSync: 0 useProxySync: 0
LDB: =============== DONE WITH MIGRATION ================ 190.333
LDB: ============= START OF LOAD BALANCING ============== 190.398
LDB: Largest compute 140 load 0.012550 is 23.3% of average load 0.053761
LDB: Average compute 0.003792 is 7.1% of average load 0.053761
LDB: TIME 190.399 LOAD: AVG 0.0537609 MAX 0.0580152  PROXIES: TOTAL 24 MAXPE 4 MAXPATCH 6 None MEM: 0.457216 MB
LDB: TIME 190.399 LOAD: AVG 0.0537609 MAX 0.0580152  PROXIES: TOTAL 28 MAXPE 4 MAXPATCH 7 RefineTorusLB MEM: 0.457216 MB
LDB: TIME 190.399 LOAD: AVG 0.0537609 MAX 0.0580152  PROXIES: TOTAL 28 MAXPE 4 MAXPATCH 7 RefineTorusLB MEM: 0.457216 MB
LDB: ============== END OF LOAD BALANCING =============== 190.399
Info: useSync: 0 useProxySync: 0
LDB: =============== DONE WITH MIGRATION ================ 190.399
PRESSURE: 115000 -1179.65 546.654 459.393 299.235 -119.784 -147.146 6.96503 -276.157 -1753.81
GPRESSURE: 115000 -1129.55 317.583 697.549 246.231 -384.678 -333.269 -142.55 92.1481 -1479.23
PRESSAVG: 115000 -410.961 -44.9564 -2.17588 -44.9212 -388.218 -12.4572 -40.5455 -35.9616 20.2408
GPRESSAVG: 115000 -410.688 -45.0496 -1.77783 -45.08 -388.304 -12.6051 -40.636 -35.8272 20.2499
ENERGY:  115000         0.0000         0.0000         0.0000         0.0000          -5514.4932       338.3446         0.0000         0.0000       937.0938          -4239.0548       297.7065     -5176.1486     -4236.5871       297.4517          -1017.7485      -997.8218     22806.9243      -259.6460      -259.5806

WRITING COORDINATES TO DCD FILE MDequil.dcd AT STEP 115000
LDB: ============= START OF LOAD BALANCING ============== 199.892
LDB: ============== END OF LOAD BALANCING =============== 199.903
Info: useSync: 0 useProxySync: 0
LDB: =============== DONE WITH MIGRATION ================ 199.931
LDB: ============= START OF LOAD BALANCING ============== 200.328
LDB: Largest compute 163 load 0.025057 is 44.0% of average load 0.057002
LDB: Average compute 0.003794 is 6.7% of average load 0.057002
LDB: TIME 200.332 LOAD: AVG 0.0570015 MAX 0.0838105  PROXIES: TOTAL 24 MAXPE 4 MAXPATCH 6 None MEM: 0.457216 MB
LDB: TIME 200.332 LOAD: AVG 0.0570015 MAX 0.0838105  PROXIES: TOTAL 28 MAXPE 4 MAXPATCH 7 RefineTorusLB MEM: 0.457216 MB
LDB: TIME 200.332 LOAD: AVG 0.0570015 MAX 0.0617078  PROXIES: TOTAL 28 MAXPE 4 MAXPATCH 8 RefineTorusLB MEM: 0.457216 MB
LDB: ============== END OF LOAD BALANCING =============== 200.338
Info: useSync: 0 useProxySync: 0
LDB: =============== DONE WITH MIGRATION ================ 200.383
LDB: ============= START OF LOAD BALANCING ============== 212.194
LDB: ============== END OF LOAD BALANCING =============== 212.195
Info: useSync: 0 useProxySync: 0
LDB: =============== DONE WITH MIGRATION ================ 212.198
LDB: ============= START OF LOAD BALANCING ============== 212.528
LDB: Largest compute 52 load 0.012702 is 25.4% of average load 0.050001
LDB: Average compute 0.003411 is 6.8% of average load 0.050001
LDB: TIME 212.53 LOAD: AVG 0.0500006 MAX 0.058698  PROXIES: TOTAL 24 MAXPE 4 MAXPATCH 6 None MEM: 0.457216 MB
LDB: TIME 212.531 LOAD: AVG 0.0500006 MAX 0.058698  PROXIES: TOTAL 28 MAXPE 4 MAXPATCH 8 RefineTorusLB MEM: 0.457216 MB
LDB: TIME 212.531 LOAD: AVG 0.0500006 MAX 0.0544816  PROXIES: TOTAL 28 MAXPE 4 MAXPATCH 8 RefineTorusLB MEM: 0.457216 MB
LDB: ============== END OF LOAD BALANCING =============== 212.535
Info: useSync: 0 useProxySync: 0
LDB: =============== DONE WITH MIGRATION ================ 212.553
PRESSURE: 120000 -1045.49 143.315 215.911 -215.205 293.671 253.118 423.661 209.647 -724.883
GPRESSURE: 120000 -974.24 157.485 45.7157 -258.702 263.701 178.117 327.872 679.168 -676.764
PRESSAVG: 120000 -410.185 54.4527 -37.3329 50.8943 -380.669 81.1585 -13.4217 54.606 2.61647
GPRESSAVG: 120000 -409.958 54.1493 -37.6239 50.934 -380.805 81.286 -13.2748 54.4499 2.53241
ENERGY:  120000         0.0000         0.0000         0.0000         0.0000          -5638.3485       414.1245         0.0000         0.0000       893.1924          -4331.0316       283.7594     -5224.2240     -4329.2167       295.8926           -492.2326      -462.4345     22732.0185      -262.7457      -262.7436

WRITING COORDINATES TO DCD FILE MDequil.dcd AT STEP 120000
LDB: ============= START OF LOAD BALANCING ============== 224.007
LDB: ============== END OF LOAD BALANCING =============== 224.007
Info: useSync: 0 useProxySync: 0
LDB: =============== DONE WITH MIGRATION ================ 224.019
LDB: ============= START OF LOAD BALANCING ============== 224.376
LDB: Largest compute 143 load 0.012342 is 24.9% of average load 0.049587
LDB: Average compute 0.003374 is 6.8% of average load 0.049587
LDB: TIME 224.378 LOAD: AVG 0.0495865 MAX 0.055754  PROXIES: TOTAL 24 MAXPE 4 MAXPATCH 6 None MEM: 0.457216 MB
LDB: TIME 224.378 LOAD: AVG 0.0495865 MAX 0.055754  PROXIES: TOTAL 28 MAXPE 4 MAXPATCH 8 RefineTorusLB MEM: 0.457216 MB
LDB: TIME 224.378 LOAD: AVG 0.0495865 MAX 0.0535556  PROXIES: TOTAL 28 MAXPE 4 MAXPATCH 8 RefineTorusLB MEM: 0.457216 MB
LDB: ============== END OF LOAD BALANCING =============== 224.38
Info: useSync: 0 useProxySync: 0
LDB: =============== DONE WITH MIGRATION ================ 224.418
LDB: ============= START OF LOAD BALANCING ============== 232.705
LDB: ============== END OF LOAD BALANCING =============== 232.706
Info: useSync: 0 useProxySync: 0
LDB: =============== DONE WITH MIGRATION ================ 232.706
LDB: ============= START OF LOAD BALANCING ============== 232.765
LDB: Largest compute 7 load 0.011616 is 23.7% of average load 0.049060
LDB: Average compute 0.003461 is 7.1% of average load 0.049060
LDB: TIME 232.765 LOAD: AVG 0.0490599 MAX 0.0551298  PROXIES: TOTAL 24 MAXPE 4 MAXPATCH 6 None MEM: 0.457216 MB
LDB: TIME 232.765 LOAD: AVG 0.0490599 MAX 0.0551298  PROXIES: TOTAL 28 MAXPE 4 MAXPATCH 8 RefineTorusLB MEM: 0.457216 MB
LDB: TIME 232.765 LOAD: AVG 0.0490599 MAX 0.0534521  PROXIES: TOTAL 28 MAXPE 4 MAXPATCH 8 RefineTorusLB MEM: 0.457216 MB
LDB: ============== END OF LOAD BALANCING =============== 232.765
Info: useSync: 0 useProxySync: 0
LDB: =============== DONE WITH MIGRATION ================ 232.765
LDB: ============= START OF LOAD BALANCING ============== 235.072
LDB: ============== END OF LOAD BALANCING =============== 235.072
Info: useSync: 0 useProxySync: 0
LDB: =============== DONE WITH MIGRATION ================ 235.072
LDB: ============= START OF LOAD BALANCING ============== 235.132
LDB: Largest compute 140 load 0.011665 is 23.7% of average load 0.049115
LDB: Average compute 0.003472 is 7.1% of average load 0.049115
LDB: TIME 235.132 LOAD: AVG 0.0491152 MAX 0.0549709  PROXIES: TOTAL 24 MAXPE 4 MAXPATCH 6 None MEM: 0.457216 MB
LDB: TIME 235.132 LOAD: AVG 0.0491152 MAX 0.0549709  PROXIES: TOTAL 28 MAXPE 4 MAXPATCH 8 RefineTorusLB MEM: 0.457216 MB
LDB: TIME 235.132 LOAD: AVG 0.0491152 MAX 0.0530134  PROXIES: TOTAL 28 MAXPE 4 MAXPATCH 8 RefineTorusLB MEM: 0.457216 MB
LDB: ============== END OF LOAD BALANCING =============== 235.132
Info: useSync: 0 useProxySync: 0
LDB: =============== DONE WITH MIGRATION ================ 235.132
PRESSURE: 125000 -356.766 270.942 119.46 13.9317 -1197.83 -211.196 261.695 178.136 55.797
GPRESSURE: 125000 -291.173 120.83 -297.141 97.9415 -1141.2 -441.837 560.709 181.247 -18.2093
PRESSAVG: 125000 -349.688 8.40216 -5.39429 3.36658 -379.186 5.02857 -16.8677 72.7387 8.8686
GPRESSAVG: 125000 -349.903 8.6336 -5.38914 3.45434 -378.949 4.94071 -16.7456 73.0905 8.71166
ENERGY:  125000         0.0000         0.0000         0.0000         0.0000          -5575.1724       374.4258         0.0000         0.0000       935.5124          -4265.2342       297.2041     -5200.7466     -4262.2682       295.5342           -499.6007      -483.5277     22973.6581      -240.0018      -240.0469

WRITING COORDINATES TO DCD FILE MDequil.dcd AT STEP 125000
LDB: ============= START OF LOAD BALANCING ============== 237.444
LDB: ============== END OF LOAD BALANCING =============== 237.444
Info: useSync: 0 useProxySync: 0
LDB: =============== DONE WITH MIGRATION ================ 237.444
LDB: ============= START OF LOAD BALANCING ============== 237.502
LDB: Largest compute 144 load 0.011495 is 23.3% of average load 0.049317
LDB: Average compute 0.003488 is 7.1% of average load 0.049317
LDB: TIME 237.502 LOAD: AVG 0.0493166 MAX 0.0535836  PROXIES: TOTAL 24 MAXPE 4 MAXPATCH 6 None MEM: 0.457216 MB
LDB: TIME 237.503 LOAD: AVG 0.0493166 MAX 0.0535836  PROXIES: TOTAL 28 MAXPE 4 MAXPATCH 8 RefineTorusLB MEM: 0.457216 MB
LDB: TIME 237.503 LOAD: AVG 0.0493166 MAX 0.0535836  PROXIES: TOTAL 28 MAXPE 4 MAXPATCH 8 RefineTorusLB MEM: 0.457216 MB
LDB: ============== END OF LOAD BALANCING =============== 237.503
Info: useSync: 0 useProxySync: 0
LDB: =============== DONE WITH MIGRATION ================ 237.503
LDB: ============= START OF LOAD BALANCING ============== 239.776
LDB: ============== END OF LOAD BALANCING =============== 239.776
Info: useSync: 0 useProxySync: 0
LDB: =============== DONE WITH MIGRATION ================ 239.777
LDB: ============= START OF LOAD BALANCING ============== 239.835
LDB: Largest compute 141 load 0.011284 is 22.9% of average load 0.049297
LDB: Average compute 0.003489 is 7.1% of average load 0.049297
LDB: TIME 239.835 LOAD: AVG 0.0492967 MAX 0.0526593  PROXIES: TOTAL 24 MAXPE 4 MAXPATCH 6 None MEM: 0.457216 MB
LDB: TIME 239.835 LOAD: AVG 0.0492967 MAX 0.0526593  PROXIES: TOTAL 28 MAXPE 4 MAXPATCH 8 RefineTorusLB MEM: 0.457216 MB
LDB: TIME 239.835 LOAD: AVG 0.0492967 MAX 0.0526593  PROXIES: TOTAL 28 MAXPE 4 MAXPATCH 8 RefineTorusLB MEM: 0.457216 MB
LDB: ============== END OF LOAD BALANCING =============== 239.835
Info: useSync: 0 useProxySync: 0
LDB: =============== DONE WITH MIGRATION ================ 239.835
PRESSURE: 130000 -92.5007 -649.13 125.055 -616.795 -1089.03 249.645 -13.2778 258.45 -693.579
GPRESSURE: 130000 -12.4082 -526.578 -282.054 -1134.87 -1027.81 622.258 30.5981 -130.644 -758.564
PRESSAVG: 130000 -340.676 -69.8513 13.9904 -58.9669 -376.19 -17.0953 -47.1976 -33.859 -1.4177
GPRESSAVG: 130000 -340.315 -69.7725 13.808 -58.9847 -376.223 -17.0601 -46.8773 -33.8862 -1.52552
ENERGY:  130000         0.0000         0.0000         0.0000         0.0000          -5599.1034       399.9249         0.0000         0.0000       877.1682          -4322.0103       278.6686     -5199.1785     -4319.7775       298.8215           -625.0369      -599.5950     23070.6596      -239.4280      -239.3544

WRITING COORDINATES TO DCD FILE MDequil.dcd AT STEP 130000
LDB: ============= START OF LOAD BALANCING ============== 242.304
LDB: ============== END OF LOAD BALANCING =============== 242.304
Info: useSync: 0 useProxySync: 0
LDB: =============== DONE WITH MIGRATION ================ 242.304
LDB: ============= START OF LOAD BALANCING ============== 242.367
LDB: Largest compute 164 load 0.012738 is 24.1% of average load 0.052872
LDB: Average compute 0.003735 is 7.1% of average load 0.052872
LDB: TIME 242.367 LOAD: AVG 0.0528721 MAX 0.0579963  PROXIES: TOTAL 24 MAXPE 4 MAXPATCH 6 None MEM: 0.457216 MB
LDB: TIME 242.367 LOAD: AVG 0.0528721 MAX 0.0579963  PROXIES: TOTAL 28 MAXPE 4 MAXPATCH 8 RefineTorusLB MEM: 0.457216 MB
LDB: TIME 242.367 LOAD: AVG 0.0528721 MAX 0.0577267  PROXIES: TOTAL 28 MAXPE 4 MAXPATCH 8 RefineTorusLB MEM: 0.457216 MB
LDB: ============== END OF LOAD BALANCING =============== 242.367
Info: useSync: 0 useProxySync: 0
LDB: =============== DONE WITH MIGRATION ================ 242.368
LDB: ============= START OF LOAD BALANCING ============== 252.351
LDB: ============== END OF LOAD BALANCING =============== 252.352
Info: useSync: 0 useProxySync: 0
LDB: =============== DONE WITH MIGRATION ================ 252.361
LDB: ============= START OF LOAD BALANCING ============== 252.738
LDB: Largest compute 143 load 0.024261 is 44.6% of average load 0.054455
LDB: Average compute 0.003728 is 6.8% of average load 0.054455
LDB: TIME 252.748 LOAD: AVG 0.0544552 MAX 0.0629466  PROXIES: TOTAL 24 MAXPE 4 MAXPATCH 6 None MEM: 0.457216 MB
LDB: TIME 252.748 LOAD: AVG 0.0544552 MAX 0.0629466  PROXIES: TOTAL 28 MAXPE 4 MAXPATCH 8 RefineTorusLB MEM: 0.457216 MB
LDB: TIME 252.748 LOAD: AVG 0.0544552 MAX 0.0588844  PROXIES: TOTAL 28 MAXPE 4 MAXPATCH 8 RefineTorusLB MEM: 0.457216 MB
LDB: ============== END OF LOAD BALANCING =============== 252.755
Info: useSync: 0 useProxySync: 0
LDB: =============== DONE WITH MIGRATION ================ 252.844
LDB: ============= START OF LOAD BALANCING ============== 265.904
LDB: ============== END OF LOAD BALANCING =============== 265.906
Info: useSync: 0 useProxySync: 0
LDB: =============== DONE WITH MIGRATION ================ 265.914
LDB: ============= START OF LOAD BALANCING ============== 266.19
LDB: Largest compute 140 load 0.056166 is 100.1% of average load 0.056084
LDB: Average compute 0.003916 is 7.0% of average load 0.056084
LDB: TIME 266.191 LOAD: AVG 0.0560835 MAX 0.0944406  PROXIES: TOTAL 24 MAXPE 4 MAXPATCH 6 None MEM: 0.457216 MB
LDB: TIME 266.191 LOAD: AVG 0.0560835 MAX 0.0944406  PROXIES: TOTAL 28 MAXPE 4 MAXPATCH 8 RefineTorusLB MEM: 0.457216 MB
LDB: TIME 266.191 LOAD: AVG 0.0560835 MAX 0.0611089  PROXIES: TOTAL 28 MAXPE 4 MAXPATCH 8 RefineTorusLB MEM: 0.457216 MB
LDB: ============== END OF LOAD BALANCING =============== 266.195
Info: useSync: 0 useProxySync: 0
LDB: =============== DONE WITH MIGRATION ================ 266.23
WRITING COORDINATES TO DCD FILE MDequil.dcd AT STEP 135000
PRESSURE: 135000 526.46 439.973 -23.2137 867.451 -35.2236 80.1234 374.924 -522.126 390.329
GPRESSURE: 135000 539.765 422.937 218.523 953.765 -60.0267 48.0601 54.8466 -602.01 440.605
PRESSAVG: 135000 -373.72 -28.6312 -2.04121 -14.6381 -452.357 8.8435 -73.4672 -35.2376 -6.14488
GPRESSAVG: 135000 -373.973 -28.4895 -1.67285 -14.7103 -452.257 9.12897 -73.5481 -35.6383 -6.19258
ENERGY:  135000         0.0000         0.0000         0.0000         0.0000          -5712.4243       453.6490         0.0000         0.0000       943.8971          -4314.8781       299.8678     -5258.7752     -4312.7314       295.3967            293.8552       306.7812     22513.0233      -277.4072      -277.4744

LDB: ============= START OF LOAD BALANCING ============== 278.763
LDB: ============== END OF LOAD BALANCING =============== 278.766
Info: useSync: 0 useProxySync: 0
LDB: =============== DONE WITH MIGRATION ================ 278.775
LDB: ============= START OF LOAD BALANCING ============== 279.053
LDB: Largest compute 141 load 0.012138 is 23.9% of average load 0.050737
LDB: Average compute 0.003516 is 6.9% of average load 0.050737
LDB: TIME 279.061 LOAD: AVG 0.0507374 MAX 0.0607691  PROXIES: TOTAL 24 MAXPE 4 MAXPATCH 6 None MEM: 0.457216 MB
LDB: TIME 279.061 LOAD: AVG 0.0507374 MAX 0.0607691  PROXIES: TOTAL 28 MAXPE 4 MAXPATCH 8 RefineTorusLB MEM: 0.457216 MB
LDB: TIME 279.061 LOAD: AVG 0.0507374 MAX 0.0551457  PROXIES: TOTAL 28 MAXPE 4 MAXPATCH 8 RefineTorusLB MEM: 0.457216 MB
LDB: ============== END OF LOAD BALANCING =============== 279.067
Info: useSync: 0 useProxySync: 0
LDB: =============== DONE WITH MIGRATION ================ 279.121
LDB: ============= START OF LOAD BALANCING ============== 292.732
LDB: ============== END OF LOAD BALANCING =============== 292.733
Info: useSync: 0 useProxySync: 0
LDB: =============== DONE WITH MIGRATION ================ 292.755
LDB: ============= START OF LOAD BALANCING ============== 293.083
LDB: Largest compute 163 load 0.013236 is 26.2% of average load 0.050584
LDB: Average compute 0.003424 is 6.8% of average load 0.050584
LDB: TIME 293.09 LOAD: AVG 0.0505842 MAX 0.0635225  PROXIES: TOTAL 24 MAXPE 4 MAXPATCH 6 None MEM: 0.457216 MB
LDB: TIME 293.09 LOAD: AVG 0.0505842 MAX 0.0635225  PROXIES: TOTAL 28 MAXPE 4 MAXPATCH 8 RefineTorusLB MEM: 0.457216 MB
LDB: TIME 293.09 LOAD: AVG 0.0505842 MAX 0.05483  PROXIES: TOTAL 28 MAXPE 4 MAXPATCH 8 RefineTorusLB MEM: 0.457216 MB
LDB: ============== END OF LOAD BALANCING =============== 293.093
Info: useSync: 0 useProxySync: 0
LDB: =============== DONE WITH MIGRATION ================ 293.116
PRESSURE: 140000 -1121.34 214.975 82.3066 -380.814 -2113.39 410.453 229.098 278.17 -802.781
GPRESSURE: 140000 -1263.33 102.939 116.961 -387.825 -1989.41 748.331 101.472 146.103 -758.569
PRESSAVG: 140000 -223.729 62.16 40.7607 54.0682 -255.484 -34.8117 2.66664 -29.4804 15.8394
GPRESSAVG: 140000 -223.469 61.9391 40.9468 53.9753 -255.7 -35.281 2.55561 -29.0098 16.1043
ENERGY:  140000         0.0000         0.0000         0.0000         0.0000          -5545.1385       298.0740         0.0000         0.0000       947.9889          -4299.0756       301.1678     -5247.0645     -4296.9309       292.5852          -1345.8343     -1337.1011     22624.7858      -154.4578      -154.3547

WRITING COORDINATES TO DCD FILE MDequil.dcd AT STEP 140000
LDB: ============= START OF LOAD BALANCING ============== 305.697
LDB: ============== END OF LOAD BALANCING =============== 305.7
Info: useSync: 0 useProxySync: 0
LDB: =============== DONE WITH MIGRATION ================ 305.706
LDB: ============= START OF LOAD BALANCING ============== 305.776
LDB: Largest compute 163 load 0.011836 is 23.7% of average load 0.049885
LDB: Average compute 0.003504 is 7.0% of average load 0.049885
LDB: TIME 305.776 LOAD: AVG 0.0498851 MAX 0.0596493  PROXIES: TOTAL 24 MAXPE 4 MAXPATCH 6 None MEM: 0.457216 MB
LDB: TIME 305.776 LOAD: AVG 0.0498851 MAX 0.0596493  PROXIES: TOTAL 28 MAXPE 4 MAXPATCH 8 RefineTorusLB MEM: 0.457216 MB
LDB: TIME 305.776 LOAD: AVG 0.0498851 MAX 0.054388  PROXIES: TOTAL 28 MAXPE 4 MAXPATCH 8 RefineTorusLB MEM: 0.457216 MB
LDB: ============== END OF LOAD BALANCING =============== 305.776
Info: useSync: 0 useProxySync: 0
LDB: =============== DONE WITH MIGRATION ================ 305.777
LDB: ============= START OF LOAD BALANCING ============== 308.068
LDB: ============== END OF LOAD BALANCING =============== 308.069
Info: useSync: 0 useProxySync: 0
LDB: =============== DONE WITH MIGRATION ================ 308.069
LDB: ============= START OF LOAD BALANCING ============== 308.128
LDB: Largest compute 52 load 0.011108 is 22.7% of average load 0.048883
LDB: Average compute 0.003455 is 7.1% of average load 0.048883
LDB: TIME 308.128 LOAD: AVG 0.0488827 MAX 0.0557343  PROXIES: TOTAL 24 MAXPE 4 MAXPATCH 6 None MEM: 0.457216 MB
LDB: TIME 308.128 LOAD: AVG 0.0488827 MAX 0.0557343  PROXIES: TOTAL 28 MAXPE 4 MAXPATCH 8 RefineTorusLB MEM: 0.457216 MB
LDB: TIME 308.128 LOAD: AVG 0.0488827 MAX 0.053278  PROXIES: TOTAL 28 MAXPE 4 MAXPATCH 8 RefineTorusLB MEM: 0.457216 MB
LDB: ============== END OF LOAD BALANCING =============== 308.128
Info: useSync: 0 useProxySync: 0
LDB: =============== DONE WITH MIGRATION ================ 308.128
LDB: ============= START OF LOAD BALANCING ============== 310.421
LDB: ============== END OF LOAD BALANCING =============== 310.421
Info: useSync: 0 useProxySync: 0
LDB: =============== DONE WITH MIGRATION ================ 310.421
LDB: ============= START OF LOAD BALANCING ============== 310.48
LDB: Largest compute 6 load 0.011856 is 24.1% of average load 0.049286
LDB: Average compute 0.003482 is 7.1% of average load 0.049286
LDB: TIME 310.48 LOAD: AVG 0.049286 MAX 0.0525325  PROXIES: TOTAL 24 MAXPE 4 MAXPATCH 6 None MEM: 0.457216 MB
LDB: TIME 310.48 LOAD: AVG 0.049286 MAX 0.0525325  PROXIES: TOTAL 28 MAXPE 4 MAXPATCH 8 RefineTorusLB MEM: 0.457216 MB
LDB: TIME 310.48 LOAD: AVG 0.049286 MAX 0.0525325  PROXIES: TOTAL 28 MAXPE 4 MAXPATCH 8 RefineTorusLB MEM: 0.457216 MB
LDB: ============== END OF LOAD BALANCING =============== 310.48
Info: useSync: 0 useProxySync: 0
LDB: =============== DONE WITH MIGRATION ================ 310.481
PRESSURE: 145000 -485.372 -357.937 -13.5261 -211.839 -640.228 32.7926 302.341 -8.73007 -523.722
GPRESSURE: 145000 -541.254 -208.736 -217.947 -188.77 -610.241 -109.634 401.324 10.8093 -435.949
PRESSAVG: 145000 -282.048 -21.6794 -59.8027 -21.8757 -287.857 7.10941 -114.564 -68.2826 2.60592
GPRESSAVG: 145000 -281.9 -21.7558 -59.9049 -21.6549 -287.841 7.34341 -114.512 -68.5259 2.68024
ENERGY:  145000         0.0000         0.0000         0.0000         0.0000          -5558.8494       376.3092         0.0000         0.0000       937.3741          -4245.1660       297.7955     -5182.5402     -4243.2011       300.7136           -549.7736      -529.1481     22978.7036      -189.0998      -189.0202

WRITING COORDINATES TO DCD FILE MDequil.dcd AT STEP 145000
LDB: ============= START OF LOAD BALANCING ============== 312.781
LDB: ============== END OF LOAD BALANCING =============== 312.781
Info: useSync: 0 useProxySync: 0
LDB: =============== DONE WITH MIGRATION ================ 312.781
LDB: ============= START OF LOAD BALANCING ============== 312.841
LDB: Largest compute 52 load 0.011206 is 22.6% of average load 0.049616
LDB: Average compute 0.003512 is 7.1% of average load 0.049616
LDB: TIME 312.841 LOAD: AVG 0.0496158 MAX 0.0555343  PROXIES: TOTAL 24 MAXPE 4 MAXPATCH 6 None MEM: 0.457216 MB
LDB: TIME 312.841 LOAD: AVG 0.0496158 MAX 0.0555343  PROXIES: TOTAL 28 MAXPE 4 MAXPATCH 8 RefineTorusLB MEM: 0.457216 MB
LDB: TIME 312.841 LOAD: AVG 0.0496158 MAX 0.0540395  PROXIES: TOTAL 28 MAXPE 4 MAXPATCH 8 RefineTorusLB MEM: 0.457216 MB
LDB: ============== END OF LOAD BALANCING =============== 312.841
Info: useSync: 0 useProxySync: 0
LDB: =============== DONE WITH MIGRATION ================ 312.842
LDB: ============= START OF LOAD BALANCING ============== 315.165
LDB: ============== END OF LOAD BALANCING =============== 315.166
Info: useSync: 0 useProxySync: 0
LDB: =============== DONE WITH MIGRATION ================ 315.166
LDB: ============= START OF LOAD BALANCING ============== 315.227
LDB: Largest compute 52 load 0.012227 is 24.3% of average load 0.050242
LDB: Average compute 0.003559 is 7.1% of average load 0.050242
LDB: TIME 315.227 LOAD: AVG 0.0502418 MAX 0.0540964  PROXIES: TOTAL 24 MAXPE 4 MAXPATCH 6 None MEM: 0.457216 MB
LDB: TIME 315.227 LOAD: AVG 0.0502418 MAX 0.0540964  PROXIES: TOTAL 28 MAXPE 4 MAXPATCH 8 RefineTorusLB MEM: 0.457216 MB
LDB: TIME 315.227 LOAD: AVG 0.0502418 MAX 0.0540964  PROXIES: TOTAL 28 MAXPE 4 MAXPATCH 8 RefineTorusLB MEM: 0.457216 MB
LDB: ============== END OF LOAD BALANCING =============== 315.227
Info: useSync: 0 useProxySync: 0
LDB: =============== DONE WITH MIGRATION ================ 315.227
WRITING COORDINATES TO DCD FILE MDequil.dcd AT STEP 150000
WRITING COORDINATES TO RESTART FILE AT STEP 150000
FINISHED WRITING RESTART COORDINATES
WRITING VELOCITIES TO RESTART FILE AT STEP 150000
FINISHED WRITING RESTART VELOCITIES
The last velocity output (seq=150000) takes 0.000 seconds, 0.457 MB of memory in use
PRESSURE: 150000 271.035 326.616 -391.576 211.613 357.753 149.726 -568.278 625.992 456.002
GPRESSURE: 150000 337.276 194.167 -578.785 312.277 233.029 163.859 -601.205 494.127 618.196
PRESSAVG: 150000 -182.985 25.4078 42.4129 14.8988 -157.082 -0.20986 51.009 14.9289 25.1451
GPRESSAVG: 150000 -182.803 25.3594 42.3143 15.0845 -157.095 -0.437699 51.1625 15.3213 25.0904
TIMING: 150000  CPU: 291.405, 0.00270308/step  Wall: 305.688, 0.00290677/step, 0.282603 hours remaining, 0.457216 MB of memory in use.
PERFORMANCE: 150000  averaging 84.8072 ns/day, 0.00203756 sec/step with standard deviation 0.000816782
ETITLE:      TS           BOND          ANGLE          DIHED          IMPRP               ELECT            VDW       BOUNDARY           MISC        KINETIC               TOTAL           TEMP      POTENTIAL         TOTAL3        TEMPAVG            PRESSURE      GPRESSURE         VOLUME       PRESSAVG      GPRESSAVG

ENERGY:  150000         0.0000         0.0000         0.0000         0.0000          -5626.1318       429.6126         0.0000         0.0000       929.8724          -4266.6467       295.4123     -5196.5192     -4265.6255       301.1170            361.5967       396.1668     22753.6516      -104.9740      -104.9361

WRITING EXTENDED SYSTEM TO RESTART FILE AT STEP 150000
LDB: ============= START OF LOAD BALANCING ============== 317.613
LDB: ============== END OF LOAD BALANCING =============== 317.613
Info: useSync: 0 useProxySync: 0
LDB: =============== DONE WITH MIGRATION ================ 317.613
LDB: ============= START OF LOAD BALANCING ============== 317.672
LDB: Largest compute 164 load 0.011749 is 23.9% of average load 0.049134
LDB: Average compute 0.003471 is 7.1% of average load 0.049134
LDB: TIME 317.672 LOAD: AVG 0.0491341 MAX 0.0522984  PROXIES: TOTAL 24 MAXPE 4 MAXPATCH 6 None MEM: 0.457216 MB
LDB: TIME 317.672 LOAD: AVG 0.0491341 MAX 0.0522984  PROXIES: TOTAL 28 MAXPE 4 MAXPATCH 8 RefineTorusLB MEM: 0.457216 MB
LDB: TIME 317.672 LOAD: AVG 0.0491341 MAX 0.0522984  PROXIES: TOTAL 28 MAXPE 4 MAXPATCH 8 RefineTorusLB MEM: 0.457216 MB
LDB: ============== END OF LOAD BALANCING =============== 317.672
Info: useSync: 0 useProxySync: 0
LDB: =============== DONE WITH MIGRATION ================ 317.672
LDB: ============= START OF LOAD BALANCING ============== 320.188
LDB: ============== END OF LOAD BALANCING =============== 320.188
Info: useSync: 0 useProxySync: 0
LDB: =============== DONE WITH MIGRATION ================ 320.188
LDB: ============= START OF LOAD BALANCING ============== 320.255
LDB: Largest compute 164 load 0.014098 is 25.6% of average load 0.055093
LDB: Average compute 0.003906 is 7.1% of average load 0.055093
LDB: TIME 320.255 LOAD: AVG 0.0550931 MAX 0.0584149  PROXIES: TOTAL 24 MAXPE 4 MAXPATCH 6 None MEM: 0.457216 MB
LDB: TIME 320.255 LOAD: AVG 0.0550931 MAX 0.0584149  PROXIES: TOTAL 28 MAXPE 4 MAXPATCH 8 RefineTorusLB MEM: 0.457216 MB
LDB: TIME 320.255 LOAD: AVG 0.0550931 MAX 0.0584149  PROXIES: TOTAL 28 MAXPE 4 MAXPATCH 8 RefineTorusLB MEM: 0.457216 MB
LDB: ============== END OF LOAD BALANCING =============== 320.255
Info: useSync: 0 useProxySync: 0
LDB: =============== DONE WITH MIGRATION ================ 320.255
LDB: ============= START OF LOAD BALANCING ============== 322.771
LDB: ============== END OF LOAD BALANCING =============== 322.772
Info: useSync: 0 useProxySync: 0
LDB: =============== DONE WITH MIGRATION ================ 322.772
LDB: ============= START OF LOAD BALANCING ============== 322.836
LDB: Largest compute 163 load 0.012883 is 24.0% of average load 0.053654
LDB: Average compute 0.003793 is 7.1% of average load 0.053654
LDB: TIME 322.836 LOAD: AVG 0.0536536 MAX 0.0572634  PROXIES: TOTAL 24 MAXPE 4 MAXPATCH 6 None MEM: 0.457216 MB
LDB: TIME 322.836 LOAD: AVG 0.0536536 MAX 0.0572634  PROXIES: TOTAL 28 MAXPE 4 MAXPATCH 8 RefineTorusLB MEM: 0.457216 MB
LDB: TIME 322.836 LOAD: AVG 0.0536536 MAX 0.0572634  PROXIES: TOTAL 28 MAXPE 4 MAXPATCH 8 RefineTorusLB MEM: 0.457216 MB
LDB: ============== END OF LOAD BALANCING =============== 322.836
Info: useSync: 0 useProxySync: 0
LDB: =============== DONE WITH MIGRATION ================ 322.836
PRESSURE: 155000 -299.574 198.943 651.842 221.639 -537.325 -238.862 787.384 45.905 141.288
GPRESSURE: 155000 -183.391 235.938 527.673 110.816 -431.978 -256.123 905 136.843 -43.3948
PRESSAVG: 155000 -263.567 32.1147 10.1723 -9.55148 -268.008 -87.49 -39.6019 -60.5813 -0.609741
GPRESSAVG: 155000 -263.664 32.1592 9.7914 -9.81924 -267.619 -87.5603 -39.1329 -60.3859 -0.774185
ENERGY:  155000         0.0000         0.0000         0.0000         0.0000          -5672.5445       393.3582         0.0000         0.0000       936.2434          -4342.9428       297.4363     -5279.1862     -4340.9988       295.0275           -231.8703      -219.5881     22501.2867      -177.3951      -177.3527

WRITING COORDINATES TO DCD FILE MDequil.dcd AT STEP 155000
LDB: ============= START OF LOAD BALANCING ============== 325.363
LDB: ============== END OF LOAD BALANCING =============== 325.363
Info: useSync: 0 useProxySync: 0
LDB: =============== DONE WITH MIGRATION ================ 325.363
LDB: ============= START OF LOAD BALANCING ============== 325.427
LDB: Largest compute 164 load 0.012378 is 23.3% of average load 0.053211
LDB: Average compute 0.003758 is 7.1% of average load 0.053211
LDB: TIME 325.428 LOAD: AVG 0.0532113 MAX 0.0566479  PROXIES: TOTAL 24 MAXPE 4 MAXPATCH 6 None MEM: 0.457216 MB
LDB: TIME 325.428 LOAD: AVG 0.0532113 MAX 0.0566479  PROXIES: TOTAL 28 MAXPE 4 MAXPATCH 8 RefineTorusLB MEM: 0.457216 MB
LDB: TIME 325.428 LOAD: AVG 0.0532113 MAX 0.0566479  PROXIES: TOTAL 28 MAXPE 4 MAXPATCH 8 RefineTorusLB MEM: 0.457216 MB
LDB: ============== END OF LOAD BALANCING =============== 325.428
Info: useSync: 0 useProxySync: 0
LDB: =============== DONE WITH MIGRATION ================ 325.428
LDB: ============= START OF LOAD BALANCING ============== 327.931
LDB: ============== END OF LOAD BALANCING =============== 327.931
Info: useSync: 0 useProxySync: 0
LDB: =============== DONE WITH MIGRATION ================ 327.931
LDB: ============= START OF LOAD BALANCING ============== 327.995
LDB: Largest compute 164 load 0.012747 is 23.7% of average load 0.053866
LDB: Average compute 0.003803 is 7.1% of average load 0.053866
LDB: TIME 327.995 LOAD: AVG 0.0538655 MAX 0.056847  PROXIES: TOTAL 24 MAXPE 4 MAXPATCH 6 None MEM: 0.457216 MB
LDB: TIME 327.995 LOAD: AVG 0.0538655 MAX 0.056847  PROXIES: TOTAL 28 MAXPE 4 MAXPATCH 8 RefineTorusLB MEM: 0.457216 MB
LDB: TIME 327.995 LOAD: AVG 0.0538655 MAX 0.056847  PROXIES: TOTAL 28 MAXPE 4 MAXPATCH 8 RefineTorusLB MEM: 0.457216 MB
LDB: ============== END OF LOAD BALANCING =============== 327.995
Info: useSync: 0 useProxySync: 0
LDB: =============== DONE WITH MIGRATION ================ 327.995
WRITING COORDINATES TO DCD FILE MDequil.dcd AT STEP 160000
PRESSURE: 160000 -298.594 -48.8012 -744.714 346.604 -45.6902 -189.803 -511.3 36.0653 -16.6253
GPRESSURE: 160000 -193.556 214.256 -614.665 149.644 -64.5464 21.6864 -641.835 -151.623 -69.4795
PRESSAVG: 160000 -349.805 12.6433 -65.1115 45.6054 -240.122 -96.6083 -3.82431 -3.24191 6.29707
GPRESSAVG: 160000 -349.386 12.7384 -64.6111 46.0334 -240.279 -96.2021 -4.39543 -3.51897 6.28915
ENERGY:  160000         0.0000         0.0000         0.0000         0.0000          -5651.2885       414.4551         0.0000         0.0000       982.7753          -4254.0581       312.2191     -5236.8334     -4250.4994       297.2250           -120.3031      -109.1939     22705.2626      -194.5435      -194.4585

LDB: ============= START OF LOAD BALANCING ============== 330.495
LDB: ============== END OF LOAD BALANCING =============== 330.495
Info: useSync: 0 useProxySync: 0
LDB: =============== DONE WITH MIGRATION ================ 330.495
LDB: ============= START OF LOAD BALANCING ============== 330.56
LDB: Largest compute 52 load 0.013492 is 25.3% of average load 0.053429
LDB: Average compute 0.003777 is 7.1% of average load 0.053429
LDB: TIME 330.56 LOAD: AVG 0.0534288 MAX 0.0576383  PROXIES: TOTAL 24 MAXPE 4 MAXPATCH 6 None MEM: 0.457216 MB
LDB: TIME 330.56 LOAD: AVG 0.0534288 MAX 0.0576383  PROXIES: TOTAL 28 MAXPE 4 MAXPATCH 8 RefineTorusLB MEM: 0.457216 MB
LDB: TIME 330.56 LOAD: AVG 0.0534288 MAX 0.0576383  PROXIES: TOTAL 28 MAXPE 4 MAXPATCH 8 RefineTorusLB MEM: 0.457216 MB
LDB: ============== END OF LOAD BALANCING =============== 330.56
Info: useSync: 0 useProxySync: 0
LDB: =============== DONE WITH MIGRATION ================ 330.56
LDB: ============= START OF LOAD BALANCING ============== 333.074
LDB: ============== END OF LOAD BALANCING =============== 333.074
Info: useSync: 0 useProxySync: 0
LDB: =============== DONE WITH MIGRATION ================ 333.074
LDB: ============= START OF LOAD BALANCING ============== 333.139
LDB: Largest compute 52 load 0.012185 is 22.7% of average load 0.053797
LDB: Average compute 0.003801 is 7.1% of average load 0.053797
LDB: TIME 333.139 LOAD: AVG 0.053797 MAX 0.0568132  PROXIES: TOTAL 24 MAXPE 4 MAXPATCH 6 None MEM: 0.457216 MB
LDB: TIME 333.139 LOAD: AVG 0.053797 MAX 0.0568132  PROXIES: TOTAL 28 MAXPE 4 MAXPATCH 8 RefineTorusLB MEM: 0.457216 MB
LDB: TIME 333.139 LOAD: AVG 0.053797 MAX 0.0568132  PROXIES: TOTAL 28 MAXPE 4 MAXPATCH 8 RefineTorusLB MEM: 0.457216 MB
LDB: ============== END OF LOAD BALANCING =============== 333.139
Info: useSync: 0 useProxySync: 0
LDB: =============== DONE WITH MIGRATION ================ 333.139
LDB: ============= START OF LOAD BALANCING ============== 335.639
LDB: ============== END OF LOAD BALANCING =============== 335.639
Info: useSync: 0 useProxySync: 0
LDB: =============== DONE WITH MIGRATION ================ 335.653
LDB: ============= START OF LOAD BALANCING ============== 335.716
LDB: Largest compute 140 load 0.012375 is 23.8% of average load 0.051930
LDB: Average compute 0.003659 is 7.0% of average load 0.051930
LDB: TIME 335.716 LOAD: AVG 0.0519299 MAX 0.0574466  PROXIES: TOTAL 24 MAXPE 4 MAXPATCH 6 None MEM: 0.457216 MB
LDB: TIME 335.716 LOAD: AVG 0.0519299 MAX 0.0574466  PROXIES: TOTAL 28 MAXPE 4 MAXPATCH 8 RefineTorusLB MEM: 0.457216 MB
LDB: TIME 335.716 LOAD: AVG 0.0519299 MAX 0.0552848  PROXIES: TOTAL 28 MAXPE 4 MAXPATCH 8 RefineTorusLB MEM: 0.457216 MB
LDB: ============== END OF LOAD BALANCING =============== 335.716
Info: useSync: 0 useProxySync: 0
LDB: =============== DONE WITH MIGRATION ================ 335.716
WRITING COORDINATES TO DCD FILE MDequil.dcd AT STEP 165000
PRESSURE: 165000 86.4766 -167.722 215.762 10.0108 -1222.99 897.481 -77.7244 552.199 -56.6209
GPRESSURE: 165000 81.9455 -248.21 327.873 -17.6786 -1232 898.069 -235.136 361.306 52.8992
PRESSAVG: 165000 -278.668 47.3212 30.6555 34.8387 -434.364 -34.8194 19.5896 -9.31514 10.5051
GPRESSAVG: 165000 -278.628 47.4785 30.9391 34.5521 -434.403 -34.9483 19.688 -9.73542 10.4178
ENERGY:  165000         0.0000         0.0000         0.0000         0.0000          -5581.4315       390.4463         0.0000         0.0000       942.8807          -4248.1046       299.5449     -5190.9853     -4247.0857       302.3487           -397.7125      -365.7178     23086.8329      -234.1757      -234.2042

LDB: ============= START OF LOAD BALANCING ============== 338.206
LDB: ============== END OF LOAD BALANCING =============== 338.206
Info: useSync: 0 useProxySync: 0
LDB: =============== DONE WITH MIGRATION ================ 338.23
LDB: ============= START OF LOAD BALANCING ============== 338.291
LDB: Largest compute 140 load 0.012840 is 24.9% of average load 0.051659
LDB: Average compute 0.003646 is 7.1% of average load 0.051659
LDB: TIME 338.291 LOAD: AVG 0.0516591 MAX 0.0544756  PROXIES: TOTAL 24 MAXPE 4 MAXPATCH 6 None MEM: 0.457216 MB
LDB: TIME 338.291 LOAD: AVG 0.0516591 MAX 0.0544756  PROXIES: TOTAL 28 MAXPE 4 MAXPATCH 8 RefineTorusLB MEM: 0.457216 MB
LDB: TIME 338.291 LOAD: AVG 0.0516591 MAX 0.0544756  PROXIES: TOTAL 28 MAXPE 4 MAXPATCH 8 RefineTorusLB MEM: 0.457216 MB
LDB: ============== END OF LOAD BALANCING =============== 338.291
Info: useSync: 0 useProxySync: 0
LDB: =============== DONE WITH MIGRATION ================ 338.292
LDB: ============= START OF LOAD BALANCING ============== 340.797
LDB: ============== END OF LOAD BALANCING =============== 340.797
Info: useSync: 0 useProxySync: 0
LDB: =============== DONE WITH MIGRATION ================ 340.797
LDB: ============= START OF LOAD BALANCING ============== 340.86
LDB: Largest compute 52 load 0.013183 is 24.7% of average load 0.053417
LDB: Average compute 0.003772 is 7.1% of average load 0.053417
LDB: TIME 340.86 LOAD: AVG 0.0534171 MAX 0.055744  PROXIES: TOTAL 24 MAXPE 4 MAXPATCH 6 None MEM: 0.457216 MB
LDB: TIME 340.86 LOAD: AVG 0.0534171 MAX 0.055744  PROXIES: TOTAL 28 MAXPE 4 MAXPATCH 8 RefineTorusLB MEM: 0.457216 MB
LDB: TIME 340.86 LOAD: AVG 0.0534171 MAX 0.055744  PROXIES: TOTAL 28 MAXPE 4 MAXPATCH 8 RefineTorusLB MEM: 0.457216 MB
LDB: ============== END OF LOAD BALANCING =============== 340.861
Info: useSync: 0 useProxySync: 0
LDB: =============== DONE WITH MIGRATION ================ 340.861
WRITING COORDINATES TO DCD FILE MDequil.dcd AT STEP 170000
PRESSURE: 170000 -933.349 29.3347 315.071 475.049 -85.8493 -119.302 410.958 122.847 454.529
GPRESSURE: 170000 -866.116 55.4596 507.136 468.334 -221.105 -397.45 509.877 369.335 539.455
PRESSAVG: 170000 -333.005 -42.5072 43.9728 29.8371 -393.449 -2.26555 37.3299 36.1091 12.6224
GPRESSAVG: 170000 -332.906 -42.7155 43.5775 29.814 -393.399 -2.77216 37.6384 36.2189 12.6473
ENERGY:  170000         0.0000         0.0000         0.0000         0.0000          -5612.0969       411.0136         0.0000         0.0000       981.0395          -4220.0438       311.6676     -5201.0833     -4217.4368       302.2328           -188.2231      -182.5885     22801.1664      -237.9439      -237.8858

LDB: ============= START OF LOAD BALANCING ============== 343.429
LDB: ============== END OF LOAD BALANCING =============== 343.429
Info: useSync: 0 useProxySync: 0
LDB: =============== DONE WITH MIGRATION ================ 343.43
LDB: ============= START OF LOAD BALANCING ============== 343.493
LDB: Largest compute 164 load 0.011736 is 22.2% of average load 0.052932
LDB: Average compute 0.003737 is 7.1% of average load 0.052932
LDB: TIME 343.493 LOAD: AVG 0.052932 MAX 0.0563287  PROXIES: TOTAL 24 MAXPE 4 MAXPATCH 6 None MEM: 0.457216 MB
LDB: TIME 343.493 LOAD: AVG 0.052932 MAX 0.0563287  PROXIES: TOTAL 28 MAXPE 4 MAXPATCH 8 RefineTorusLB MEM: 0.457216 MB
LDB: TIME 343.493 LOAD: AVG 0.052932 MAX 0.0563287  PROXIES: TOTAL 28 MAXPE 4 MAXPATCH 8 RefineTorusLB MEM: 0.457216 MB
LDB: ============== END OF LOAD BALANCING =============== 343.493
Info: useSync: 0 useProxySync: 0
LDB: =============== DONE WITH MIGRATION ================ 343.494
LDB: ============= START OF LOAD BALANCING ============== 345.994
LDB: ============== END OF LOAD BALANCING =============== 345.994
Info: useSync: 0 useProxySync: 0
LDB: =============== DONE WITH MIGRATION ================ 345.994
LDB: ============= START OF LOAD BALANCING ============== 346.058
LDB: Largest compute 52 load 0.013056 is 24.9% of average load 0.052442
LDB: Average compute 0.003692 is 7.0% of average load 0.052442
LDB: TIME 346.058 LOAD: AVG 0.0524425 MAX 0.056841  PROXIES: TOTAL 24 MAXPE 4 MAXPATCH 6 None MEM: 0.457216 MB
LDB: TIME 346.058 LOAD: AVG 0.0524425 MAX 0.056841  PROXIES: TOTAL 28 MAXPE 4 MAXPATCH 8 RefineTorusLB MEM: 0.457216 MB
LDB: TIME 346.058 LOAD: AVG 0.0524425 MAX 0.056841  PROXIES: TOTAL 28 MAXPE 4 MAXPATCH 8 RefineTorusLB MEM: 0.457216 MB
LDB: ============== END OF LOAD BALANCING =============== 346.058
Info: useSync: 0 useProxySync: 0
LDB: =============== DONE WITH MIGRATION ================ 346.058
LDB: ============= START OF LOAD BALANCING ============== 348.55
LDB: ============== END OF LOAD BALANCING =============== 348.55
Info: useSync: 0 useProxySync: 0
LDB: =============== DONE WITH MIGRATION ================ 348.55
LDB: ============= START OF LOAD BALANCING ============== 348.614
LDB: Largest compute 164 load 0.012720 is 23.6% of average load 0.053813
LDB: Average compute 0.003798 is 7.1% of average load 0.053813
LDB: TIME 348.615 LOAD: AVG 0.0538132 MAX 0.0581525  PROXIES: TOTAL 24 MAXPE 4 MAXPATCH 6 None MEM: 0.457216 MB
LDB: TIME 348.615 LOAD: AVG 0.0538132 MAX 0.0581525  PROXIES: TOTAL 28 MAXPE 4 MAXPATCH 8 RefineTorusLB MEM: 0.457216 MB
LDB: TIME 348.615 LOAD: AVG 0.0538132 MAX 0.0581525  PROXIES: TOTAL 28 MAXPE 4 MAXPATCH 8 RefineTorusLB MEM: 0.457216 MB
LDB: ============== END OF LOAD BALANCING =============== 348.615
Info: useSync: 0 useProxySync: 0
LDB: =============== DONE WITH MIGRATION ================ 348.615
WRITING COORDINATES TO DCD FILE MDequil.dcd AT STEP 175000
PRESSURE: 175000 -399.252 -163.896 414.969 -133.805 -438.075 377.403 354.309 47.9045 -807.333
GPRESSURE: 175000 -322.088 -53.5959 564.505 -29.164 -688.667 337.423 381.364 -97.8156 -614.012
PRESSAVG: 175000 -372.394 15.7462 -57.5183 -27.5031 -431.472 -29.6411 -89.8243 10.3832 30.0819
GPRESSAVG: 175000 -372.61 15.959 -57.0553 -27.0492 -431.546 -29.2234 -89.6915 10.6579 30.2727
ENERGY:  175000         0.0000         0.0000         0.0000         0.0000          -5526.7457       350.6402         0.0000         0.0000       957.1879          -4218.9176       304.0902     -5176.1055     -4215.4930       302.0284           -548.2202      -541.5890     22655.5857      -257.9279      -257.9608

LDB: ============= START OF LOAD BALANCING ============== 351.189
LDB: ============== END OF LOAD BALANCING =============== 351.189
Info: useSync: 0 useProxySync: 0
LDB: =============== DONE WITH MIGRATION ================ 351.189
LDB: ============= START OF LOAD BALANCING ============== 351.254
LDB: Largest compute 140 load 0.013119 is 24.7% of average load 0.053079
LDB: Average compute 0.003743 is 7.1% of average load 0.053079
LDB: TIME 351.254 LOAD: AVG 0.0530795 MAX 0.0579586  PROXIES: TOTAL 24 MAXPE 4 MAXPATCH 6 None MEM: 0.457216 MB
LDB: TIME 351.254 LOAD: AVG 0.0530795 MAX 0.0579586  PROXIES: TOTAL 28 MAXPE 4 MAXPATCH 8 RefineTorusLB MEM: 0.457216 MB
LDB: TIME 351.254 LOAD: AVG 0.0530795 MAX 0.0563132  PROXIES: TOTAL 28 MAXPE 4 MAXPATCH 8 RefineTorusLB MEM: 0.457216 MB
LDB: ============== END OF LOAD BALANCING =============== 351.254
Info: useSync: 0 useProxySync: 0
LDB: =============== DONE WITH MIGRATION ================ 351.254
LDB: ============= START OF LOAD BALANCING ============== 353.762
LDB: ============== END OF LOAD BALANCING =============== 353.762
Info: useSync: 0 useProxySync: 0
LDB: =============== DONE WITH MIGRATION ================ 353.762
LDB: ============= START OF LOAD BALANCING ============== 353.826
LDB: Largest compute 140 load 0.013728 is 25.3% of average load 0.054170
LDB: Average compute 0.003826 is 7.1% of average load 0.054170
LDB: TIME 353.827 LOAD: AVG 0.0541704 MAX 0.0580601  PROXIES: TOTAL 24 MAXPE 4 MAXPATCH 6 None MEM: 0.457216 MB
LDB: TIME 353.827 LOAD: AVG 0.0541704 MAX 0.0580601  PROXIES: TOTAL 28 MAXPE 4 MAXPATCH 8 RefineTorusLB MEM: 0.457216 MB
LDB: TIME 353.827 LOAD: AVG 0.0541704 MAX 0.0580601  PROXIES: TOTAL 28 MAXPE 4 MAXPATCH 8 RefineTorusLB MEM: 0.457216 MB
LDB: ============== END OF LOAD BALANCING =============== 353.827
Info: useSync: 0 useProxySync: 0
LDB: =============== DONE WITH MIGRATION ================ 353.837
WRITING COORDINATES TO DCD FILE MDequil.dcd AT STEP 180000
PRESSURE: 180000 -1186.67 -266.763 51.4097 -281.933 -881.009 471.347 -42.2849 -159.686 357.392
GPRESSURE: 180000 -1106.54 -126.545 88.9154 -185.155 -930.163 880.126 -143.239 -447.028 398.288
PRESSAVG: 180000 -417.829 -28.9993 -41.8936 -41.0019 -297.383 26.6775 -13.6011 28.7659 27.8458
GPRESSAVG: 180000 -417.571 -28.2972 -42.3787 -41.0474 -297.166 26.396 -13.4615 28.6411 27.5181
ENERGY:  180000         0.0000         0.0000         0.0000         0.0000          -5523.4084       359.1723         0.0000         0.0000       955.4505          -4208.7856       303.5382     -5164.2360     -4206.5162       306.7589           -570.0954      -546.1394     23039.2587      -229.1219      -229.0729

LDB: ============= START OF LOAD BALANCING ============== 356.33
LDB: ============== END OF LOAD BALANCING =============== 356.331
Info: useSync: 0 useProxySync: 0
LDB: =============== DONE WITH MIGRATION ================ 356.331
LDB: ============= START OF LOAD BALANCING ============== 356.395
LDB: Largest compute 164 load 0.012915 is 24.5% of average load 0.052800
LDB: Average compute 0.003719 is 7.0% of average load 0.052800
LDB: TIME 356.395 LOAD: AVG 0.0528002 MAX 0.0591015  PROXIES: TOTAL 24 MAXPE 4 MAXPATCH 6 None MEM: 0.457216 MB
LDB: TIME 356.395 LOAD: AVG 0.0528002 MAX 0.0591015  PROXIES: TOTAL 28 MAXPE 4 MAXPATCH 8 RefineTorusLB MEM: 0.457216 MB
LDB: TIME 356.395 LOAD: AVG 0.0528002 MAX 0.0561445  PROXIES: TOTAL 28 MAXPE 4 MAXPATCH 8 RefineTorusLB MEM: 0.457216 MB
LDB: ============== END OF LOAD BALANCING =============== 356.395
Info: useSync: 0 useProxySync: 0
LDB: =============== DONE WITH MIGRATION ================ 356.395
LDB: ============= START OF LOAD BALANCING ============== 358.885
LDB: ============== END OF LOAD BALANCING =============== 358.885
Info: useSync: 0 useProxySync: 0
LDB: =============== DONE WITH MIGRATION ================ 358.885
LDB: ============= START OF LOAD BALANCING ============== 358.948
LDB: Largest compute 52 load 0.013165 is 24.6% of average load 0.053589
LDB: Average compute 0.003777 is 7.0% of average load 0.053589
LDB: TIME 358.948 LOAD: AVG 0.0535894 MAX 0.0566777  PROXIES: TOTAL 24 MAXPE 4 MAXPATCH 6 None MEM: 0.457216 MB
LDB: TIME 358.948 LOAD: AVG 0.0535894 MAX 0.0566777  PROXIES: TOTAL 28 MAXPE 4 MAXPATCH 8 RefineTorusLB MEM: 0.457216 MB
LDB: TIME 358.948 LOAD: AVG 0.0535894 MAX 0.0566777  PROXIES: TOTAL 28 MAXPE 4 MAXPATCH 8 RefineTorusLB MEM: 0.457216 MB
LDB: ============== END OF LOAD BALANCING =============== 358.949
Info: useSync: 0 useProxySync: 0
LDB: =============== DONE WITH MIGRATION ================ 358.959
LDB: ============= START OF LOAD BALANCING ============== 361.439
LDB: ============== END OF LOAD BALANCING =============== 361.439
Info: useSync: 0 useProxySync: 0
LDB: =============== DONE WITH MIGRATION ================ 361.439
LDB: ============= START OF LOAD BALANCING ============== 361.511
LDB: Largest compute 144 load 0.013001 is 24.9% of average load 0.052132
LDB: Average compute 0.003672 is 7.0% of average load 0.052132
LDB: TIME 361.511 LOAD: AVG 0.052132 MAX 0.058705  PROXIES: TOTAL 24 MAXPE 4 MAXPATCH 6 None MEM: 0.457216 MB
LDB: TIME 361.511 LOAD: AVG 0.052132 MAX 0.058705  PROXIES: TOTAL 28 MAXPE 4 MAXPATCH 8 RefineTorusLB MEM: 0.457216 MB
LDB: TIME 361.511 LOAD: AVG 0.052132 MAX 0.0556411  PROXIES: TOTAL 29 MAXPE 4 MAXPATCH 8 RefineTorusLB MEM: 0.457216 MB
LDB: ============== END OF LOAD BALANCING =============== 361.511
Info: useSync: 0 useProxySync: 0
LDB: =============== DONE WITH MIGRATION ================ 361.511
WRITING COORDINATES TO DCD FILE MDequil.dcd AT STEP 185000
PRESSURE: 185000 -724.175 -54.3151 2.22824 221.405 -462.297 -249.044 43.4949 -335.006 -619.852
GPRESSURE: 185000 -747.556 188.188 209.994 49.7752 -358.17 -463.431 65.4199 -618.217 -641.87
PRESSAVG: 185000 -455.753 -54.6735 -52.8865 -39.7229 -370.317 22.0341 46.4482 -4.50165 -0.639476
GPRESSAVG: 185000 -455.836 -54.819 -52.5621 -39.7556 -370.206 21.7318 46.1615 -4.37465 -0.862601
ENERGY:  185000         0.0000         0.0000         0.0000         0.0000          -5619.6772       385.0169         0.0000         0.0000       915.2389          -4319.4213       290.7634     -5234.6603     -4317.8823       299.4635           -602.1082      -582.5317     22884.1741      -275.5700      -275.6349

LDB: ============= START OF LOAD BALANCING ============== 363.962
LDB: ============== END OF LOAD BALANCING =============== 363.963
Info: useSync: 0 useProxySync: 0
LDB: =============== DONE WITH MIGRATION ================ 363.975
LDB: ============= START OF LOAD BALANCING ============== 364.037
LDB: Largest compute 146 load 0.013216 is 25.1% of average load 0.052644
LDB: Average compute 0.003724 is 7.1% of average load 0.052644
LDB: TIME 364.037 LOAD: AVG 0.052644 MAX 0.0565054  PROXIES: TOTAL 24 MAXPE 4 MAXPATCH 6 None MEM: 0.457216 MB
LDB: TIME 364.037 LOAD: AVG 0.052644 MAX 0.0565054  PROXIES: TOTAL 29 MAXPE 4 MAXPATCH 8 RefineTorusLB MEM: 0.457216 MB
LDB: TIME 364.037 LOAD: AVG 0.052644 MAX 0.0565054  PROXIES: TOTAL 29 MAXPE 4 MAXPATCH 8 RefineTorusLB MEM: 0.457216 MB
LDB: ============== END OF LOAD BALANCING =============== 364.037
Info: useSync: 0 useProxySync: 0
LDB: =============== DONE WITH MIGRATION ================ 364.037
LDB: ============= START OF LOAD BALANCING ============== 366.515
LDB: ============== END OF LOAD BALANCING =============== 366.516
Info: useSync: 0 useProxySync: 0
LDB: =============== DONE WITH MIGRATION ================ 366.516
LDB: ============= START OF LOAD BALANCING ============== 366.579
LDB: Largest compute 164 load 0.013007 is 24.6% of average load 0.052827
LDB: Average compute 0.003736 is 7.1% of average load 0.052827
LDB: TIME 366.579 LOAD: AVG 0.0528268 MAX 0.0579487  PROXIES: TOTAL 24 MAXPE 4 MAXPATCH 6 None MEM: 0.457216 MB
LDB: TIME 366.579 LOAD: AVG 0.0528268 MAX 0.0579487  PROXIES: TOTAL 29 MAXPE 4 MAXPATCH 8 RefineTorusLB MEM: 0.457216 MB
LDB: TIME 366.579 LOAD: AVG 0.0528268 MAX 0.0563375  PROXIES: TOTAL 28 MAXPE 4 MAXPATCH 8 RefineTorusLB MEM: 0.457216 MB
LDB: ============== END OF LOAD BALANCING =============== 366.579
Info: useSync: 0 useProxySync: 0
LDB: =============== DONE WITH MIGRATION ================ 366.579
WRITING COORDINATES TO DCD FILE MDequil.dcd AT STEP 190000
PRESSURE: 190000 -587.609 -143.328 -440.195 626.084 -1065.25 974.345 43.6411 738.041 -130.484
GPRESSURE: 190000 -605.518 84.2835 -350.768 602.409 -1239.03 1130.09 -126.422 671.56 129.574
PRESSAVG: 190000 -454.546 25.027 -27.7438 -26.5099 -415.106 -31.465 -93.9107 -26.7269 -5.06826
GPRESSAVG: 190000 -454.574 24.8941 -28.1168 -26.5468 -415.188 -30.8783 -93.6569 -26.7957 -4.6771
ENERGY:  190000         0.0000         0.0000         0.0000         0.0000          -5545.6687       354.8939         0.0000         0.0000       934.5114          -4256.2634       296.8861     -5190.7748     -4255.7134       299.5767           -594.4490      -571.6591     22847.2029      -291.5734      -291.4794

LDB: ============= START OF LOAD BALANCING ============== 369.03
LDB: ============== END OF LOAD BALANCING =============== 369.03
Info: useSync: 0 useProxySync: 0
LDB: =============== DONE WITH MIGRATION ================ 369.03
LDB: ============= START OF LOAD BALANCING ============== 369.094
LDB: Largest compute 144 load 0.012644 is 23.5% of average load 0.053799
LDB: Average compute 0.003802 is 7.1% of average load 0.053799
LDB: TIME 369.094 LOAD: AVG 0.0537993 MAX 0.0563506  PROXIES: TOTAL 24 MAXPE 4 MAXPATCH 6 None MEM: 0.457216 MB
LDB: TIME 369.094 LOAD: AVG 0.0537993 MAX 0.0563506  PROXIES: TOTAL 28 MAXPE 4 MAXPATCH 8 RefineTorusLB MEM: 0.457216 MB
LDB: TIME 369.094 LOAD: AVG 0.0537993 MAX 0.0563506  PROXIES: TOTAL 28 MAXPE 4 MAXPATCH 8 RefineTorusLB MEM: 0.457216 MB
LDB: ============== END OF LOAD BALANCING =============== 369.094
Info: useSync: 0 useProxySync: 0
LDB: =============== DONE WITH MIGRATION ================ 369.095
LDB: ============= START OF LOAD BALANCING ============== 373.29
LDB: ============== END OF LOAD BALANCING =============== 373.291
Info: useSync: 0 useProxySync: 0
LDB: =============== DONE WITH MIGRATION ================ 373.299
LDB: ============= START OF LOAD BALANCING ============== 373.459
LDB: Largest compute 52 load 0.024848 is 47.3% of average load 0.052552
LDB: Average compute 0.003696 is 7.0% of average load 0.052552
LDB: TIME 373.462 LOAD: AVG 0.0525523 MAX 0.0741208  PROXIES: TOTAL 24 MAXPE 4 MAXPATCH 6 None MEM: 0.457216 MB
LDB: TIME 373.462 LOAD: AVG 0.0525523 MAX 0.0741208  PROXIES: TOTAL 28 MAXPE 4 MAXPATCH 8 RefineTorusLB MEM: 0.457216 MB
LDB: TIME 373.462 LOAD: AVG 0.0525523 MAX 0.0564815  PROXIES: TOTAL 30 MAXPE 4 MAXPATCH 8 RefineTorusLB MEM: 0.457216 MB
LDB: ============== END OF LOAD BALANCING =============== 373.471
Info: useSync: 0 useProxySync: 0
LDB: =============== DONE WITH MIGRATION ================ 373.513
LDB: ============= START OF LOAD BALANCING ============== 386.034
LDB: ============== END OF LOAD BALANCING =============== 386.037
Info: useSync: 0 useProxySync: 0
LDB: =============== DONE WITH MIGRATION ================ 386.056
LDB: ============= START OF LOAD BALANCING ============== 386.279
LDB: Largest compute 52 load 0.012689 is 25.0% of average load 0.050833
LDB: Average compute 0.003468 is 6.8% of average load 0.050833
LDB: TIME 386.287 LOAD: AVG 0.0508328 MAX 0.0583005  PROXIES: TOTAL 24 MAXPE 4 MAXPATCH 6 None MEM: 0.457216 MB
LDB: TIME 386.287 LOAD: AVG 0.0508328 MAX 0.0583005  PROXIES: TOTAL 30 MAXPE 4 MAXPATCH 8 RefineTorusLB MEM: 0.457216 MB
LDB: TIME 386.287 LOAD: AVG 0.0508328 MAX 0.0550695  PROXIES: TOTAL 30 MAXPE 4 MAXPATCH 8 RefineTorusLB MEM: 0.457216 MB
LDB: ============== END OF LOAD BALANCING =============== 386.293
Info: useSync: 0 useProxySync: 0
LDB: =============== DONE WITH MIGRATION ================ 386.316
PRESSURE: 195000 614.592 -41.2579 108.231 80.9474 265.351 -152.368 77.8145 27.4865 -676.937
GPRESSURE: 195000 495.444 7.21772 206.739 122.447 411.531 26.7027 200.165 226.787 -645.048
PRESSAVG: 195000 -305.143 -10.5846 60.8071 -12.1725 -379.151 -38.9234 9.38453 -38.5459 -25.3317
GPRESSAVG: 195000 -305.152 -10.6642 61.1707 -11.875 -379 -38.7123 9.57485 -38.6781 -25.4141
ENERGY:  195000         0.0000         0.0000         0.0000         0.0000          -5631.8093       420.6328         0.0000         0.0000       946.7700          -4264.4065       300.7805     -5211.1765     -4261.4026       298.4254             67.6684        87.3091     22587.1388      -236.5421      -236.5220

WRITING COORDINATES TO DCD FILE MDequil.dcd AT STEP 195000
LDB: ============= START OF LOAD BALANCING ============== 398.071
LDB: ============== END OF LOAD BALANCING =============== 398.075
Info: useSync: 0 useProxySync: 0
LDB: =============== DONE WITH MIGRATION ================ 398.089
LDB: ============= START OF LOAD BALANCING ============== 398.314
LDB: Largest compute 142 load 0.013997 is 28.1% of average load 0.049855
LDB: Average compute 0.003419 is 6.9% of average load 0.049855
LDB: TIME 398.319 LOAD: AVG 0.0498553 MAX 0.0683859  PROXIES: TOTAL 24 MAXPE 4 MAXPATCH 6 None MEM: 0.457216 MB
LDB: TIME 398.319 LOAD: AVG 0.0498553 MAX 0.0683859  PROXIES: TOTAL 30 MAXPE 4 MAXPATCH 8 RefineTorusLB MEM: 0.457216 MB
LDB: TIME 398.319 LOAD: AVG 0.0498553 MAX 0.0543361  PROXIES: TOTAL 30 MAXPE 4 MAXPATCH 8 RefineTorusLB MEM: 0.457216 MB
LDB: ============== END OF LOAD BALANCING =============== 398.325
Info: useSync: 0 useProxySync: 0
LDB: =============== DONE WITH MIGRATION ================ 398.382
LDB: ============= START OF LOAD BALANCING ============== 409.193
LDB: ============== END OF LOAD BALANCING =============== 409.194
Info: useSync: 0 useProxySync: 0
LDB: =============== DONE WITH MIGRATION ================ 409.208
LDB: ============= START OF LOAD BALANCING ============== 409.515
LDB: Largest compute 143 load 0.012119 is 24.8% of average load 0.048846
LDB: Average compute 0.003363 is 6.9% of average load 0.048846
LDB: TIME 409.519 LOAD: AVG 0.0488462 MAX 0.0564078  PROXIES: TOTAL 24 MAXPE 4 MAXPATCH 6 None MEM: 0.457216 MB
LDB: TIME 409.519 LOAD: AVG 0.0488462 MAX 0.0564078  PROXIES: TOTAL 30 MAXPE 4 MAXPATCH 8 RefineTorusLB MEM: 0.457216 MB
LDB: TIME 409.519 LOAD: AVG 0.0488462 MAX 0.0525039  PROXIES: TOTAL 30 MAXPE 4 MAXPATCH 8 RefineTorusLB MEM: 0.457216 MB
LDB: ============== END OF LOAD BALANCING =============== 409.525
Info: useSync: 0 useProxySync: 0
LDB: =============== DONE WITH MIGRATION ================ 409.578
PRESSURE: 200000 -945.47 -778.916 -31.2353 -886.264 -1786.7 -377.435 191.491 -162.425 775.788
GPRESSURE: 200000 -1054.77 -719.296 330.649 -725.824 -1622.23 -385.744 28.6782 -93.165 741.75
PRESSAVG: 200000 -262.611 -11.0847 21.5516 -49.9943 -361.863 -19.3047 2.11317 71.5454 -19.9126
GPRESSAVG: 200000 -262.942 -11.0642 21.5318 -50.1912 -361.621 -19.3871 2.50082 71.3856 -19.8555
TIMING: 200000  CPU: 384.234, 0.00185659/step  Wall: 401.579, 0.00191782/step, 0.159818 hours remaining, 0.457216 MB of memory in use.
PERFORMANCE: 200000  averaging 86.0717 ns/day, 0.00200763 sec/step with standard deviation 0.000669582
ETITLE:      TS           BOND          ANGLE          DIHED          IMPRP               ELECT            VDW       BOUNDARY           MISC        KINETIC               TOTAL           TEMP      POTENTIAL         TOTAL3        TEMPAVG            PRESSURE      GPRESSURE         VOLUME       PRESSAVG      GPRESSAVG

ENERGY:  200000         0.0000         0.0000         0.0000         0.0000          -5544.9996       328.8811         0.0000         0.0000       929.7908          -4286.3276       295.3864     -5216.1184     -4285.2770       299.8740           -652.1271      -645.0833     22498.7439      -214.7955      -214.8062

WRITING EXTENDED SYSTEM TO RESTART FILE AT STEP 200000
WRITING COORDINATES TO DCD FILE MDequil.dcd AT STEP 200000
WRITING COORDINATES TO RESTART FILE AT STEP 200000
FINISHED WRITING RESTART COORDINATES
WRITING VELOCITIES TO RESTART FILE AT STEP 200000
FINISHED WRITING RESTART VELOCITIES
The last velocity output (seq=200000) takes 0.000 seconds, 0.457 MB of memory in use
LDB: ============= START OF LOAD BALANCING ============== 413.514
LDB: ============== END OF LOAD BALANCING =============== 413.514
Info: useSync: 0 useProxySync: 0
LDB: =============== DONE WITH MIGRATION ================ 413.514
LDB: ============= START OF LOAD BALANCING ============== 413.575
LDB: Largest compute 52 load 0.011775 is 24.0% of average load 0.049027
LDB: Average compute 0.003448 is 7.0% of average load 0.049027
LDB: TIME 413.576 LOAD: AVG 0.0490272 MAX 0.055188  PROXIES: TOTAL 24 MAXPE 4 MAXPATCH 6 None MEM: 0.457216 MB
LDB: TIME 413.576 LOAD: AVG 0.0490272 MAX 0.055188  PROXIES: TOTAL 30 MAXPE 4 MAXPATCH 8 RefineTorusLB MEM: 0.457216 MB
LDB: TIME 413.576 LOAD: AVG 0.0490272 MAX 0.0530957  PROXIES: TOTAL 30 MAXPE 4 MAXPATCH 8 RefineTorusLB MEM: 0.457216 MB
LDB: ============== END OF LOAD BALANCING =============== 413.576
Info: useSync: 0 useProxySync: 0
LDB: =============== DONE WITH MIGRATION ================ 413.576
LDB: ============= START OF LOAD BALANCING ============== 415.885
LDB: ============== END OF LOAD BALANCING =============== 415.886
Info: useSync: 0 useProxySync: 0
LDB: =============== DONE WITH MIGRATION ================ 415.898
LDB: ============= START OF LOAD BALANCING ============== 415.956
LDB: Largest compute 164 load 0.011349 is 23.3% of average load 0.048728
LDB: Average compute 0.003421 is 7.0% of average load 0.048728
LDB: TIME 415.956 LOAD: AVG 0.0487285 MAX 0.0529897  PROXIES: TOTAL 24 MAXPE 4 MAXPATCH 6 None MEM: 0.457216 MB
LDB: TIME 415.956 LOAD: AVG 0.0487285 MAX 0.0529897  PROXIES: TOTAL 30 MAXPE 4 MAXPATCH 8 RefineTorusLB MEM: 0.457216 MB
LDB: TIME 415.956 LOAD: AVG 0.0487285 MAX 0.0529897  PROXIES: TOTAL 30 MAXPE 4 MAXPATCH 8 RefineTorusLB MEM: 0.457216 MB
LDB: ============== END OF LOAD BALANCING =============== 415.956
Info: useSync: 0 useProxySync: 0
LDB: =============== DONE WITH MIGRATION ================ 415.956
LDB: ============= START OF LOAD BALANCING ============== 418.294
LDB: ============== END OF LOAD BALANCING =============== 418.294
Info: useSync: 0 useProxySync: 0
LDB: =============== DONE WITH MIGRATION ================ 418.294
LDB: ============= START OF LOAD BALANCING ============== 418.353
LDB: Largest compute 144 load 0.011281 is 22.9% of average load 0.049178
LDB: Average compute 0.003460 is 7.0% of average load 0.049178
LDB: TIME 418.353 LOAD: AVG 0.0491782 MAX 0.0540141  PROXIES: TOTAL 24 MAXPE 4 MAXPATCH 6 None MEM: 0.457216 MB
LDB: TIME 418.353 LOAD: AVG 0.0491782 MAX 0.0540141  PROXIES: TOTAL 30 MAXPE 4 MAXPATCH 8 RefineTorusLB MEM: 0.457216 MB
LDB: TIME 418.353 LOAD: AVG 0.0491782 MAX 0.0535555  PROXIES: TOTAL 30 MAXPE 4 MAXPATCH 8 RefineTorusLB MEM: 0.457216 MB
LDB: ============== END OF LOAD BALANCING =============== 418.353
Info: useSync: 0 useProxySync: 0
LDB: =============== DONE WITH MIGRATION ================ 418.353
WRITING COORDINATES TO DCD FILE MDequil.dcd AT STEP 205000
PRESSURE: 205000 -1370.86 38.0209 268.833 18.5001 -334.368 -183.086 146.292 -207.713 -509.152
GPRESSURE: 205000 -1089.91 -401.359 157.165 -46.4839 -661.222 -328.6 63.174 -116.582 -450.254
PRESSAVG: 205000 -293.389 32.3987 6.7624 9.51988 -294.78 18.9829 -10.1709 7.8913 -2.69205
GPRESSAVG: 205000 -293.532 31.9529 6.6095 9.85965 -294.812 18.6651 -10.164 8.04442 -2.99574
ENERGY:  205000         0.0000         0.0000         0.0000         0.0000          -5510.7730       339.2252         0.0000         0.0000       963.0212          -4208.5266       305.9434     -5171.5478     -4207.4667       298.5562           -738.1279      -733.7967     22694.5647      -196.9535      -197.1133

LDB: ============= START OF LOAD BALANCING ============== 420.828
LDB: ============== END OF LOAD BALANCING =============== 420.828
Info: useSync: 0 useProxySync: 0
LDB: =============== DONE WITH MIGRATION ================ 420.828
LDB: ============= START OF LOAD BALANCING ============== 420.892
LDB: Largest compute 163 load 0.012210 is 23.0% of average load 0.053169
LDB: Average compute 0.003738 is 7.0% of average load 0.053169
LDB: TIME 420.892 LOAD: AVG 0.0531694 MAX 0.0574433  PROXIES: TOTAL 24 MAXPE 4 MAXPATCH 6 None MEM: 0.457216 MB
LDB: TIME 420.892 LOAD: AVG 0.0531694 MAX 0.0574433  PROXIES: TOTAL 30 MAXPE 4 MAXPATCH 8 RefineTorusLB MEM: 0.457216 MB
LDB: TIME 420.892 LOAD: AVG 0.0531694 MAX 0.0574433  PROXIES: TOTAL 30 MAXPE 4 MAXPATCH 8 RefineTorusLB MEM: 0.457216 MB
LDB: ============== END OF LOAD BALANCING =============== 420.892
Info: useSync: 0 useProxySync: 0
LDB: =============== DONE WITH MIGRATION ================ 420.892
LDB: ============= START OF LOAD BALANCING ============== 423.387
LDB: ============== END OF LOAD BALANCING =============== 423.387
Info: useSync: 0 useProxySync: 0
LDB: =============== DONE WITH MIGRATION ================ 423.387
LDB: ============= START OF LOAD BALANCING ============== 423.451
LDB: Largest compute 163 load 0.012165 is 22.8% of average load 0.053341
LDB: Average compute 0.003754 is 7.0% of average load 0.053341
LDB: TIME 423.451 LOAD: AVG 0.0533411 MAX 0.0592502  PROXIES: TOTAL 24 MAXPE 4 MAXPATCH 6 None MEM: 0.457216 MB
LDB: TIME 423.451 LOAD: AVG 0.0533411 MAX 0.0592502  PROXIES: TOTAL 30 MAXPE 4 MAXPATCH 8 RefineTorusLB MEM: 0.457216 MB
LDB: TIME 423.451 LOAD: AVG 0.0533411 MAX 0.057975  PROXIES: TOTAL 30 MAXPE 4 MAXPATCH 8 RefineTorusLB MEM: 0.457216 MB
LDB: ============== END OF LOAD BALANCING =============== 423.451
Info: useSync: 0 useProxySync: 0
LDB: =============== DONE WITH MIGRATION ================ 423.451
PRESSURE: 210000 -357.125 319.435 307.626 632.409 -584.418 -28.5545 802.304 53.6108 -1384.77
GPRESSURE: 210000 -315.116 216.481 324.488 574.469 -474.274 143.32 525.009 15.1979 -1454.58
PRESSAVG: 210000 -337.429 49.2861 53.3754 29.3812 -319.04 -16.7022 36.9582 40.9823 -3.43457
GPRESSAVG: 210000 -337.46 49.4455 53.4783 29.1402 -318.885 -16.3157 36.9398 40.7497 -3.41751
ENERGY:  210000         0.0000         0.0000         0.0000         0.0000          -5658.4949       388.9833         0.0000         0.0000       887.7510          -4381.7606       282.0307     -5269.5116     -4378.4627       293.7522           -775.4389      -747.9902     22726.7039      -219.9679      -219.9211

WRITING COORDINATES TO DCD FILE MDequil.dcd AT STEP 210000
LDB: ============= START OF LOAD BALANCING ============== 425.93
LDB: ============== END OF LOAD BALANCING =============== 425.93
Info: useSync: 0 useProxySync: 0
LDB: =============== DONE WITH MIGRATION ================ 425.93
LDB: ============= START OF LOAD BALANCING ============== 425.994
LDB: Largest compute 52 load 0.012697 is 23.7% of average load 0.053608
LDB: Average compute 0.003775 is 7.0% of average load 0.053608
LDB: TIME 425.994 LOAD: AVG 0.0536081 MAX 0.0577014  PROXIES: TOTAL 24 MAXPE 4 MAXPATCH 6 None MEM: 0.457216 MB
LDB: TIME 425.994 LOAD: AVG 0.0536081 MAX 0.0577014  PROXIES: TOTAL 30 MAXPE 4 MAXPATCH 8 RefineTorusLB MEM: 0.457216 MB
LDB: TIME 425.994 LOAD: AVG 0.0536081 MAX 0.0577014  PROXIES: TOTAL 30 MAXPE 4 MAXPATCH 8 RefineTorusLB MEM: 0.457216 MB
LDB: ============== END OF LOAD BALANCING =============== 425.995
Info: useSync: 0 useProxySync: 0
LDB: =============== DONE WITH MIGRATION ================ 425.995
LDB: ============= START OF LOAD BALANCING ============== 428.502
LDB: ============== END OF LOAD BALANCING =============== 428.502
Info: useSync: 0 useProxySync: 0
LDB: =============== DONE WITH MIGRATION ================ 428.502
LDB: ============= START OF LOAD BALANCING ============== 428.566
LDB: Largest compute 141 load 0.012712 is 23.8% of average load 0.053323
LDB: Average compute 0.003746 is 7.0% of average load 0.053323
LDB: TIME 428.566 LOAD: AVG 0.0533234 MAX 0.0581672  PROXIES: TOTAL 24 MAXPE 4 MAXPATCH 6 None MEM: 0.457216 MB
LDB: TIME 428.566 LOAD: AVG 0.0533234 MAX 0.0581672  PROXIES: TOTAL 30 MAXPE 4 MAXPATCH 8 RefineTorusLB MEM: 0.457216 MB
LDB: TIME 428.566 LOAD: AVG 0.0533234 MAX 0.0581672  PROXIES: TOTAL 30 MAXPE 4 MAXPATCH 8 RefineTorusLB MEM: 0.457216 MB
LDB: ============== END OF LOAD BALANCING =============== 428.567
Info: useSync: 0 useProxySync: 0
LDB: =============== DONE WITH MIGRATION ================ 428.567
LDB: ============= START OF LOAD BALANCING ============== 431.067
LDB: ============== END OF LOAD BALANCING =============== 431.067
Info: useSync: 0 useProxySync: 0
LDB: =============== DONE WITH MIGRATION ================ 431.067
LDB: ============= START OF LOAD BALANCING ============== 431.131
LDB: Largest compute 141 load 0.012860 is 24.2% of average load 0.053098
LDB: Average compute 0.003737 is 7.0% of average load 0.053098
LDB: TIME 431.131 LOAD: AVG 0.0530979 MAX 0.058652  PROXIES: TOTAL 24 MAXPE 4 MAXPATCH 6 None MEM: 0.457216 MB
LDB: TIME 431.131 LOAD: AVG 0.0530979 MAX 0.058652  PROXIES: TOTAL 30 MAXPE 4 MAXPATCH 8 RefineTorusLB MEM: 0.457216 MB
LDB: TIME 431.131 LOAD: AVG 0.0530979 MAX 0.0567873  PROXIES: TOTAL 30 MAXPE 4 MAXPATCH 8 RefineTorusLB MEM: 0.457216 MB
LDB: ============== END OF LOAD BALANCING =============== 431.133
Info: useSync: 0 useProxySync: 0
LDB: =============== DONE WITH MIGRATION ================ 431.133
WRITING COORDINATES TO DCD FILE MDequil.dcd AT STEP 215000
PRESSURE: 215000 974.178 150.801 355.145 -50.8045 -269.215 28.2765 118.99 190.702 193.136
GPRESSURE: 215000 810.491 106.631 223.89 -101.861 -72.7474 215.565 -206.046 264.621 179.899
PRESSAVG: 215000 -336.183 8.85337 -31.469 1.01685 -325.176 18.5323 1.06602 59.7037 -13.0441
GPRESSAVG: 215000 -336.309 8.92933 -31.5804 0.678459 -324.897 18.2463 1.4189 60.0893 -13.0928
ENERGY:  215000         0.0000         0.0000         0.0000         0.0000          -5618.3397       443.8119         0.0000         0.0000       989.9624          -4184.5655       314.5024     -5174.5279     -4183.2022       296.6364            299.3665       305.8810     22836.1939      -224.8010      -224.7663

LDB: ============= START OF LOAD BALANCING ============== 433.624
LDB: ============== END OF LOAD BALANCING =============== 433.627
Info: useSync: 0 useProxySync: 0
LDB: =============== DONE WITH MIGRATION ================ 433.627
LDB: ============= START OF LOAD BALANCING ============== 433.692
LDB: Largest compute 141 load 0.013028 is 23.8% of average load 0.054646
LDB: Average compute 0.003853 is 7.1% of average load 0.054646
LDB: TIME 433.693 LOAD: AVG 0.0546458 MAX 0.0586068  PROXIES: TOTAL 24 MAXPE 4 MAXPATCH 6 None MEM: 0.457216 MB
LDB: TIME 433.693 LOAD: AVG 0.0546458 MAX 0.0586068  PROXIES: TOTAL 30 MAXPE 4 MAXPATCH 8 RefineTorusLB MEM: 0.457216 MB
LDB: TIME 433.693 LOAD: AVG 0.0546458 MAX 0.0586068  PROXIES: TOTAL 30 MAXPE 4 MAXPATCH 8 RefineTorusLB MEM: 0.457216 MB
LDB: ============== END OF LOAD BALANCING =============== 433.693
Info: useSync: 0 useProxySync: 0
LDB: =============== DONE WITH MIGRATION ================ 433.693
LDB: ============= START OF LOAD BALANCING ============== 436.233
LDB: ============== END OF LOAD BALANCING =============== 436.233
Info: useSync: 0 useProxySync: 0
LDB: =============== DONE WITH MIGRATION ================ 436.233
LDB: ============= START OF LOAD BALANCING ============== 436.297
LDB: Largest compute 141 load 0.012431 is 23.1% of average load 0.053869
LDB: Average compute 0.003794 is 7.0% of average load 0.053869
LDB: TIME 436.297 LOAD: AVG 0.0538692 MAX 0.0586621  PROXIES: TOTAL 24 MAXPE 4 MAXPATCH 6 None MEM: 0.457216 MB
LDB: TIME 436.297 LOAD: AVG 0.0538692 MAX 0.0586621  PROXIES: TOTAL 30 MAXPE 4 MAXPATCH 8 RefineTorusLB MEM: 0.457216 MB
LDB: TIME 436.297 LOAD: AVG 0.0538692 MAX 0.0586621  PROXIES: TOTAL 30 MAXPE 4 MAXPATCH 8 RefineTorusLB MEM: 0.457216 MB
LDB: ============== END OF LOAD BALANCING =============== 436.298
Info: useSync: 0 useProxySync: 0
LDB: =============== DONE WITH MIGRATION ================ 436.298
WRITING COORDINATES TO DCD FILE MDequil.dcd AT STEP 220000
PRESSURE: 220000 -225.786 -421.401 -192.518 -723.083 -1293.53 -644.846 -106.439 -191.778 528.332
GPRESSURE: 220000 -103.447 -396.227 -38.0766 -598.74 -1203.49 -697.359 -560.558 -118.063 379.134
PRESSAVG: 220000 -246.3 26.9384 45.1264 25.3185 -292.913 -52.6477 81.5369 -88.4007 0.877528
GPRESSAVG: 220000 -246.143 27.0108 45.2223 25.5636 -293.241 -52.3517 81.2977 -88.7054 0.939378
ENERGY:  220000         0.0000         0.0000         0.0000         0.0000          -5654.1487       387.6979         0.0000         0.0000       892.3929          -4374.0579       283.5054     -5266.4508     -4372.6048       299.6466           -330.3287      -309.2689     22567.9030      -179.4452      -179.4814

LDB: ============= START OF LOAD BALANCING ============== 438.95
LDB: ============== END OF LOAD BALANCING =============== 438.951
Info: useSync: 0 useProxySync: 0
LDB: =============== DONE WITH MIGRATION ================ 438.951
LDB: ============= START OF LOAD BALANCING ============== 439.017
LDB: Largest compute 164 load 0.012503 is 23.1% of average load 0.054223
LDB: Average compute 0.003828 is 7.1% of average load 0.054223
LDB: TIME 439.017 LOAD: AVG 0.0542234 MAX 0.0594837  PROXIES: TOTAL 24 MAXPE 4 MAXPATCH 6 None MEM: 0.457216 MB
LDB: TIME 439.017 LOAD: AVG 0.0542234 MAX 0.0594837  PROXIES: TOTAL 30 MAXPE 4 MAXPATCH 8 RefineTorusLB MEM: 0.457216 MB
LDB: TIME 439.017 LOAD: AVG 0.0542234 MAX 0.0591098  PROXIES: TOTAL 30 MAXPE 4 MAXPATCH 8 RefineTorusLB MEM: 0.457216 MB
LDB: ============== END OF LOAD BALANCING =============== 439.017
Info: useSync: 0 useProxySync: 0
LDB: =============== DONE WITH MIGRATION ================ 439.017
LDB: ============= START OF LOAD BALANCING ============== 441.571
LDB: ============== END OF LOAD BALANCING =============== 441.571
Info: useSync: 0 useProxySync: 0
LDB: =============== DONE WITH MIGRATION ================ 441.571
LDB: ============= START OF LOAD BALANCING ============== 441.638
LDB: Largest compute 142 load 0.012680 is 24.0% of average load 0.052860
LDB: Average compute 0.003721 is 7.0% of average load 0.052860
LDB: TIME 441.638 LOAD: AVG 0.0528596 MAX 0.0593499  PROXIES: TOTAL 24 MAXPE 4 MAXPATCH 6 None MEM: 0.457216 MB
LDB: TIME 441.638 LOAD: AVG 0.0528596 MAX 0.0593499  PROXIES: TOTAL 30 MAXPE 4 MAXPATCH 8 RefineTorusLB MEM: 0.457216 MB
LDB: TIME 441.638 LOAD: AVG 0.0528596 MAX 0.0569781  PROXIES: TOTAL 30 MAXPE 4 MAXPATCH 8 RefineTorusLB MEM: 0.457216 MB
LDB: ============== END OF LOAD BALANCING =============== 441.638
Info: useSync: 0 useProxySync: 0
LDB: =============== DONE WITH MIGRATION ================ 441.639
LDB: ============= START OF LOAD BALANCING ============== 444.279
LDB: ============== END OF LOAD BALANCING =============== 444.28
Info: useSync: 0 useProxySync: 0
LDB: =============== DONE WITH MIGRATION ================ 444.282
LDB: ============= START OF LOAD BALANCING ============== 444.347
LDB: Largest compute 7 load 0.012588 is 23.6% of average load 0.053304
LDB: Average compute 0.003755 is 7.0% of average load 0.053304
LDB: TIME 444.348 LOAD: AVG 0.0533035 MAX 0.0592403  PROXIES: TOTAL 24 MAXPE 4 MAXPATCH 6 None MEM: 0.457216 MB
LDB: TIME 444.348 LOAD: AVG 0.0533035 MAX 0.0592403  PROXIES: TOTAL 30 MAXPE 4 MAXPATCH 8 RefineTorusLB MEM: 0.457216 MB
LDB: TIME 444.348 LOAD: AVG 0.0533035 MAX 0.0574535  PROXIES: TOTAL 30 MAXPE 4 MAXPATCH 8 RefineTorusLB MEM: 0.457216 MB
LDB: ============== END OF LOAD BALANCING =============== 444.348
Info: useSync: 0 useProxySync: 0
LDB: =============== DONE WITH MIGRATION ================ 444.348
PRESSURE: 225000 -658.705 361.569 -329.679 -326.185 -862.173 -215.359 -950.496 327.208 513.151
GPRESSURE: 225000 -506.496 441.462 -249.125 -472.815 -994.467 -160.467 -855.904 -22.0273 521.088
PRESSAVG: 225000 -473.076 -19.0618 -106.463 -19.9982 -354.512 -33.225 -91.1813 -45.6726 3.62955
GPRESSAVG: 225000 -473.313 -18.6347 -106.512 -20.1901 -354.416 -33.5898 -91.0163 -45.8177 3.38261
ENERGY:  225000         0.0000         0.0000         0.0000         0.0000          -5573.4560       380.2435         0.0000         0.0000       908.8458          -4284.3666       288.7323     -5193.2124     -4281.9707       293.6144           -335.9093      -326.6249     22451.7876      -274.6528      -274.7819

WRITING COORDINATES TO DCD FILE MDequil.dcd AT STEP 225000
LDB: ============= START OF LOAD BALANCING ============== 446.922
LDB: ============== END OF LOAD BALANCING =============== 446.922
Info: useSync: 0 useProxySync: 0
LDB: =============== DONE WITH MIGRATION ================ 446.922
LDB: ============= START OF LOAD BALANCING ============== 446.988
LDB: Largest compute 142 load 0.012548 is 23.4% of average load 0.053653
LDB: Average compute 0.003785 is 7.1% of average load 0.053653
LDB: TIME 446.988 LOAD: AVG 0.0536533 MAX 0.0575736  PROXIES: TOTAL 24 MAXPE 4 MAXPATCH 6 None MEM: 0.457216 MB
LDB: TIME 446.988 LOAD: AVG 0.0536533 MAX 0.0575736  PROXIES: TOTAL 30 MAXPE 4 MAXPATCH 8 RefineTorusLB MEM: 0.457216 MB
LDB: TIME 446.988 LOAD: AVG 0.0536533 MAX 0.0575736  PROXIES: TOTAL 30 MAXPE 4 MAXPATCH 8 RefineTorusLB MEM: 0.457216 MB
LDB: ============== END OF LOAD BALANCING =============== 446.989
Info: useSync: 0 useProxySync: 0
LDB: =============== DONE WITH MIGRATION ================ 446.989
LDB: ============= START OF LOAD BALANCING ============== 449.554
LDB: ============== END OF LOAD BALANCING =============== 449.554
Info: useSync: 0 useProxySync: 0
LDB: =============== DONE WITH MIGRATION ================ 449.555
LDB: ============= START OF LOAD BALANCING ============== 449.622
LDB: Largest compute 142 load 0.012312 is 23.3% of average load 0.052839
LDB: Average compute 0.003694 is 7.0% of average load 0.052839
LDB: TIME 449.622 LOAD: AVG 0.0528389 MAX 0.0565441  PROXIES: TOTAL 24 MAXPE 4 MAXPATCH 6 None MEM: 0.457216 MB
LDB: TIME 449.622 LOAD: AVG 0.0528389 MAX 0.0565441  PROXIES: TOTAL 30 MAXPE 4 MAXPATCH 8 RefineTorusLB MEM: 0.457216 MB
LDB: TIME 449.622 LOAD: AVG 0.0528389 MAX 0.0565441  PROXIES: TOTAL 30 MAXPE 4 MAXPATCH 8 RefineTorusLB MEM: 0.457216 MB
LDB: ============== END OF LOAD BALANCING =============== 449.622
Info: useSync: 0 useProxySync: 0
LDB: =============== DONE WITH MIGRATION ================ 449.622
PRESSURE: 230000 615.615 -40.9586 415.658 219.612 -17.7179 -133.27 695.466 -103.091 -306.978
GPRESSURE: 230000 644.591 -144.228 221.413 278.564 -47.9216 -363.606 943.578 185.141 -210.173
PRESSAVG: 230000 -194.576 16.7667 47.2062 -44.5374 -217.357 32.1379 24.5726 60.7093 3.64987
GPRESSAVG: 230000 -194.59 16.8151 47.0688 -44.2688 -217.581 32.3254 24.8189 61.1773 3.75427
ENERGY:  230000         0.0000         0.0000         0.0000         0.0000          -5603.8702       411.5313         0.0000         0.0000       944.2816          -4248.0573       299.9900     -5192.3389     -4246.1706       301.5959             96.9729       128.8320     22556.2332      -136.0944      -136.1389

WRITING COORDINATES TO DCD FILE MDequil.dcd AT STEP 230000
LDB: ============= START OF LOAD BALANCING ============== 452.2
LDB: ============== END OF LOAD BALANCING =============== 452.201
Info: useSync: 0 useProxySync: 0
LDB: =============== DONE WITH MIGRATION ================ 452.201
LDB: ============= START OF LOAD BALANCING ============== 452.267
LDB: Largest compute 142 load 0.012611 is 23.5% of average load 0.053695
LDB: Average compute 0.003778 is 7.0% of average load 0.053695
LDB: TIME 452.268 LOAD: AVG 0.0536949 MAX 0.059379  PROXIES: TOTAL 24 MAXPE 4 MAXPATCH 6 None MEM: 0.457216 MB
LDB: TIME 452.268 LOAD: AVG 0.0536949 MAX 0.059379  PROXIES: TOTAL 30 MAXPE 4 MAXPATCH 8 RefineTorusLB MEM: 0.457216 MB
LDB: TIME 452.268 LOAD: AVG 0.0536949 MAX 0.0579973  PROXIES: TOTAL 30 MAXPE 4 MAXPATCH 8 RefineTorusLB MEM: 0.457216 MB
LDB: ============== END OF LOAD BALANCING =============== 452.268
Info: useSync: 0 useProxySync: 0
LDB: =============== DONE WITH MIGRATION ================ 452.268
LDB: ============= START OF LOAD BALANCING ============== 454.798
LDB: ============== END OF LOAD BALANCING =============== 454.799
Info: useSync: 0 useProxySync: 0
LDB: =============== DONE WITH MIGRATION ================ 454.801
LDB: ============= START OF LOAD BALANCING ============== 454.865
LDB: Largest compute 144 load 0.012362 is 23.7% of average load 0.052171
LDB: Average compute 0.003670 is 7.0% of average load 0.052171
LDB: TIME 454.865 LOAD: AVG 0.0521706 MAX 0.0560785  PROXIES: TOTAL 24 MAXPE 4 MAXPATCH 6 None MEM: 0.457216 MB
LDB: TIME 454.865 LOAD: AVG 0.0521706 MAX 0.0560785  PROXIES: TOTAL 30 MAXPE 4 MAXPATCH 8 RefineTorusLB MEM: 0.457216 MB
LDB: TIME 454.865 LOAD: AVG 0.0521706 MAX 0.0560785  PROXIES: TOTAL 30 MAXPE 4 MAXPATCH 8 RefineTorusLB MEM: 0.457216 MB
LDB: ============== END OF LOAD BALANCING =============== 454.865
Info: useSync: 0 useProxySync: 0
LDB: =============== DONE WITH MIGRATION ================ 454.866
LDB: ============= START OF LOAD BALANCING ============== 457.389
LDB: ============== END OF LOAD BALANCING =============== 457.389
Info: useSync: 0 useProxySync: 0
LDB: =============== DONE WITH MIGRATION ================ 457.389
LDB: ============= START OF LOAD BALANCING ============== 457.453
LDB: Largest compute 164 load 0.012073 is 23.0% of average load 0.052491
LDB: Average compute 0.003695 is 7.0% of average load 0.052491
LDB: TIME 457.453 LOAD: AVG 0.0524911 MAX 0.056742  PROXIES: TOTAL 24 MAXPE 4 MAXPATCH 6 None MEM: 0.457216 MB
LDB: TIME 457.453 LOAD: AVG 0.0524911 MAX 0.056742  PROXIES: TOTAL 30 MAXPE 4 MAXPATCH 8 RefineTorusLB MEM: 0.457216 MB
LDB: TIME 457.453 LOAD: AVG 0.0524911 MAX 0.056742  PROXIES: TOTAL 30 MAXPE 4 MAXPATCH 8 RefineTorusLB MEM: 0.457216 MB
LDB: ============== END OF LOAD BALANCING =============== 457.453
Info: useSync: 0 useProxySync: 0
LDB: =============== DONE WITH MIGRATION ================ 457.454
PRESSURE: 235000 657.618 -318.336 -1038.97 -636.552 -298.383 -175.537 -826.307 -268.628 130.31
GPRESSURE: 235000 782.169 -432.631 -998.285 -731.599 -236.468 -116.645 -607.561 -357.044 1.21069
PRESSAVG: 235000 -356.272 -56.6895 15.5687 13.9894 -344.386 23.8212 -6.10009 33.9293 -12.1787
GPRESSAVG: 235000 -356.274 -56.923 15.9227 14.3894 -344.326 23.7048 -6.74668 34.0013 -12.425
ENERGY:  235000         0.0000         0.0000         0.0000         0.0000          -5690.6815       451.9086         0.0000         0.0000       967.7919          -4270.9810       307.4590     -5238.7730     -4268.5767       300.2065            163.1815       182.3041     22810.0429      -237.6122      -237.6750

WRITING COORDINATES TO DCD FILE MDequil.dcd AT STEP 235000
LDB: ============= START OF LOAD BALANCING ============== 460.012
LDB: ============== END OF LOAD BALANCING =============== 460.012
Info: useSync: 0 useProxySync: 0
LDB: =============== DONE WITH MIGRATION ================ 460.012
LDB: ============= START OF LOAD BALANCING ============== 460.078
LDB: Largest compute 163 load 0.012687 is 23.8% of average load 0.053329
LDB: Average compute 0.003764 is 7.1% of average load 0.053329
LDB: TIME 460.078 LOAD: AVG 0.0533293 MAX 0.0589432  PROXIES: TOTAL 24 MAXPE 4 MAXPATCH 6 None MEM: 0.457216 MB
LDB: TIME 460.078 LOAD: AVG 0.0533293 MAX 0.0589432  PROXIES: TOTAL 30 MAXPE 4 MAXPATCH 8 RefineTorusLB MEM: 0.457216 MB
LDB: TIME 460.078 LOAD: AVG 0.0533293 MAX 0.0572842  PROXIES: TOTAL 30 MAXPE 4 MAXPATCH 8 RefineTorusLB MEM: 0.457216 MB
LDB: ============== END OF LOAD BALANCING =============== 460.078
Info: useSync: 0 useProxySync: 0
LDB: =============== DONE WITH MIGRATION ================ 460.079
LDB: ============= START OF LOAD BALANCING ============== 462.612
LDB: ============== END OF LOAD BALANCING =============== 462.612
Info: useSync: 0 useProxySync: 0
LDB: =============== DONE WITH MIGRATION ================ 462.612
LDB: ============= START OF LOAD BALANCING ============== 462.676
LDB: Largest compute 144 load 0.012034 is 22.8% of average load 0.052749
LDB: Average compute 0.003707 is 7.0% of average load 0.052749
LDB: TIME 462.676 LOAD: AVG 0.052749 MAX 0.0586924  PROXIES: TOTAL 24 MAXPE 4 MAXPATCH 6 None MEM: 0.457216 MB
LDB: TIME 462.676 LOAD: AVG 0.052749 MAX 0.0586924  PROXIES: TOTAL 30 MAXPE 4 MAXPATCH 8 RefineTorusLB MEM: 0.457216 MB
LDB: TIME 462.676 LOAD: AVG 0.052749 MAX 0.0568852  PROXIES: TOTAL 30 MAXPE 4 MAXPATCH 8 RefineTorusLB MEM: 0.457216 MB
LDB: ============== END OF LOAD BALANCING =============== 462.676
Info: useSync: 0 useProxySync: 0
LDB: =============== DONE WITH MIGRATION ================ 462.676
WRITING COORDINATES TO DCD FILE MDequil.dcd AT STEP 240000
PRESSURE: 240000 -773.013 -227.545 74.5143 -223.768 347.542 122.146 -226.465 255.511 80.6844
GPRESSURE: 240000 -824.332 -343.462 -161.371 -153.826 429.269 89.1185 -34.2208 432.195 103.468
PRESSAVG: 240000 -186.654 -27.4634 43.4138 -44.0434 -235.93 17.7431 32.5646 28.6128 5.82084
GPRESSAVG: 240000 -186.552 -27.3375 43.2836 -44.0497 -236.417 18.1338 32.7878 28.4237 5.8127
ENERGY:  240000         0.0000         0.0000         0.0000         0.0000          -5675.2037       421.3930         0.0000         0.0000       953.6188          -4300.1920       302.9563     -5253.8108     -4297.9978       298.9436           -114.9287       -97.1982     22657.5243      -138.9211      -139.0521

LDB: ============= START OF LOAD BALANCING ============== 465.221
LDB: ============== END OF LOAD BALANCING =============== 465.221
Info: useSync: 0 useProxySync: 0
LDB: =============== DONE WITH MIGRATION ================ 465.221
LDB: ============= START OF LOAD BALANCING ============== 465.287
LDB: Largest compute 7 load 0.012543 is 23.3% of average load 0.053907
LDB: Average compute 0.003801 is 7.1% of average load 0.053907
LDB: TIME 465.287 LOAD: AVG 0.0539073 MAX 0.0586331  PROXIES: TOTAL 24 MAXPE 4 MAXPATCH 6 None MEM: 0.457216 MB
LDB: TIME 465.288 LOAD: AVG 0.0539073 MAX 0.0586331  PROXIES: TOTAL 30 MAXPE 4 MAXPATCH 8 RefineTorusLB MEM: 0.457216 MB
LDB: TIME 465.288 LOAD: AVG 0.0539073 MAX 0.0586331  PROXIES: TOTAL 30 MAXPE 4 MAXPATCH 8 RefineTorusLB MEM: 0.457216 MB
LDB: ============== END OF LOAD BALANCING =============== 465.288
Info: useSync: 0 useProxySync: 0
LDB: =============== DONE WITH MIGRATION ================ 465.288
LDB: ============= START OF LOAD BALANCING ============== 467.835
LDB: ============== END OF LOAD BALANCING =============== 467.835
Info: useSync: 0 useProxySync: 0
LDB: =============== DONE WITH MIGRATION ================ 467.835
LDB: ============= START OF LOAD BALANCING ============== 467.9
LDB: Largest compute 142 load 0.012040 is 22.8% of average load 0.052833
LDB: Average compute 0.003722 is 7.0% of average load 0.052833
LDB: TIME 467.9 LOAD: AVG 0.0528325 MAX 0.0574965  PROXIES: TOTAL 24 MAXPE 4 MAXPATCH 6 None MEM: 0.457216 MB
LDB: TIME 467.9 LOAD: AVG 0.0528325 MAX 0.0574965  PROXIES: TOTAL 30 MAXPE 4 MAXPATCH 8 RefineTorusLB MEM: 0.457216 MB
LDB: TIME 467.9 LOAD: AVG 0.0528325 MAX 0.0574965  PROXIES: TOTAL 30 MAXPE 4 MAXPATCH 8 RefineTorusLB MEM: 0.457216 MB
LDB: ============== END OF LOAD BALANCING =============== 467.9
Info: useSync: 0 useProxySync: 0
LDB: =============== DONE WITH MIGRATION ================ 467.9
LDB: ============= START OF LOAD BALANCING ============== 470.528
LDB: ============== END OF LOAD BALANCING =============== 470.531
Info: useSync: 0 useProxySync: 0
LDB: =============== DONE WITH MIGRATION ================ 470.531
LDB: ============= START OF LOAD BALANCING ============== 470.597
LDB: Largest compute 163 load 0.012105 is 22.7% of average load 0.053226
LDB: Average compute 0.003749 is 7.0% of average load 0.053226
LDB: TIME 470.597 LOAD: AVG 0.0532263 MAX 0.0581954  PROXIES: TOTAL 24 MAXPE 4 MAXPATCH 6 None MEM: 0.457216 MB
LDB: TIME 470.597 LOAD: AVG 0.0532263 MAX 0.0581954  PROXIES: TOTAL 30 MAXPE 4 MAXPATCH 8 RefineTorusLB MEM: 0.457216 MB
LDB: TIME 470.597 LOAD: AVG 0.0532263 MAX 0.0575904  PROXIES: TOTAL 30 MAXPE 4 MAXPATCH 8 RefineTorusLB MEM: 0.457216 MB
LDB: ============== END OF LOAD BALANCING =============== 470.597
Info: useSync: 0 useProxySync: 0
LDB: =============== DONE WITH MIGRATION ================ 470.597
PRESSURE: 245000 -1500.45 -13.5829 491.51 -51.2435 -317.444 179.716 49.3062 265.459 -193.978
GPRESSURE: 245000 -1398.11 190.624 366.91 -504.865 -222.858 189.39 166.056 74.4173 -355.745
PRESSAVG: 245000 -419.513 73.8009 37.6276 46.5 -323.52 -50.2928 -0.0790072 -108.127 14.3483
GPRESSAVG: 245000 -419.461 73.8563 37.5587 46.0066 -323.572 -50.2388 0.0945733 -108.082 13.9548
ENERGY:  245000         0.0000         0.0000         0.0000         0.0000          -5550.5621       338.0738         0.0000         0.0000       946.8302          -4265.6581       300.7996     -5212.4883     -4264.6586       298.2233           -670.6227      -658.9041     22505.1184      -242.8952      -243.0262

WRITING COORDINATES TO DCD FILE MDequil.dcd AT STEP 245000
LDB: ============= START OF LOAD BALANCING ============== 473.129
LDB: ============== END OF LOAD BALANCING =============== 473.129
Info: useSync: 0 useProxySync: 0
LDB: =============== DONE WITH MIGRATION ================ 473.129
LDB: ============= START OF LOAD BALANCING ============== 473.193
LDB: Largest compute 164 load 0.012551 is 23.5% of average load 0.053327
LDB: Average compute 0.003760 is 7.1% of average load 0.053327
LDB: TIME 473.193 LOAD: AVG 0.0533272 MAX 0.0573515  PROXIES: TOTAL 24 MAXPE 4 MAXPATCH 6 None MEM: 0.457216 MB
LDB: TIME 473.194 LOAD: AVG 0.0533272 MAX 0.0573515  PROXIES: TOTAL 30 MAXPE 4 MAXPATCH 8 RefineTorusLB MEM: 0.457216 MB
LDB: TIME 473.194 LOAD: AVG 0.0533272 MAX 0.0573515  PROXIES: TOTAL 30 MAXPE 4 MAXPATCH 8 RefineTorusLB MEM: 0.457216 MB
LDB: ============== END OF LOAD BALANCING =============== 473.194
Info: useSync: 0 useProxySync: 0
LDB: =============== DONE WITH MIGRATION ================ 473.194
LDB: ============= START OF LOAD BALANCING ============== 475.712
LDB: ============== END OF LOAD BALANCING =============== 475.712
Info: useSync: 0 useProxySync: 0
LDB: =============== DONE WITH MIGRATION ================ 475.712
LDB: ============= START OF LOAD BALANCING ============== 475.777
LDB: Largest compute 163 load 0.012157 is 22.5% of average load 0.054034
LDB: Average compute 0.003810 is 7.1% of average load 0.054034
LDB: TIME 475.777 LOAD: AVG 0.0540338 MAX 0.0575859  PROXIES: TOTAL 24 MAXPE 4 MAXPATCH 6 None MEM: 0.457216 MB
LDB: TIME 475.777 LOAD: AVG 0.0540338 MAX 0.0575859  PROXIES: TOTAL 30 MAXPE 4 MAXPATCH 8 RefineTorusLB MEM: 0.457216 MB
LDB: TIME 475.777 LOAD: AVG 0.0540338 MAX 0.0575859  PROXIES: TOTAL 30 MAXPE 4 MAXPATCH 8 RefineTorusLB MEM: 0.457216 MB
LDB: ============== END OF LOAD BALANCING =============== 475.777
Info: useSync: 0 useProxySync: 0
LDB: =============== DONE WITH MIGRATION ================ 475.778
PRESSURE: 250000 -1145.97 182.036 106.734 -269.184 -245.51 281.465 -325.034 23.0729 -150.699
GPRESSURE: 250000 -1022.83 -96.3882 76.3314 -163.745 -333.134 108.739 -405.404 325.452 -114.628
PRESSAVG: 250000 -432.679 4.86652 -2.87193 40.1222 -344.656 -40.0678 16.9138 -44.7476 -2.55701
GPRESSAVG: 250000 -433.066 4.68581 -2.6978 40.0394 -344.706 -40.2166 16.9631 -44.7419 -2.29681
TIMING: 250000  CPU: 448.817, 0.00129166/step  Wall: 466.397, 0.00129635/step, 0.0900245 hours remaining, 0.457216 MB of memory in use.
PERFORMANCE: 250000  averaging 92.6356 ns/day, 0.00186537 sec/step with standard deviation 0.00066139
ETITLE:      TS           BOND          ANGLE          DIHED          IMPRP               ELECT            VDW       BOUNDARY           MISC        KINETIC               TOTAL           TEMP      POTENTIAL         TOTAL3        TEMPAVG            PRESSURE      GPRESSURE         VOLUME       PRESSAVG      GPRESSAVG

ENERGY:  250000         0.0000         0.0000         0.0000         0.0000          -5527.8521       360.8456         0.0000         0.0000       927.8007          -4239.2058       294.7541     -5167.0065     -4237.2200       299.9112           -514.0605      -490.1965     22721.7950      -259.9639      -260.0231

WRITING EXTENDED SYSTEM TO RESTART FILE AT STEP 250000
WRITING COORDINATES TO DCD FILE MDequil.dcd AT STEP 250000
WRITING COORDINATES TO RESTART FILE AT STEP 250000
FINISHED WRITING RESTART COORDINATES
WRITING VELOCITIES TO RESTART FILE AT STEP 250000
FINISHED WRITING RESTART VELOCITIES
The last velocity output (seq=250000) takes 0.000 seconds, 0.457 MB of memory in use
LDB: ============= START OF LOAD BALANCING ============== 478.328
LDB: ============== END OF LOAD BALANCING =============== 478.328
Info: useSync: 0 useProxySync: 0
LDB: =============== DONE WITH MIGRATION ================ 478.329
LDB: ============= START OF LOAD BALANCING ============== 478.394
LDB: Largest compute 164 load 0.012154 is 23.0% of average load 0.052878
LDB: Average compute 0.003720 is 7.0% of average load 0.052878
LDB: TIME 478.394 LOAD: AVG 0.0528778 MAX 0.0579551  PROXIES: TOTAL 24 MAXPE 4 MAXPATCH 6 None MEM: 0.457216 MB
LDB: TIME 478.394 LOAD: AVG 0.0528778 MAX 0.0579551  PROXIES: TOTAL 30 MAXPE 4 MAXPATCH 8 RefineTorusLB MEM: 0.457216 MB
LDB: TIME 478.394 LOAD: AVG 0.0528778 MAX 0.0557229  PROXIES: TOTAL 30 MAXPE 4 MAXPATCH 8 RefineTorusLB MEM: 0.457216 MB
LDB: ============== END OF LOAD BALANCING =============== 478.394
Info: useSync: 0 useProxySync: 0
LDB: =============== DONE WITH MIGRATION ================ 478.395
LDB: ============= START OF LOAD BALANCING ============== 480.863
LDB: ============== END OF LOAD BALANCING =============== 480.864
Info: useSync: 0 useProxySync: 0
LDB: =============== DONE WITH MIGRATION ================ 480.874
LDB: ============= START OF LOAD BALANCING ============== 480.937
LDB: Largest compute 164 load 0.012623 is 24.6% of average load 0.051356
LDB: Average compute 0.003604 is 7.0% of average load 0.051356
LDB: TIME 480.937 LOAD: AVG 0.0513557 MAX 0.0560628  PROXIES: TOTAL 24 MAXPE 4 MAXPATCH 6 None MEM: 0.457216 MB
LDB: TIME 480.937 LOAD: AVG 0.0513557 MAX 0.0560628  PROXIES: TOTAL 30 MAXPE 4 MAXPATCH 8 RefineTorusLB MEM: 0.457216 MB
LDB: TIME 480.937 LOAD: AVG 0.0513557 MAX 0.0553378  PROXIES: TOTAL 30 MAXPE 4 MAXPATCH 8 RefineTorusLB MEM: 0.457216 MB
LDB: ============== END OF LOAD BALANCING =============== 480.937
Info: useSync: 0 useProxySync: 0
LDB: =============== DONE WITH MIGRATION ================ 480.937
LDB: ============= START OF LOAD BALANCING ============== 483.445
LDB: ============== END OF LOAD BALANCING =============== 483.446
Info: useSync: 0 useProxySync: 0
LDB: =============== DONE WITH MIGRATION ================ 483.446
LDB: ============= START OF LOAD BALANCING ============== 483.51
LDB: Largest compute 140 load 0.012602 is 23.6% of average load 0.053376
LDB: Average compute 0.003762 is 7.0% of average load 0.053376
LDB: TIME 483.511 LOAD: AVG 0.0533756 MAX 0.0587739  PROXIES: TOTAL 24 MAXPE 4 MAXPATCH 6 None MEM: 0.457216 MB
LDB: TIME 483.511 LOAD: AVG 0.0533756 MAX 0.0587739  PROXIES: TOTAL 30 MAXPE 4 MAXPATCH 8 RefineTorusLB MEM: 0.457216 MB
LDB: TIME 483.511 LOAD: AVG 0.0533756 MAX 0.0571867  PROXIES: TOTAL 30 MAXPE 4 MAXPATCH 8 RefineTorusLB MEM: 0.457216 MB
LDB: ============== END OF LOAD BALANCING =============== 483.511
Info: useSync: 0 useProxySync: 0
LDB: =============== DONE WITH MIGRATION ================ 483.511
PRESSURE: 255000 -5.49212 225.127 -144.917 520.602 -1406.2 -503.179 -82.4223 -634.037 131.279
GPRESSURE: 255000 -149.15 492.771 -74.3286 215.418 -1216.29 -209.839 -400.189 -457.828 145.338
PRESSAVG: 255000 -350.416 -1.01223 -41.4349 -26.2475 -408.74 44.6738 29.7319 79.4455 12.4347
GPRESSAVG: 255000 -350.435 -1.10555 -41.6437 -26.2051 -409.013 44.682 29.8386 79.4784 12.333
ENERGY:  255000         0.0000         0.0000         0.0000         0.0000          -5568.8048       364.4225         0.0000         0.0000       937.6380          -4266.7443       297.8794     -5204.3822     -4265.2165       302.6755           -426.8046      -406.7018     22815.5788      -248.9072      -249.0386

WRITING COORDINATES TO DCD FILE MDequil.dcd AT STEP 255000
LDB: ============= START OF LOAD BALANCING ============== 486.012
LDB: ============== END OF LOAD BALANCING =============== 486.012
Info: useSync: 0 useProxySync: 0
LDB: =============== DONE WITH MIGRATION ================ 486.012
LDB: ============= START OF LOAD BALANCING ============== 486.077
LDB: Largest compute 164 load 0.013380 is 25.0% of average load 0.053502
LDB: Average compute 0.003773 is 7.1% of average load 0.053502
LDB: TIME 486.078 LOAD: AVG 0.0535024 MAX 0.0584146  PROXIES: TOTAL 24 MAXPE 4 MAXPATCH 6 None MEM: 0.457216 MB
LDB: TIME 486.078 LOAD: AVG 0.0535024 MAX 0.0584146  PROXIES: TOTAL 30 MAXPE 4 MAXPATCH 8 RefineTorusLB MEM: 0.457216 MB
LDB: TIME 486.078 LOAD: AVG 0.0535024 MAX 0.0570071  PROXIES: TOTAL 31 MAXPE 4 MAXPATCH 8 RefineTorusLB MEM: 0.457216 MB
LDB: ============== END OF LOAD BALANCING =============== 486.078
Info: useSync: 0 useProxySync: 0
LDB: =============== DONE WITH MIGRATION ================ 486.078
LDB: ============= START OF LOAD BALANCING ============== 488.609
LDB: ============== END OF LOAD BALANCING =============== 488.609
Info: useSync: 0 useProxySync: 0
LDB: =============== DONE WITH MIGRATION ================ 488.609
LDB: ============= START OF LOAD BALANCING ============== 488.673
LDB: Largest compute 164 load 0.012484 is 23.7% of average load 0.052704
LDB: Average compute 0.003707 is 7.0% of average load 0.052704
LDB: TIME 488.673 LOAD: AVG 0.0527045 MAX 0.0552061  PROXIES: TOTAL 24 MAXPE 4 MAXPATCH 6 None MEM: 0.457216 MB
LDB: TIME 488.673 LOAD: AVG 0.0527045 MAX 0.0552061  PROXIES: TOTAL 31 MAXPE 4 MAXPATCH 8 RefineTorusLB MEM: 0.457216 MB
LDB: TIME 488.673 LOAD: AVG 0.0527045 MAX 0.0552061  PROXIES: TOTAL 31 MAXPE 4 MAXPATCH 8 RefineTorusLB MEM: 0.457216 MB
LDB: ============== END OF LOAD BALANCING =============== 488.673
Info: useSync: 0 useProxySync: 0
LDB: =============== DONE WITH MIGRATION ================ 488.673
WRITING COORDINATES TO DCD FILE MDequil.dcd AT STEP 260000
PRESSURE: 260000 -117.93 133.846 365.293 163.119 -357.411 -166.074 272.764 -310.476 1411.82
GPRESSURE: 260000 75.0654 335.433 307.523 425.018 -517.996 -128.637 311.296 -347.875 1463.7
PRESSAVG: 260000 -407.217 25.7525 -41.823 9.38018 -444.782 14.2316 16.7809 -34.9837 -0.362482
GPRESSAVG: 260000 -407.134 25.8852 -42.0278 9.41975 -444.781 14.2997 16.7841 -34.6632 -0.602536
ENERGY:  260000         0.0000         0.0000         0.0000         0.0000          -5650.1234       428.7562         0.0000         0.0000       998.8999          -4222.4673       317.3417     -5221.3672     -4218.6813       298.7720            312.1598       340.2581     22602.5400      -284.1204      -284.1725

LDB: ============= START OF LOAD BALANCING ============== 491.158
LDB: ============== END OF LOAD BALANCING =============== 491.158
Info: useSync: 0 useProxySync: 0
LDB: =============== DONE WITH MIGRATION ================ 491.158
LDB: ============= START OF LOAD BALANCING ============== 491.223
LDB: Largest compute 164 load 0.013693 is 25.8% of average load 0.053154
LDB: Average compute 0.003745 is 7.0% of average load 0.053154
LDB: TIME 491.223 LOAD: AVG 0.0531537 MAX 0.0570804  PROXIES: TOTAL 24 MAXPE 4 MAXPATCH 6 None MEM: 0.457216 MB
LDB: TIME 491.223 LOAD: AVG 0.0531537 MAX 0.0570804  PROXIES: TOTAL 31 MAXPE 4 MAXPATCH 8 RefineTorusLB MEM: 0.457216 MB
LDB: TIME 491.223 LOAD: AVG 0.0531537 MAX 0.0570804  PROXIES: TOTAL 31 MAXPE 4 MAXPATCH 8 RefineTorusLB MEM: 0.457216 MB
LDB: ============== END OF LOAD BALANCING =============== 491.223
Info: useSync: 0 useProxySync: 0
LDB: =============== DONE WITH MIGRATION ================ 491.224
LDB: ============= START OF LOAD BALANCING ============== 493.724
LDB: ============== END OF LOAD BALANCING =============== 493.725
Info: useSync: 0 useProxySync: 0
LDB: =============== DONE WITH MIGRATION ================ 493.725
LDB: ============= START OF LOAD BALANCING ============== 493.789
LDB: Largest compute 140 load 0.012366 is 23.6% of average load 0.052486
LDB: Average compute 0.003682 is 7.0% of average load 0.052486
LDB: TIME 493.793 LOAD: AVG 0.0524864 MAX 0.0564009  PROXIES: TOTAL 24 MAXPE 4 MAXPATCH 6 None MEM: 0.457216 MB
LDB: TIME 493.793 LOAD: AVG 0.0524864 MAX 0.0564009  PROXIES: TOTAL 31 MAXPE 4 MAXPATCH 8 RefineTorusLB MEM: 0.457216 MB
LDB: TIME 493.793 LOAD: AVG 0.0524864 MAX 0.0564009  PROXIES: TOTAL 31 MAXPE 4 MAXPATCH 8 RefineTorusLB MEM: 0.457216 MB
LDB: ============== END OF LOAD BALANCING =============== 493.795
Info: useSync: 0 useProxySync: 0
LDB: =============== DONE WITH MIGRATION ================ 493.795
LDB: ============= START OF LOAD BALANCING ============== 496.293
LDB: ============== END OF LOAD BALANCING =============== 496.293
Info: useSync: 0 useProxySync: 0
LDB: =============== DONE WITH MIGRATION ================ 496.293
LDB: ============= START OF LOAD BALANCING ============== 496.361
LDB: Largest compute 145 load 0.013741 is 26.0% of average load 0.052786
LDB: Average compute 0.003708 is 7.0% of average load 0.052786
LDB: TIME 496.361 LOAD: AVG 0.0527858 MAX 0.0563003  PROXIES: TOTAL 24 MAXPE 4 MAXPATCH 6 None MEM: 0.457216 MB
LDB: TIME 496.361 LOAD: AVG 0.0527858 MAX 0.0563003  PROXIES: TOTAL 31 MAXPE 4 MAXPATCH 8 RefineTorusLB MEM: 0.457216 MB
LDB: TIME 496.361 LOAD: AVG 0.0527858 MAX 0.0563003  PROXIES: TOTAL 31 MAXPE 4 MAXPATCH 8 RefineTorusLB MEM: 0.457216 MB
LDB: ============== END OF LOAD BALANCING =============== 496.361
Info: useSync: 0 useProxySync: 0
LDB: =============== DONE WITH MIGRATION ================ 496.362
PRESSURE: 265000 -1176.28 -224.983 -328.798 -185.518 -861.62 -393.183 -627.309 -739.11 42.0117
GPRESSURE: 265000 -1120.44 -108.544 -558.22 -543.771 -868.545 -244.393 -386.653 -562.795 89.4853
PRESSAVG: 265000 -392.1 15.9888 -74.5204 4.29637 -346.847 -39.9354 -4.17617 1.48709 21.1193
GPRESSAVG: 265000 -392.096 16.0683 -74.2282 3.96806 -347.081 -40.0528 -4.23518 1.1643 21.5505
ENERGY:  265000         0.0000         0.0000         0.0000         0.0000          -5589.4762       383.1954         0.0000         0.0000       945.5535          -4260.7273       300.3940     -5206.2808     -4258.3281       299.4129           -665.2957      -633.1681     22759.6012      -239.2759      -239.2089

WRITING COORDINATES TO DCD FILE MDequil.dcd AT STEP 265000
LDB: ============= START OF LOAD BALANCING ============== 498.94
LDB: ============== END OF LOAD BALANCING =============== 498.94
Info: useSync: 0 useProxySync: 0
LDB: =============== DONE WITH MIGRATION ================ 498.94
LDB: ============= START OF LOAD BALANCING ============== 499.004
LDB: Largest compute 148 load 0.012691 is 23.9% of average load 0.053048
LDB: Average compute 0.003728 is 7.0% of average load 0.053048
LDB: TIME 499.004 LOAD: AVG 0.0530483 MAX 0.0556523  PROXIES: TOTAL 24 MAXPE 4 MAXPATCH 6 None MEM: 0.457216 MB
LDB: TIME 499.004 LOAD: AVG 0.0530483 MAX 0.0556523  PROXIES: TOTAL 31 MAXPE 4 MAXPATCH 8 RefineTorusLB MEM: 0.457216 MB
LDB: TIME 499.004 LOAD: AVG 0.0530483 MAX 0.0556523  PROXIES: TOTAL 31 MAXPE 4 MAXPATCH 8 RefineTorusLB MEM: 0.457216 MB
LDB: ============== END OF LOAD BALANCING =============== 499.004
Info: useSync: 0 useProxySync: 0
LDB: =============== DONE WITH MIGRATION ================ 499.004
LDB: ============= START OF LOAD BALANCING ============== 501.512
LDB: ============== END OF LOAD BALANCING =============== 501.512
Info: useSync: 0 useProxySync: 0
LDB: =============== DONE WITH MIGRATION ================ 501.512
LDB: ============= START OF LOAD BALANCING ============== 501.576
LDB: Largest compute 144 load 0.012961 is 24.5% of average load 0.052911
LDB: Average compute 0.003723 is 7.0% of average load 0.052911
LDB: TIME 501.576 LOAD: AVG 0.0529108 MAX 0.0570442  PROXIES: TOTAL 24 MAXPE 4 MAXPATCH 6 None MEM: 0.457216 MB
LDB: TIME 501.576 LOAD: AVG 0.0529108 MAX 0.0570442  PROXIES: TOTAL 31 MAXPE 4 MAXPATCH 8 RefineTorusLB MEM: 0.457216 MB
LDB: TIME 501.576 LOAD: AVG 0.0529108 MAX 0.0570442  PROXIES: TOTAL 31 MAXPE 4 MAXPATCH 8 RefineTorusLB MEM: 0.457216 MB
LDB: ============== END OF LOAD BALANCING =============== 501.576
Info: useSync: 0 useProxySync: 0
LDB: =============== DONE WITH MIGRATION ================ 501.576
PRESSURE: 270000 207.55 -205.893 332.308 -442.489 528.14 375.611 868.219 356.587 966.971
GPRESSURE: 270000 122.523 -263.355 387.593 -391.295 599.004 250.536 695.167 377.873 1056.52
PRESSAVG: 270000 -457.133 -0.339492 -51.0984 7.40806 -421.374 4.81507 -23.1612 20.5475 -9.62503
GPRESSAVG: 270000 -456.875 -0.494218 -51.4459 7.66954 -421.473 4.96915 -23.6183 20.036 -9.3104
ENERGY:  270000         0.0000         0.0000         0.0000         0.0000          -5622.7940       423.6142         0.0000         0.0000       901.2943          -4297.8856       286.3333     -5199.1799     -4295.2619       299.5086            567.5537       592.6813     22550.9971      -296.0440      -295.8863

WRITING COORDINATES TO DCD FILE MDequil.dcd AT STEP 270000
LDB: ============= START OF LOAD BALANCING ============== 504.092
LDB: ============== END OF LOAD BALANCING =============== 504.092
Info: useSync: 0 useProxySync: 0
LDB: =============== DONE WITH MIGRATION ================ 504.092
LDB: ============= START OF LOAD BALANCING ============== 504.156
LDB: Largest compute 7 load 0.011847 is 22.4% of average load 0.052941
LDB: Average compute 0.003726 is 7.0% of average load 0.052941
LDB: TIME 504.16 LOAD: AVG 0.0529408 MAX 0.0555243  PROXIES: TOTAL 24 MAXPE 4 MAXPATCH 6 None MEM: 0.457216 MB
LDB: TIME 504.16 LOAD: AVG 0.0529408 MAX 0.0555243  PROXIES: TOTAL 31 MAXPE 4 MAXPATCH 8 RefineTorusLB MEM: 0.457216 MB
LDB: TIME 504.16 LOAD: AVG 0.0529408 MAX 0.0555243  PROXIES: TOTAL 31 MAXPE 4 MAXPATCH 8 RefineTorusLB MEM: 0.457216 MB
LDB: ============== END OF LOAD BALANCING =============== 504.166
Info: useSync: 0 useProxySync: 0
LDB: =============== DONE WITH MIGRATION ================ 504.176
LDB: ============= START OF LOAD BALANCING ============== 506.717
LDB: ============== END OF LOAD BALANCING =============== 506.717
Info: useSync: 0 useProxySync: 0
LDB: =============== DONE WITH MIGRATION ================ 506.717
LDB: ============= START OF LOAD BALANCING ============== 506.783
LDB: Largest compute 140 load 0.012613 is 23.7% of average load 0.053294
LDB: Average compute 0.003754 is 7.0% of average load 0.053294
LDB: TIME 506.784 LOAD: AVG 0.0532935 MAX 0.0578463  PROXIES: TOTAL 24 MAXPE 4 MAXPATCH 6 None MEM: 0.457216 MB
LDB: TIME 506.784 LOAD: AVG 0.0532935 MAX 0.0578463  PROXIES: TOTAL 31 MAXPE 4 MAXPATCH 8 RefineTorusLB MEM: 0.457216 MB
LDB: TIME 506.784 LOAD: AVG 0.0532935 MAX 0.0578463  PROXIES: TOTAL 31 MAXPE 4 MAXPATCH 8 RefineTorusLB MEM: 0.457216 MB
LDB: ============== END OF LOAD BALANCING =============== 506.784
Info: useSync: 0 useProxySync: 0
LDB: =============== DONE WITH MIGRATION ================ 506.784
LDB: ============= START OF LOAD BALANCING ============== 509.33
LDB: ============== END OF LOAD BALANCING =============== 509.33
Info: useSync: 0 useProxySync: 0
LDB: =============== DONE WITH MIGRATION ================ 509.33
LDB: ============= START OF LOAD BALANCING ============== 509.395
LDB: Largest compute 140 load 0.012077 is 23.0% of average load 0.052586
LDB: Average compute 0.003699 is 7.0% of average load 0.052586
LDB: TIME 509.395 LOAD: AVG 0.0525857 MAX 0.0570822  PROXIES: TOTAL 24 MAXPE 4 MAXPATCH 6 None MEM: 0.457216 MB
LDB: TIME 509.395 LOAD: AVG 0.0525857 MAX 0.0570822  PROXIES: TOTAL 31 MAXPE 4 MAXPATCH 8 RefineTorusLB MEM: 0.457216 MB
LDB: TIME 509.395 LOAD: AVG 0.0525857 MAX 0.0570822  PROXIES: TOTAL 31 MAXPE 4 MAXPATCH 8 RefineTorusLB MEM: 0.457216 MB
LDB: ============== END OF LOAD BALANCING =============== 509.395
Info: useSync: 0 useProxySync: 0
LDB: =============== DONE WITH MIGRATION ================ 509.395
PRESSURE: 275000 -246.313 127.411 96.3323 640.277 -393.746 -205.383 -947.726 -541.269 263.371
GPRESSURE: 275000 -136.255 198.053 -107.032 537.817 -220.579 -235.757 -819.629 -345.284 51.6828
PRESSAVG: 275000 -343.554 -109.066 -17.4861 -110.067 -403.316 -92.9446 -2.44054 -42.7695 -1.7544
GPRESSAVG: 275000 -343.852 -108.773 -17.3626 -110.208 -403.416 -92.3731 -2.15171 -43.0306 -2.07617
ENERGY:  275000         0.0000         0.0000         0.0000         0.0000          -5641.2844       393.8081         0.0000         0.0000       913.8041          -4333.6722       290.3075     -5247.4763     -4333.2623       294.8863           -125.5628      -101.7172     22549.8778      -249.5412      -249.7814

WRITING COORDINATES TO DCD FILE MDequil.dcd AT STEP 275000
LDB: ============= START OF LOAD BALANCING ============== 511.972
LDB: ============== END OF LOAD BALANCING =============== 511.972
Info: useSync: 0 useProxySync: 0
LDB: =============== DONE WITH MIGRATION ================ 511.972
LDB: ============= START OF LOAD BALANCING ============== 512.037
LDB: Largest compute 164 load 0.013230 is 25.2% of average load 0.052540
LDB: Average compute 0.003686 is 7.0% of average load 0.052540
LDB: TIME 512.037 LOAD: AVG 0.0525405 MAX 0.0561822  PROXIES: TOTAL 24 MAXPE 4 MAXPATCH 6 None MEM: 0.457216 MB
LDB: TIME 512.037 LOAD: AVG 0.0525405 MAX 0.0561822  PROXIES: TOTAL 31 MAXPE 4 MAXPATCH 8 RefineTorusLB MEM: 0.457216 MB
LDB: TIME 512.037 LOAD: AVG 0.0525405 MAX 0.0561822  PROXIES: TOTAL 31 MAXPE 4 MAXPATCH 8 RefineTorusLB MEM: 0.457216 MB
LDB: ============== END OF LOAD BALANCING =============== 512.038
Info: useSync: 0 useProxySync: 0
LDB: =============== DONE WITH MIGRATION ================ 512.038
LDB: ============= START OF LOAD BALANCING ============== 514.594
LDB: ============== END OF LOAD BALANCING =============== 514.594
Info: useSync: 0 useProxySync: 0
LDB: =============== DONE WITH MIGRATION ================ 514.594
LDB: ============= START OF LOAD BALANCING ============== 514.659
LDB: Largest compute 148 load 0.012031 is 22.7% of average load 0.052962
LDB: Average compute 0.003720 is 7.0% of average load 0.052962
LDB: TIME 514.659 LOAD: AVG 0.0529621 MAX 0.0561661  PROXIES: TOTAL 24 MAXPE 4 MAXPATCH 6 None MEM: 0.457216 MB
LDB: TIME 514.659 LOAD: AVG 0.0529621 MAX 0.0561661  PROXIES: TOTAL 31 MAXPE 4 MAXPATCH 8 RefineTorusLB MEM: 0.457216 MB
LDB: TIME 514.659 LOAD: AVG 0.0529621 MAX 0.0561661  PROXIES: TOTAL 31 MAXPE 4 MAXPATCH 8 RefineTorusLB MEM: 0.457216 MB
LDB: ============== END OF LOAD BALANCING =============== 514.659
Info: useSync: 0 useProxySync: 0
LDB: =============== DONE WITH MIGRATION ================ 514.66
WRITING COORDINATES TO DCD FILE MDequil.dcd AT STEP 280000
PRESSURE: 280000 -814.94 -581.729 228.182 -362.759 -803.921 121.189 89.587 27.9122 157.099
GPRESSURE: 280000 -997.903 -786.615 7.64367 -192.082 -561.692 239.985 394.922 72.9326 173.568
PRESSAVG: 280000 -298.807 47.7464 -7.18978 38.0919 -345.643 0.223502 51.2777 -23.8134 -12.1985
GPRESSAVG: 280000 -298.9 47.9429 -6.8534 37.7979 -345.323 -0.097795 51.1065 -23.5378 -12.0521
ENERGY:  280000         0.0000         0.0000         0.0000         0.0000          -5591.5126       401.0911         0.0000         0.0000       931.1674          -4259.2541       295.8237     -5190.4215     -4256.3553       300.4014           -487.2538      -462.0090     22978.6848      -218.8828      -218.7582

LDB: ============= START OF LOAD BALANCING ============== 517.19
LDB: ============== END OF LOAD BALANCING =============== 517.19
Info: useSync: 0 useProxySync: 0
LDB: =============== DONE WITH MIGRATION ================ 517.19
LDB: ============= START OF LOAD BALANCING ============== 517.256
LDB: Largest compute 163 load 0.013141 is 24.9% of average load 0.052784
LDB: Average compute 0.003705 is 7.0% of average load 0.052784
LDB: TIME 517.256 LOAD: AVG 0.0527836 MAX 0.0569471  PROXIES: TOTAL 24 MAXPE 4 MAXPATCH 6 None MEM: 0.457216 MB
LDB: TIME 517.256 LOAD: AVG 0.0527836 MAX 0.0569471  PROXIES: TOTAL 31 MAXPE 4 MAXPATCH 8 RefineTorusLB MEM: 0.457216 MB
LDB: TIME 517.256 LOAD: AVG 0.0527836 MAX 0.0569471  PROXIES: TOTAL 31 MAXPE 4 MAXPATCH 8 RefineTorusLB MEM: 0.457216 MB
LDB: ============== END OF LOAD BALANCING =============== 517.256
Info: useSync: 0 useProxySync: 0
LDB: =============== DONE WITH MIGRATION ================ 517.256
LDB: ============= START OF LOAD BALANCING ============== 519.814
LDB: ============== END OF LOAD BALANCING =============== 519.815
Info: useSync: 0 useProxySync: 0
LDB: =============== DONE WITH MIGRATION ================ 519.839
LDB: ============= START OF LOAD BALANCING ============== 519.902
LDB: Largest compute 140 load 0.012570 is 24.6% of average load 0.051048
LDB: Average compute 0.003583 is 7.0% of average load 0.051048
LDB: TIME 519.902 LOAD: AVG 0.051048 MAX 0.0551694  PROXIES: TOTAL 24 MAXPE 4 MAXPATCH 6 None MEM: 0.457216 MB
LDB: TIME 519.902 LOAD: AVG 0.051048 MAX 0.0551694  PROXIES: TOTAL 31 MAXPE 4 MAXPATCH 8 RefineTorusLB MEM: 0.457216 MB
LDB: TIME 519.902 LOAD: AVG 0.051048 MAX 0.0551694  PROXIES: TOTAL 31 MAXPE 4 MAXPATCH 8 RefineTorusLB MEM: 0.457216 MB
LDB: ============== END OF LOAD BALANCING =============== 519.902
Info: useSync: 0 useProxySync: 0
LDB: =============== DONE WITH MIGRATION ================ 519.902
LDB: ============= START OF LOAD BALANCING ============== 522.445
LDB: ============== END OF LOAD BALANCING =============== 522.445
Info: useSync: 0 useProxySync: 0
LDB: =============== DONE WITH MIGRATION ================ 522.445
LDB: ============= START OF LOAD BALANCING ============== 522.51
LDB: Largest compute 164 load 0.012162 is 23.1% of average load 0.052718
LDB: Average compute 0.003702 is 7.0% of average load 0.052718
LDB: TIME 522.51 LOAD: AVG 0.0527179 MAX 0.0571603  PROXIES: TOTAL 24 MAXPE 4 MAXPATCH 6 None MEM: 0.457216 MB
LDB: TIME 522.51 LOAD: AVG 0.0527179 MAX 0.0571603  PROXIES: TOTAL 31 MAXPE 4 MAXPATCH 8 RefineTorusLB MEM: 0.457216 MB
LDB: TIME 522.51 LOAD: AVG 0.0527179 MAX 0.0571603  PROXIES: TOTAL 31 MAXPE 4 MAXPATCH 8 RefineTorusLB MEM: 0.457216 MB
LDB: ============== END OF LOAD BALANCING =============== 522.51
Info: useSync: 0 useProxySync: 0
LDB: =============== DONE WITH MIGRATION ================ 522.51
PRESSURE: 285000 492.387 -336.821 285.08 -189.161 596.042 -381.542 -345.153 -632.371 939.183
GPRESSURE: 285000 459.098 -359.911 -132.205 -282.615 634.971 -691.484 -213.968 -727.789 1007.75
PRESSAVG: 285000 -344.725 2.20148 21.8296 -16.8392 -399.401 -11.1779 -42.0378 2.55557 -14.7494
GPRESSAVG: 285000 -344.408 2.21232 21.1134 -17.0354 -399.491 -10.9851 -41.628 2.71036 -15.1082
ENERGY:  285000         0.0000         0.0000         0.0000         0.0000          -5656.9180       436.4868         0.0000         0.0000       918.7973          -4301.6339       291.8938     -5220.4313     -4298.8517       297.5745            675.8707       700.6063     22326.1719      -252.9583      -253.0024

WRITING COORDINATES TO DCD FILE MDequil.dcd AT STEP 285000
LDB: ============= START OF LOAD BALANCING ============== 525.078
LDB: ============== END OF LOAD BALANCING =============== 525.078
Info: useSync: 0 useProxySync: 0
LDB: =============== DONE WITH MIGRATION ================ 525.078
LDB: ============= START OF LOAD BALANCING ============== 525.144
LDB: Largest compute 164 load 0.012266 is 22.9% of average load 0.053524
LDB: Average compute 0.003759 is 7.0% of average load 0.053524
LDB: TIME 525.145 LOAD: AVG 0.0535238 MAX 0.0569509  PROXIES: TOTAL 24 MAXPE 4 MAXPATCH 6 None MEM: 0.457216 MB
LDB: TIME 525.145 LOAD: AVG 0.0535238 MAX 0.0569509  PROXIES: TOTAL 31 MAXPE 4 MAXPATCH 8 RefineTorusLB MEM: 0.457216 MB
LDB: TIME 525.145 LOAD: AVG 0.0535238 MAX 0.0569509  PROXIES: TOTAL 31 MAXPE 4 MAXPATCH 8 RefineTorusLB MEM: 0.457216 MB
LDB: ============== END OF LOAD BALANCING =============== 525.145
Info: useSync: 0 useProxySync: 0
LDB: =============== DONE WITH MIGRATION ================ 525.145
LDB: ============= START OF LOAD BALANCING ============== 527.728
LDB: ============== END OF LOAD BALANCING =============== 527.729
Info: useSync: 0 useProxySync: 0
LDB: =============== DONE WITH MIGRATION ================ 527.729
LDB: ============= START OF LOAD BALANCING ============== 527.795
LDB: Largest compute 164 load 0.014335 is 26.8% of average load 0.053484
LDB: Average compute 0.003759 is 7.0% of average load 0.053484
LDB: TIME 527.795 LOAD: AVG 0.0534844 MAX 0.0572985  PROXIES: TOTAL 24 MAXPE 4 MAXPATCH 6 None MEM: 0.457216 MB
LDB: TIME 527.795 LOAD: AVG 0.0534844 MAX 0.0572985  PROXIES: TOTAL 31 MAXPE 4 MAXPATCH 8 RefineTorusLB MEM: 0.457216 MB
LDB: TIME 527.795 LOAD: AVG 0.0534844 MAX 0.0572985  PROXIES: TOTAL 31 MAXPE 4 MAXPATCH 8 RefineTorusLB MEM: 0.457216 MB
LDB: ============== END OF LOAD BALANCING =============== 527.795
Info: useSync: 0 useProxySync: 0
LDB: =============== DONE WITH MIGRATION ================ 527.795
PRESSURE: 290000 22.0765 -433.302 -98.9136 -350.543 -750.424 426.688 136.292 216.109 -449.408
GPRESSURE: 290000 39.4801 -113.602 -96.3598 -641.459 -689.671 516.956 184.136 95.4703 -439.283
PRESSAVG: 290000 -291.084 -8.5541 -77.0924 -31.1864 -333.711 -5.09054 -131.301 -76.8117 26.8169
GPRESSAVG: 290000 -290.923 -9.05091 -77.1648 -30.9128 -334.081 -5.12589 -131.287 -76.8542 27.0668
ENERGY:  290000         0.0000         0.0000         0.0000         0.0000          -5593.5182       358.6121         0.0000         0.0000       952.4331          -4282.4730       302.5796     -5234.9062     -4279.9021       300.6241           -392.5851      -363.1582     22493.3911      -199.3258      -199.3124

WRITING COORDINATES TO DCD FILE MDequil.dcd AT STEP 290000
LDB: ============= START OF LOAD BALANCING ============== 530.459
LDB: ============== END OF LOAD BALANCING =============== 530.459
Info: useSync: 0 useProxySync: 0
LDB: =============== DONE WITH MIGRATION ================ 530.459
LDB: ============= START OF LOAD BALANCING ============== 530.524
LDB: Largest compute 163 load 0.013081 is 24.5% of average load 0.053413
LDB: Average compute 0.003759 is 7.0% of average load 0.053413
LDB: TIME 530.525 LOAD: AVG 0.0534131 MAX 0.0564485  PROXIES: TOTAL 24 MAXPE 4 MAXPATCH 6 None MEM: 0.457216 MB
LDB: TIME 530.525 LOAD: AVG 0.0534131 MAX 0.0564485  PROXIES: TOTAL 31 MAXPE 4 MAXPATCH 8 RefineTorusLB MEM: 0.457216 MB
LDB: TIME 530.525 LOAD: AVG 0.0534131 MAX 0.0564485  PROXIES: TOTAL 31 MAXPE 4 MAXPATCH 8 RefineTorusLB MEM: 0.457216 MB
LDB: ============== END OF LOAD BALANCING =============== 530.525
Info: useSync: 0 useProxySync: 0
LDB: =============== DONE WITH MIGRATION ================ 530.525
LDB: ============= START OF LOAD BALANCING ============== 533.083
LDB: ============== END OF LOAD BALANCING =============== 533.083
Info: useSync: 0 useProxySync: 0
LDB: =============== DONE WITH MIGRATION ================ 533.083
LDB: ============= START OF LOAD BALANCING ============== 533.149
LDB: Largest compute 140 load 0.012088 is 22.8% of average load 0.052975
LDB: Average compute 0.003723 is 7.0% of average load 0.052975
LDB: TIME 533.149 LOAD: AVG 0.0529752 MAX 0.0580652  PROXIES: TOTAL 24 MAXPE 4 MAXPATCH 6 None MEM: 0.457216 MB
LDB: TIME 533.149 LOAD: AVG 0.0529752 MAX 0.0580652  PROXIES: TOTAL 31 MAXPE 4 MAXPATCH 8 RefineTorusLB MEM: 0.457216 MB
LDB: TIME 533.149 LOAD: AVG 0.0529752 MAX 0.0577054  PROXIES: TOTAL 31 MAXPE 4 MAXPATCH 8 RefineTorusLB MEM: 0.457216 MB
LDB: ============== END OF LOAD BALANCING =============== 533.149
Info: useSync: 0 useProxySync: 0
LDB: =============== DONE WITH MIGRATION ================ 533.149
LDB: ============= START OF LOAD BALANCING ============== 535.728
LDB: ============== END OF LOAD BALANCING =============== 535.728
Info: useSync: 0 useProxySync: 0
LDB: =============== DONE WITH MIGRATION ================ 535.728
LDB: ============= START OF LOAD BALANCING ============== 535.793
LDB: Largest compute 163 load 0.012538 is 24.0% of average load 0.052242
LDB: Average compute 0.003662 is 7.0% of average load 0.052242
LDB: TIME 535.793 LOAD: AVG 0.0522424 MAX 0.0552915  PROXIES: TOTAL 24 MAXPE 4 MAXPATCH 6 None MEM: 0.457216 MB
LDB: TIME 535.793 LOAD: AVG 0.0522424 MAX 0.0552915  PROXIES: TOTAL 31 MAXPE 4 MAXPATCH 8 RefineTorusLB MEM: 0.457216 MB
LDB: TIME 535.793 LOAD: AVG 0.0522424 MAX 0.0552915  PROXIES: TOTAL 31 MAXPE 4 MAXPATCH 8 RefineTorusLB MEM: 0.457216 MB
LDB: ============== END OF LOAD BALANCING =============== 535.794
Info: useSync: 0 useProxySync: 0
LDB: =============== DONE WITH MIGRATION ================ 535.794
PRESSURE: 295000 -587.149 389.745 202.993 335.595 -847.804 354.211 38.9841 229.808 52.3147
GPRESSURE: 295000 -369.491 392.706 22.8791 132.945 -1006.9 415.651 70.1089 572.051 69.016
PRESSAVG: 295000 -418.304 -33.4963 24.329 33.1458 -406.799 2.58199 36.5736 -4.89286 10.7321
GPRESSAVG: 295000 -418.28 -33.637 24.3323 33.0433 -407.148 2.65125 36.0968 -4.94042 10.8255
ENERGY:  295000         0.0000         0.0000         0.0000         0.0000          -5623.5279       374.9641         0.0000         0.0000       926.7694          -4321.7944       294.4265     -5248.5638     -4319.5753       293.8966           -460.8794      -435.7927     22624.3387      -271.4569      -271.5342

WRITING COORDINATES TO DCD FILE MDequil.dcd AT STEP 295000
LDB: ============= START OF LOAD BALANCING ============== 538.396
LDB: ============== END OF LOAD BALANCING =============== 538.396
Info: useSync: 0 useProxySync: 0
LDB: =============== DONE WITH MIGRATION ================ 538.396
LDB: ============= START OF LOAD BALANCING ============== 538.463
LDB: Largest compute 140 load 0.013107 is 24.6% of average load 0.053184
LDB: Average compute 0.003741 is 7.0% of average load 0.053184
LDB: TIME 538.463 LOAD: AVG 0.053184 MAX 0.0591402  PROXIES: TOTAL 24 MAXPE 4 MAXPATCH 6 None MEM: 0.457216 MB
LDB: TIME 538.463 LOAD: AVG 0.053184 MAX 0.0591402  PROXIES: TOTAL 31 MAXPE 4 MAXPATCH 8 RefineTorusLB MEM: 0.457216 MB
LDB: TIME 538.463 LOAD: AVG 0.053184 MAX 0.0579164  PROXIES: TOTAL 31 MAXPE 4 MAXPATCH 8 RefineTorusLB MEM: 0.457216 MB
LDB: ============== END OF LOAD BALANCING =============== 538.463
Info: useSync: 0 useProxySync: 0
LDB: =============== DONE WITH MIGRATION ================ 538.464
LDB: ============= START OF LOAD BALANCING ============== 541.042
LDB: ============== END OF LOAD BALANCING =============== 541.044
Info: useSync: 0 useProxySync: 0
LDB: =============== DONE WITH MIGRATION ================ 541.045
LDB: ============= START OF LOAD BALANCING ============== 541.11
LDB: Largest compute 146 load 0.012890 is 24.1% of average load 0.053502
LDB: Average compute 0.003759 is 7.0% of average load 0.053502
LDB: TIME 541.11 LOAD: AVG 0.0535022 MAX 0.0584364  PROXIES: TOTAL 24 MAXPE 4 MAXPATCH 6 None MEM: 0.457216 MB
LDB: TIME 541.11 LOAD: AVG 0.0535022 MAX 0.0584364  PROXIES: TOTAL 31 MAXPE 4 MAXPATCH 8 RefineTorusLB MEM: 0.457216 MB
LDB: TIME 541.11 LOAD: AVG 0.0535022 MAX 0.0580272  PROXIES: TOTAL 31 MAXPE 4 MAXPATCH 8 RefineTorusLB MEM: 0.457216 MB
LDB: ============== END OF LOAD BALANCING =============== 541.11
Info: useSync: 0 useProxySync: 0
LDB: =============== DONE WITH MIGRATION ================ 541.111
WRITING COORDINATES TO DCD FILE MDequil.dcd AT STEP 300000
WRITING COORDINATES TO RESTART FILE AT STEP 300000
FINISHED WRITING RESTART COORDINATES
WRITING VELOCITIES TO RESTART FILE AT STEP 300000
FINISHED WRITING RESTART VELOCITIES
PRESSURE: 300000 31.2268 -116.695 -586.637 -309.399 -971.994 -204.625 -666.826 -304.418 1085.8
GPRESSURE: 300000 118.132 117.068 -529.165 -565.213 -1005.82 -145.491 -590.026 -534.617 1097.85
PRESSAVG: 300000 -229.734 -3.03351 -11.1257 4.5855 -268.862 -19.7589 -46.9869 -80.6976 6.63924
GPRESSAVG: 300000 -229.721 -3.14603 -10.7891 4.97111 -268.295 -19.7268 -46.9992 -80.4258 6.35889
TIMING: 300000  CPU: 513.942, 0.00130249/step  Wall: 531.748, 0.00130702/step, 0.0726125 hours remaining, 0.457216 MB of memory in use.
PERFORMANCE: 300000  averaging 97.4996 ns/day, 0.00177231 sec/step with standard deviation 0.000633963
ETITLE:      TS           BOND          ANGLE          DIHED          IMPRP               ELECT            VDW       BOUNDARY           MISC        KINETIC               TOTAL           TEMP      POTENTIAL         TOTAL3        TEMPAVG            PRESSURE      GPRESSURE         VOLUME       PRESSAVG      GPRESSAVG

ENERGY:  300000         0.0000         0.0000         0.0000         0.0000          -5625.5909       379.7700         0.0000         0.0000       929.9761          -4315.8448       295.4452     -5245.8209     -4313.0134       294.0135             48.3430        70.0522     22524.1741      -163.9855      -163.8855

WRITING EXTENDED SYSTEM TO RESTART FILE AT STEP 300000
LDB: ============= START OF LOAD BALANCING ============== 543.677
LDB: ============== END OF LOAD BALANCING =============== 543.677
Info: useSync: 0 useProxySync: 0
LDB: =============== DONE WITH MIGRATION ================ 543.677
LDB: ============= START OF LOAD BALANCING ============== 543.742
LDB: Largest compute 140 load 0.013012 is 24.7% of average load 0.052699
LDB: Average compute 0.003697 is 7.0% of average load 0.052699
LDB: TIME 543.742 LOAD: AVG 0.0526988 MAX 0.0562313  PROXIES: TOTAL 24 MAXPE 4 MAXPATCH 6 None MEM: 0.457216 MB
LDB: TIME 543.742 LOAD: AVG 0.0526988 MAX 0.0562313  PROXIES: TOTAL 31 MAXPE 4 MAXPATCH 8 RefineTorusLB MEM: 0.457216 MB
LDB: TIME 543.742 LOAD: AVG 0.0526988 MAX 0.0562313  PROXIES: TOTAL 31 MAXPE 4 MAXPATCH 8 RefineTorusLB MEM: 0.457216 MB
LDB: ============== END OF LOAD BALANCING =============== 543.742
Info: useSync: 0 useProxySync: 0
LDB: =============== DONE WITH MIGRATION ================ 543.743
LDB: ============= START OF LOAD BALANCING ============== 546.301
LDB: ============== END OF LOAD BALANCING =============== 546.301
Info: useSync: 0 useProxySync: 0
LDB: =============== DONE WITH MIGRATION ================ 546.301
LDB: ============= START OF LOAD BALANCING ============== 546.366
LDB: Largest compute 140 load 0.013275 is 24.5% of average load 0.054096
LDB: Average compute 0.003805 is 7.0% of average load 0.054096
LDB: TIME 546.367 LOAD: AVG 0.0540965 MAX 0.0593744  PROXIES: TOTAL 24 MAXPE 4 MAXPATCH 6 None MEM: 0.457216 MB
LDB: TIME 546.367 LOAD: AVG 0.0540965 MAX 0.0593744  PROXIES: TOTAL 31 MAXPE 4 MAXPATCH 8 RefineTorusLB MEM: 0.457216 MB
LDB: TIME 546.367 LOAD: AVG 0.0540965 MAX 0.058874  PROXIES: TOTAL 31 MAXPE 4 MAXPATCH 8 RefineTorusLB MEM: 0.457216 MB
LDB: ============== END OF LOAD BALANCING =============== 546.367
Info: useSync: 0 useProxySync: 0
LDB: =============== DONE WITH MIGRATION ================ 546.367
LDB: ============= START OF LOAD BALANCING ============== 548.882
LDB: ============== END OF LOAD BALANCING =============== 548.882
Info: useSync: 0 useProxySync: 0
LDB: =============== DONE WITH MIGRATION ================ 548.882
LDB: ============= START OF LOAD BALANCING ============== 548.947
LDB: Largest compute 164 load 0.012740 is 23.9% of average load 0.053320
LDB: Average compute 0.003747 is 7.0% of average load 0.053320
LDB: TIME 548.947 LOAD: AVG 0.0533196 MAX 0.0563151  PROXIES: TOTAL 24 MAXPE 4 MAXPATCH 6 None MEM: 0.457216 MB
LDB: TIME 548.947 LOAD: AVG 0.0533196 MAX 0.0563151  PROXIES: TOTAL 31 MAXPE 4 MAXPATCH 8 RefineTorusLB MEM: 0.457216 MB
LDB: TIME 548.947 LOAD: AVG 0.0533196 MAX 0.0563151  PROXIES: TOTAL 31 MAXPE 4 MAXPATCH 8 RefineTorusLB MEM: 0.457216 MB
LDB: ============== END OF LOAD BALANCING =============== 548.947
Info: useSync: 0 useProxySync: 0
LDB: =============== DONE WITH MIGRATION ================ 548.947
PRESSURE: 305000 494.831 -82.9754 -88.1018 -351.169 708.542 -1.00457 5.81802 -87.4813 279.914
GPRESSURE: 305000 475.48 -48.9933 -236.036 -402.716 1027.26 -301.75 199.155 65.0807 68.131
PRESSAVG: 305000 -341.871 -5.88813 -68.783 -36.6453 -356.853 -40.1788 -64.3255 -32.431 3.25298
GPRESSAVG: 305000 -341.917 -5.51144 -68.8102 -36.8477 -357.359 -39.4603 -64.8008 -32.3861 3.57598
ENERGY:  305000         0.0000         0.0000         0.0000         0.0000          -5677.6938       435.8868         0.0000         0.0000       968.7403          -4273.0667       307.7603     -5241.8069     -4271.3966       296.6000            494.4291       523.6229     22586.0273      -231.8236      -231.9000

WRITING COORDINATES TO DCD FILE MDequil.dcd AT STEP 305000
LDB: ============= START OF LOAD BALANCING ============== 552.98
LDB: ============== END OF LOAD BALANCING =============== 552.982
Info: useSync: 0 useProxySync: 0
LDB: =============== DONE WITH MIGRATION ================ 552.993
LDB: ============= START OF LOAD BALANCING ============== 553.338
LDB: Largest compute 74 load 0.016306 is 31.7% of average load 0.051397
LDB: Average compute 0.003521 is 6.8% of average load 0.051397
LDB: TIME 553.344 LOAD: AVG 0.0513972 MAX 0.0574563  PROXIES: TOTAL 24 MAXPE 4 MAXPATCH 6 None MEM: 0.457216 MB
LDB: TIME 553.344 LOAD: AVG 0.0513972 MAX 0.0574563  PROXIES: TOTAL 31 MAXPE 4 MAXPATCH 8 RefineTorusLB MEM: 0.457216 MB
LDB: TIME 553.344 LOAD: AVG 0.0513972 MAX 0.0542448  PROXIES: TOTAL 31 MAXPE 4 MAXPATCH 8 RefineTorusLB MEM: 0.457216 MB
LDB: ============== END OF LOAD BALANCING =============== 553.347
Info: useSync: 0 useProxySync: 0
LDB: =============== DONE WITH MIGRATION ================ 553.395
LDB: ============= START OF LOAD BALANCING ============== 565.094
LDB: ============== END OF LOAD BALANCING =============== 565.097
Info: useSync: 0 useProxySync: 0
LDB: =============== DONE WITH MIGRATION ================ 565.109
LDB: ============= START OF LOAD BALANCING ============== 565.454
LDB: Largest compute 143 load 0.014273 is 28.5% of average load 0.050120
LDB: Average compute 0.003410 is 6.8% of average load 0.050120
LDB: TIME 565.458 LOAD: AVG 0.0501199 MAX 0.056781  PROXIES: TOTAL 24 MAXPE 4 MAXPATCH 6 None MEM: 0.457216 MB
LDB: TIME 565.458 LOAD: AVG 0.0501199 MAX 0.056781  PROXIES: TOTAL 31 MAXPE 4 MAXPATCH 8 RefineTorusLB MEM: 0.457216 MB
LDB: TIME 565.458 LOAD: AVG 0.0501199 MAX 0.0521706  PROXIES: TOTAL 31 MAXPE 4 MAXPATCH 8 RefineTorusLB MEM: 0.457216 MB
LDB: ============== END OF LOAD BALANCING =============== 565.462
Info: useSync: 0 useProxySync: 0
LDB: =============== DONE WITH MIGRATION ================ 565.497
PRESSURE: 310000 -1143.73 202.365 -62.5746 247.354 -339.477 480.121 263.85 176.289 -388.315
GPRESSURE: 310000 -901.676 362.712 -185.601 136.736 -391.802 529.512 347.745 2.92748 -508.373
PRESSAVG: 310000 -398.159 3.04939 33.3485 -25.6304 -353.168 18.2091 31.9676 -14.1492 -3.70674
GPRESSAVG: 310000 -398.155 3.09418 33.3348 -25.2175 -353.16 18.1429 32.3953 -13.7595 -3.90724
ENERGY:  310000         0.0000         0.0000         0.0000         0.0000          -5602.9700       374.0302         0.0000         0.0000       932.7900          -4296.1498       296.3392     -5228.9398     -4294.1268       302.4716           -623.8400      -600.6170     22770.0572      -251.6779      -251.7409

WRITING COORDINATES TO DCD FILE MDequil.dcd AT STEP 310000
LDB: ============= START OF LOAD BALANCING ============== 576.859
LDB: ============== END OF LOAD BALANCING =============== 576.859
Info: useSync: 0 useProxySync: 0
LDB: =============== DONE WITH MIGRATION ================ 576.864
LDB: ============= START OF LOAD BALANCING ============== 577.236
LDB: Largest compute 30 load 0.016199 is 30.7% of average load 0.052709
LDB: Average compute 0.003556 is 6.7% of average load 0.052709
LDB: TIME 577.242 LOAD: AVG 0.0527089 MAX 0.0607977  PROXIES: TOTAL 24 MAXPE 4 MAXPATCH 6 None MEM: 0.457216 MB
LDB: TIME 577.242 LOAD: AVG 0.0527089 MAX 0.0607977  PROXIES: TOTAL 31 MAXPE 4 MAXPATCH 8 RefineTorusLB MEM: 0.457216 MB
LDB: TIME 577.242 LOAD: AVG 0.0527089 MAX 0.0573215  PROXIES: TOTAL 31 MAXPE 4 MAXPATCH 8 RefineTorusLB MEM: 0.457216 MB
LDB: ============== END OF LOAD BALANCING =============== 577.248
Info: useSync: 0 useProxySync: 0
LDB: =============== DONE WITH MIGRATION ================ 577.296
LDB: ============= START OF LOAD BALANCING ============== 587.708
LDB: ============== END OF LOAD BALANCING =============== 587.709
Info: useSync: 0 useProxySync: 0
LDB: =============== DONE WITH MIGRATION ================ 587.721
LDB: ============= START OF LOAD BALANCING ============== 587.971
LDB: Largest compute 140 load 0.012947 is 25.5% of average load 0.050760
LDB: Average compute 0.003513 is 6.9% of average load 0.050760
LDB: TIME 587.973 LOAD: AVG 0.0507599 MAX 0.0616134  PROXIES: TOTAL 24 MAXPE 4 MAXPATCH 6 None MEM: 0.457216 MB
LDB: TIME 587.973 LOAD: AVG 0.0507599 MAX 0.0616134  PROXIES: TOTAL 31 MAXPE 4 MAXPATCH 8 RefineTorusLB MEM: 0.457216 MB
LDB: TIME 587.973 LOAD: AVG 0.0507599 MAX 0.055104  PROXIES: TOTAL 31 MAXPE 4 MAXPATCH 8 RefineTorusLB MEM: 0.457216 MB
LDB: ============== END OF LOAD BALANCING =============== 587.975
Info: useSync: 0 useProxySync: 0
LDB: =============== DONE WITH MIGRATION ================ 588.034
LDB: ============= START OF LOAD BALANCING ============== 592.594
LDB: ============== END OF LOAD BALANCING =============== 592.595
Info: useSync: 0 useProxySync: 0
LDB: =============== DONE WITH MIGRATION ================ 592.595
LDB: ============= START OF LOAD BALANCING ============== 592.654
LDB: Largest compute 52 load 0.011394 is 23.3% of average load 0.048855
LDB: Average compute 0.003434 is 7.0% of average load 0.048855
LDB: TIME 592.654 LOAD: AVG 0.0488545 MAX 0.0543782  PROXIES: TOTAL 24 MAXPE 4 MAXPATCH 6 None MEM: 0.457216 MB
LDB: TIME 592.654 LOAD: AVG 0.0488545 MAX 0.0543782  PROXIES: TOTAL 31 MAXPE 4 MAXPATCH 8 RefineTorusLB MEM: 0.457216 MB
LDB: TIME 592.654 LOAD: AVG 0.0488545 MAX 0.0532942  PROXIES: TOTAL 31 MAXPE 4 MAXPATCH 8 RefineTorusLB MEM: 0.457216 MB
LDB: ============== END OF LOAD BALANCING =============== 592.654
Info: useSync: 0 useProxySync: 0
LDB: =============== DONE WITH MIGRATION ================ 592.655
WRITING COORDINATES TO DCD FILE MDequil.dcd AT STEP 315000
PRESSURE: 315000 -1030.05 -347.497 197.937 -102.982 -1290.51 -574.135 -75.8997 13.9085 -633.273
GPRESSURE: 315000 -918.07 -265.628 172.552 -210.942 -1412.5 -789.82 -64.367 35.1359 -544.462
PRESSAVG: 315000 -309.328 61.9602 4.28825 81.0021 -305.359 26.9408 -11.238 42.5925 2.85865
GPRESSAVG: 315000 -309.04 62.1202 4.58422 80.8657 -305.82 26.7799 -11.7782 41.9369 3.17472
ENERGY:  315000         0.0000         0.0000         0.0000         0.0000          -5504.0962       335.7145         0.0000         0.0000       939.9993          -4228.3823       298.6295     -5168.3817     -4226.3491       300.3449           -984.6090      -958.3452     22759.9278      -203.9426      -203.8951

LDB: ============= START OF LOAD BALANCING ============== 595.01
LDB: ============== END OF LOAD BALANCING =============== 595.011
Info: useSync: 0 useProxySync: 0
LDB: =============== DONE WITH MIGRATION ================ 595.011
LDB: ============= START OF LOAD BALANCING ============== 595.071
LDB: Largest compute 141 load 0.011958 is 23.8% of average load 0.050212
LDB: Average compute 0.003544 is 7.1% of average load 0.050212
LDB: TIME 595.071 LOAD: AVG 0.0502121 MAX 0.0558036  PROXIES: TOTAL 24 MAXPE 4 MAXPATCH 6 None MEM: 0.457216 MB
LDB: TIME 595.071 LOAD: AVG 0.0502121 MAX 0.0558036  PROXIES: TOTAL 31 MAXPE 4 MAXPATCH 8 RefineTorusLB MEM: 0.457216 MB
LDB: TIME 595.072 LOAD: AVG 0.0502121 MAX 0.0546109  PROXIES: TOTAL 31 MAXPE 4 MAXPATCH 8 RefineTorusLB MEM: 0.457216 MB
LDB: ============== END OF LOAD BALANCING =============== 595.072
Info: useSync: 0 useProxySync: 0
LDB: =============== DONE WITH MIGRATION ================ 595.072
LDB: ============= START OF LOAD BALANCING ============== 597.437
LDB: ============== END OF LOAD BALANCING =============== 597.438
Info: useSync: 0 useProxySync: 0
LDB: =============== DONE WITH MIGRATION ================ 597.438
LDB: ============= START OF LOAD BALANCING ============== 597.496
LDB: Largest compute 163 load 0.011623 is 23.9% of average load 0.048657
LDB: Average compute 0.003416 is 7.0% of average load 0.048657
LDB: TIME 597.497 LOAD: AVG 0.0486567 MAX 0.0533272  PROXIES: TOTAL 24 MAXPE 4 MAXPATCH 6 None MEM: 0.457216 MB
LDB: TIME 597.497 LOAD: AVG 0.0486567 MAX 0.0533272  PROXIES: TOTAL 31 MAXPE 4 MAXPATCH 8 RefineTorusLB MEM: 0.457216 MB
LDB: TIME 597.497 LOAD: AVG 0.0486567 MAX 0.0527239  PROXIES: TOTAL 31 MAXPE 4 MAXPATCH 8 RefineTorusLB MEM: 0.457216 MB
LDB: ============== END OF LOAD BALANCING =============== 597.497
Info: useSync: 0 useProxySync: 0
LDB: =============== DONE WITH MIGRATION ================ 597.497
WRITING COORDINATES TO DCD FILE MDequil.dcd AT STEP 320000
PRESSURE: 320000 -28.7151 -528.407 381.217 -315.032 669.193 65.2016 262.152 102.809 -385.528
GPRESSURE: 320000 -46.4373 -400.633 386.154 -505.373 656.753 58.6774 336.544 19.3713 -285.955
PRESSAVG: 320000 -416.344 54.6391 68.0823 31.9374 -330.654 62.4059 126.46 96.9073 -0.59358
GPRESSAVG: 320000 -416.2 54.7031 67.8457 31.9284 -330.063 62.4841 126.675 97.4174 -0.642414
ENERGY:  320000         0.0000         0.0000         0.0000         0.0000          -5548.2819       402.7152         0.0000         0.0000       979.8421          -4165.7246       311.2872     -5145.5667     -4164.1131       301.0312             84.9833       108.1200     22794.9300      -249.1971      -248.9684

LDB: ============= START OF LOAD BALANCING ============== 599.947
LDB: ============== END OF LOAD BALANCING =============== 599.947
Info: useSync: 0 useProxySync: 0
LDB: =============== DONE WITH MIGRATION ================ 599.947
LDB: ============= START OF LOAD BALANCING ============== 600.011
LDB: Largest compute 7 load 0.012451 is 23.5% of average load 0.053020
LDB: Average compute 0.003735 is 7.0% of average load 0.053020
LDB: TIME 600.011 LOAD: AVG 0.0530199 MAX 0.0587134  PROXIES: TOTAL 24 MAXPE 4 MAXPATCH 6 None MEM: 0.457216 MB
LDB: TIME 600.011 LOAD: AVG 0.0530199 MAX 0.0587134  PROXIES: TOTAL 31 MAXPE 4 MAXPATCH 8 RefineTorusLB MEM: 0.457216 MB
LDB: TIME 600.011 LOAD: AVG 0.0530199 MAX 0.0578091  PROXIES: TOTAL 31 MAXPE 4 MAXPATCH 8 RefineTorusLB MEM: 0.457216 MB
LDB: ============== END OF LOAD BALANCING =============== 600.011
Info: useSync: 0 useProxySync: 0
LDB: =============== DONE WITH MIGRATION ================ 600.012
LDB: ============= START OF LOAD BALANCING ============== 602.504
LDB: ============== END OF LOAD BALANCING =============== 602.504
Info: useSync: 0 useProxySync: 0
LDB: =============== DONE WITH MIGRATION ================ 602.504
LDB: ============= START OF LOAD BALANCING ============== 602.568
LDB: Largest compute 164 load 0.013987 is 25.9% of average load 0.053984
LDB: Average compute 0.003806 is 7.0% of average load 0.053984
LDB: TIME 602.568 LOAD: AVG 0.0539841 MAX 0.0594266  PROXIES: TOTAL 24 MAXPE 4 MAXPATCH 6 None MEM: 0.457216 MB
LDB: TIME 602.568 LOAD: AVG 0.0539841 MAX 0.0594266  PROXIES: TOTAL 31 MAXPE 4 MAXPATCH 8 RefineTorusLB MEM: 0.457216 MB
LDB: TIME 602.568 LOAD: AVG 0.0539841 MAX 0.0586868  PROXIES: TOTAL 31 MAXPE 4 MAXPATCH 8 RefineTorusLB MEM: 0.457216 MB
LDB: ============== END OF LOAD BALANCING =============== 602.569
Info: useSync: 0 useProxySync: 0
LDB: =============== DONE WITH MIGRATION ================ 602.569
LDB: ============= START OF LOAD BALANCING ============== 605.008
LDB: ============== END OF LOAD BALANCING =============== 605.008
Info: useSync: 0 useProxySync: 0
LDB: =============== DONE WITH MIGRATION ================ 605.008
LDB: ============= START OF LOAD BALANCING ============== 605.071
LDB: Largest compute 6 load 0.012711 is 23.5% of average load 0.053976
LDB: Average compute 0.003802 is 7.0% of average load 0.053976
LDB: TIME 605.071 LOAD: AVG 0.0539764 MAX 0.0576839  PROXIES: TOTAL 24 MAXPE 4 MAXPATCH 6 None MEM: 0.457216 MB
LDB: TIME 605.071 LOAD: AVG 0.0539764 MAX 0.0576839  PROXIES: TOTAL 31 MAXPE 4 MAXPATCH 8 RefineTorusLB MEM: 0.457216 MB
LDB: TIME 605.071 LOAD: AVG 0.0539764 MAX 0.0576839  PROXIES: TOTAL 31 MAXPE 4 MAXPATCH 8 RefineTorusLB MEM: 0.457216 MB
LDB: ============== END OF LOAD BALANCING =============== 605.071
Info: useSync: 0 useProxySync: 0
LDB: =============== DONE WITH MIGRATION ================ 605.072
WRITING COORDINATES TO DCD FILE MDequil.dcd AT STEP 325000
PRESSURE: 325000 -324.281 334.914 284.039 436.949 -571.894 96.2259 121.097 -46.3943 1317.89
GPRESSURE: 325000 -397.515 232.167 454.349 629.985 -429.487 230.005 -46.9782 258.797 1334.98
PRESSAVG: 325000 -213.379 -35.6651 51.241 -33.9649 -288.916 60.2482 -22.2759 -22.8204 5.23117
GPRESSAVG: 325000 -213.261 -35.7064 51.5969 -34.0821 -288.876 60.2442 -22.4734 -23.073 5.27967
ENERGY:  325000         0.0000         0.0000         0.0000         0.0000          -5604.3306       405.2506         0.0000         0.0000       936.2905          -4262.7895       297.4513     -5199.0799     -4261.8918       303.9565            140.5731       169.3248     22460.8136      -165.6879      -165.6194

LDB: ============= START OF LOAD BALANCING ============== 615.581
LDB: ============== END OF LOAD BALANCING =============== 615.581
Info: useSync: 0 useProxySync: 0
LDB: =============== DONE WITH MIGRATION ================ 615.591
LDB: ============= START OF LOAD BALANCING ============== 615.897
LDB: Largest compute 164 load 0.011453 is 22.2% of average load 0.051663
LDB: Average compute 0.003470 is 6.7% of average load 0.051663
LDB: TIME 615.905 LOAD: AVG 0.0516627 MAX 0.0561299  PROXIES: TOTAL 24 MAXPE 4 MAXPATCH 6 None MEM: 0.457216 MB
LDB: TIME 615.905 LOAD: AVG 0.0516627 MAX 0.0561299  PROXIES: TOTAL 31 MAXPE 4 MAXPATCH 8 RefineTorusLB MEM: 0.457216 MB
LDB: TIME 615.905 LOAD: AVG 0.0516627 MAX 0.0561299  PROXIES: TOTAL 31 MAXPE 4 MAXPATCH 8 RefineTorusLB MEM: 0.457216 MB
LDB: ============== END OF LOAD BALANCING =============== 615.909
Info: useSync: 0 useProxySync: 0
LDB: =============== DONE WITH MIGRATION ================ 615.958
LDB: ============= START OF LOAD BALANCING ============== 629.015
LDB: ============== END OF LOAD BALANCING =============== 629.019
Info: useSync: 0 useProxySync: 0
LDB: =============== DONE WITH MIGRATION ================ 629.03
LDB: ============= START OF LOAD BALANCING ============== 629.346
LDB: Largest compute 58 load 0.021524 is 39.9% of average load 0.053953
LDB: Average compute 0.003745 is 6.9% of average load 0.053953
LDB: TIME 629.352 LOAD: AVG 0.0539531 MAX 0.073043  PROXIES: TOTAL 24 MAXPE 4 MAXPATCH 6 None MEM: 0.457216 MB
LDB: TIME 629.352 LOAD: AVG 0.0539531 MAX 0.073043  PROXIES: TOTAL 31 MAXPE 4 MAXPATCH 8 RefineTorusLB MEM: 0.457216 MB
LDB: TIME 629.352 LOAD: AVG 0.0539531 MAX 0.0565485  PROXIES: TOTAL 31 MAXPE 4 MAXPATCH 8 RefineTorusLB MEM: 0.457216 MB
LDB: ============== END OF LOAD BALANCING =============== 629.358
Info: useSync: 0 useProxySync: 0
LDB: =============== DONE WITH MIGRATION ================ 629.415
PRESSURE: 330000 -1550.04 354.122 240.943 265.529 -751.06 -269.121 574.809 301.736 -366.435
GPRESSURE: 330000 -1464.26 189.708 505.613 279.439 -737.126 -326.35 192.881 329.966 -423.055
PRESSAVG: 330000 -432.95 23.468 11.0364 32.4258 -352.739 -19.3394 72.7654 40.2102 2.23652
GPRESSAVG: 330000 -432.873 23.2587 10.7265 32.4523 -352.656 -19.1271 73.0575 40.3721 2.55458
ENERGY:  330000         0.0000         0.0000         0.0000         0.0000          -5561.2396       347.1820         0.0000         0.0000       938.3860          -4275.6716       298.1170     -5214.0576     -4273.6519       298.0433           -889.1796      -874.8127     22758.3601      -261.1509      -260.9914

WRITING COORDINATES TO DCD FILE MDequil.dcd AT STEP 330000
LDB: ============= START OF LOAD BALANCING ============== 642.11
LDB: ============== END OF LOAD BALANCING =============== 642.113
Info: useSync: 0 useProxySync: 0
LDB: =============== DONE WITH MIGRATION ================ 642.136
LDB: ============= START OF LOAD BALANCING ============== 642.491
LDB: Largest compute 141 load 0.032312 is 58.9% of average load 0.054814
LDB: Average compute 0.003696 is 6.7% of average load 0.054814
LDB: TIME 642.497 LOAD: AVG 0.0548136 MAX 0.0798486  PROXIES: TOTAL 24 MAXPE 4 MAXPATCH 6 None MEM: 0.457216 MB
LDB: TIME 642.497 LOAD: AVG 0.0548136 MAX 0.0798486  PROXIES: TOTAL 31 MAXPE 4 MAXPATCH 8 RefineTorusLB MEM: 0.457216 MB
LDB: TIME 642.497 LOAD: AVG 0.0548136 MAX 0.0587241  PROXIES: TOTAL 32 MAXPE 4 MAXPATCH 9 RefineTorusLB MEM: 0.457216 MB
LDB: ============== END OF LOAD BALANCING =============== 642.501
Info: useSync: 0 useProxySync: 0
LDB: =============== DONE WITH MIGRATION ================ 642.534
LDB: ============= START OF LOAD BALANCING ============== 655.716
LDB: ============== END OF LOAD BALANCING =============== 655.722
Info: useSync: 0 useProxySync: 0
LDB: =============== DONE WITH MIGRATION ================ 655.743
LDB: ============= START OF LOAD BALANCING ============== 656.146
LDB: Largest compute 158 load 0.024997 is 44.3% of average load 0.056439
LDB: Average compute 0.003580 is 6.3% of average load 0.056439
LDB: TIME 656.149 LOAD: AVG 0.0564392 MAX 0.103378  PROXIES: TOTAL 24 MAXPE 4 MAXPATCH 6 None MEM: 0.457216 MB
LDB: TIME 656.149 LOAD: AVG 0.0564392 MAX 0.103378  PROXIES: TOTAL 32 MAXPE 4 MAXPATCH 9 RefineTorusLB MEM: 0.457216 MB
LDB: TIME 656.149 LOAD: AVG 0.0564392 MAX 0.0625094  PROXIES: TOTAL 31 MAXPE 4 MAXPATCH 9 RefineTorusLB MEM: 0.457216 MB
LDB: ============== END OF LOAD BALANCING =============== 656.154
Info: useSync: 0 useProxySync: 0
LDB: =============== DONE WITH MIGRATION ================ 656.2
LDB: ============= START OF LOAD BALANCING ============== 667.643
LDB: ============== END OF LOAD BALANCING =============== 667.649
Info: useSync: 0 useProxySync: 0
LDB: =============== DONE WITH MIGRATION ================ 667.673
LDB: ============= START OF LOAD BALANCING ============== 668.02
LDB: Largest compute 164 load 0.022062 is 42.9% of average load 0.051403
LDB: Average compute 0.003498 is 6.8% of average load 0.051403
LDB: TIME 668.02 LOAD: AVG 0.0514032 MAX 0.0616297  PROXIES: TOTAL 24 MAXPE 4 MAXPATCH 6 None MEM: 0.457216 MB
LDB: TIME 668.02 LOAD: AVG 0.0514032 MAX 0.0616297  PROXIES: TOTAL 31 MAXPE 4 MAXPATCH 9 RefineTorusLB MEM: 0.457216 MB
LDB: TIME 668.02 LOAD: AVG 0.0514032 MAX 0.0560735  PROXIES: TOTAL 30 MAXPE 4 MAXPATCH 9 RefineTorusLB MEM: 0.457216 MB
LDB: ============== END OF LOAD BALANCING =============== 668.02
Info: useSync: 0 useProxySync: 0
LDB: =============== DONE WITH MIGRATION ================ 668.063
WRITING COORDINATES TO DCD FILE MDequil.dcd AT STEP 335000
PRESSURE: 335000 103.406 -1101.08 329.669 -854.199 -71.1785 -301.081 347.678 -367.459 390.907
GPRESSURE: 335000 -68.6459 -1167.42 599.05 -749.438 -21.0983 181.637 71.6785 -63.679 587.997
PRESSAVG: 335000 -219.156 26.0215 5.08233 -16.0782 -222.2 18.973 -91.6883 37.2965 10.6262
GPRESSAVG: 335000 -219.128 25.6886 4.91283 -16.2414 -221.932 19.0251 -91.5678 37.5176 10.7635
ENERGY:  335000         0.0000         0.0000         0.0000         0.0000          -5550.5668       389.9931         0.0000         0.0000       977.6677          -4182.9059       310.5964     -5160.5736     -4180.3586       297.8765            141.0450       166.0841     22694.6394      -143.5765      -143.4323

LDB: ============= START OF LOAD BALANCING ============== 670.779
LDB: ============== END OF LOAD BALANCING =============== 670.779
Info: useSync: 0 useProxySync: 0
LDB: =============== DONE WITH MIGRATION ================ 670.779
LDB: ============= START OF LOAD BALANCING ============== 670.841
LDB: Largest compute 52 load 0.011282 is 23.1% of average load 0.048765
LDB: Average compute 0.003424 is 7.0% of average load 0.048765
LDB: TIME 670.842 LOAD: AVG 0.0487649 MAX 0.0588052  PROXIES: TOTAL 24 MAXPE 4 MAXPATCH 6 None MEM: 0.457216 MB
LDB: TIME 670.842 LOAD: AVG 0.0487649 MAX 0.0588052  PROXIES: TOTAL 30 MAXPE 4 MAXPATCH 9 RefineTorusLB MEM: 0.457216 MB
LDB: TIME 670.842 LOAD: AVG 0.0487649 MAX 0.0531186  PROXIES: TOTAL 30 MAXPE 4 MAXPATCH 9 RefineTorusLB MEM: 0.457216 MB
LDB: ============== END OF LOAD BALANCING =============== 670.843
Info: useSync: 0 useProxySync: 0
LDB: =============== DONE WITH MIGRATION ================ 670.843
LDB: ============= START OF LOAD BALANCING ============== 673.272
LDB: ============== END OF LOAD BALANCING =============== 673.272
Info: useSync: 0 useProxySync: 0
LDB: =============== DONE WITH MIGRATION ================ 673.272
LDB: ============= START OF LOAD BALANCING ============== 673.335
LDB: Largest compute 163 load 0.011898 is 24.1% of average load 0.049378
LDB: Average compute 0.003474 is 7.0% of average load 0.049378
LDB: TIME 673.335 LOAD: AVG 0.0493778 MAX 0.0553728  PROXIES: TOTAL 24 MAXPE 4 MAXPATCH 6 None MEM: 0.457216 MB
LDB: TIME 673.335 LOAD: AVG 0.0493778 MAX 0.0553728  PROXIES: TOTAL 30 MAXPE 4 MAXPATCH 9 RefineTorusLB MEM: 0.457216 MB
LDB: TIME 673.335 LOAD: AVG 0.0493778 MAX 0.0537916  PROXIES: TOTAL 30 MAXPE 4 MAXPATCH 9 RefineTorusLB MEM: 0.457216 MB
LDB: ============== END OF LOAD BALANCING =============== 673.335
Info: useSync: 0 useProxySync: 0
LDB: =============== DONE WITH MIGRATION ================ 673.335
WRITING COORDINATES TO DCD FILE MDequil.dcd AT STEP 340000
PRESSURE: 340000 276.783 420.009 -868.44 -9.54443 -1092.34 497.124 -1059.97 616.581 1147.71
GPRESSURE: 340000 222.729 202.518 -710.158 229.539 -1117.68 346.534 -1159.18 559.886 1219.33
PRESSAVG: 340000 -399.113 -27.2604 33.2352 -0.168464 -233.365 -8.0775 16.2631 51.8555 -20.9414
GPRESSAVG: 340000 -399.272 -27.0602 34.0219 -0.106093 -233.377 -8.3478 16.0093 51.6687 -20.8238
ENERGY:  340000         0.0000         0.0000         0.0000         0.0000          -5617.4968       370.7443         0.0000         0.0000       880.3563          -4366.3962       279.6815     -5246.7525     -4364.0964       298.4075            110.7188       108.1272     22104.7932      -217.8062      -217.8244

LDB: ============= START OF LOAD BALANCING ============== 675.711
LDB: ============== END OF LOAD BALANCING =============== 675.711
Info: useSync: 0 useProxySync: 0
LDB: =============== DONE WITH MIGRATION ================ 675.711
LDB: ============= START OF LOAD BALANCING ============== 675.771
LDB: Largest compute 164 load 0.011831 is 23.6% of average load 0.050199
LDB: Average compute 0.003541 is 7.1% of average load 0.050199
LDB: TIME 675.771 LOAD: AVG 0.0501992 MAX 0.054885  PROXIES: TOTAL 24 MAXPE 4 MAXPATCH 6 None MEM: 0.457216 MB
LDB: TIME 675.771 LOAD: AVG 0.0501992 MAX 0.054885  PROXIES: TOTAL 30 MAXPE 4 MAXPATCH 9 RefineTorusLB MEM: 0.457216 MB
LDB: TIME 675.771 LOAD: AVG 0.0501992 MAX 0.0546276  PROXIES: TOTAL 30 MAXPE 4 MAXPATCH 9 RefineTorusLB MEM: 0.457216 MB
LDB: ============== END OF LOAD BALANCING =============== 675.771
Info: useSync: 0 useProxySync: 0
LDB: =============== DONE WITH MIGRATION ================ 675.772
LDB: ============= START OF LOAD BALANCING ============== 678.136
LDB: ============== END OF LOAD BALANCING =============== 678.137
Info: useSync: 0 useProxySync: 0
LDB: =============== DONE WITH MIGRATION ================ 678.137
LDB: ============= START OF LOAD BALANCING ============== 678.197
LDB: Largest compute 52 load 0.012129 is 24.5% of average load 0.049420
LDB: Average compute 0.003481 is 7.0% of average load 0.049420
LDB: TIME 678.197 LOAD: AVG 0.0494196 MAX 0.0530851  PROXIES: TOTAL 24 MAXPE 4 MAXPATCH 6 None MEM: 0.457216 MB
LDB: TIME 678.197 LOAD: AVG 0.0494196 MAX 0.0530851  PROXIES: TOTAL 30 MAXPE 4 MAXPATCH 9 RefineTorusLB MEM: 0.457216 MB
LDB: TIME 678.197 LOAD: AVG 0.0494196 MAX 0.0530851  PROXIES: TOTAL 30 MAXPE 4 MAXPATCH 9 RefineTorusLB MEM: 0.457216 MB
LDB: ============== END OF LOAD BALANCING =============== 678.197
Info: useSync: 0 useProxySync: 0
LDB: =============== DONE WITH MIGRATION ================ 678.197
LDB: ============= START OF LOAD BALANCING ============== 680.653
LDB: ============== END OF LOAD BALANCING =============== 680.653
Info: useSync: 0 useProxySync: 0
LDB: =============== DONE WITH MIGRATION ================ 680.653
LDB: ============= START OF LOAD BALANCING ============== 680.717
LDB: Largest compute 52 load 0.013551 is 25.3% of average load 0.053582
LDB: Average compute 0.003769 is 7.0% of average load 0.053582
LDB: TIME 680.718 LOAD: AVG 0.0535825 MAX 0.0575267  PROXIES: TOTAL 24 MAXPE 4 MAXPATCH 6 None MEM: 0.457216 MB
LDB: TIME 680.718 LOAD: AVG 0.0535825 MAX 0.0575267  PROXIES: TOTAL 30 MAXPE 4 MAXPATCH 9 RefineTorusLB MEM: 0.457216 MB
LDB: TIME 680.718 LOAD: AVG 0.0535825 MAX 0.0575267  PROXIES: TOTAL 30 MAXPE 4 MAXPATCH 9 RefineTorusLB MEM: 0.457216 MB
LDB: ============== END OF LOAD BALANCING =============== 680.718
Info: useSync: 0 useProxySync: 0
LDB: =============== DONE WITH MIGRATION ================ 680.718
WRITING COORDINATES TO DCD FILE MDequil.dcd AT STEP 345000
PRESSURE: 345000 -697.068 319.443 -13.0276 -176.01 -245.113 289.691 -115.976 153.804 -923.418
GPRESSURE: 345000 -533.249 524.817 90.9139 -416.215 -254.201 -65.7689 -154.712 43.0029 -1000.77
PRESSAVG: 345000 -312.397 39.0662 -36.4497 38.7836 -287.439 64.3644 -37.8396 10.9653 51.3463
GPRESSAVG: 345000 -312.402 39.0093 -36.2978 38.7683 -287.387 64.07 -38.0147 10.7648 51.2813
ENERGY:  345000         0.0000         0.0000         0.0000         0.0000          -5538.4273       358.0881         0.0000         0.0000       915.2338          -4265.1054       290.7617     -5180.3392     -4263.2715       296.1381           -621.8663      -596.0730     22782.2027      -182.8301      -182.8358

LDB: ============= START OF LOAD BALANCING ============== 683.33
LDB: ============== END OF LOAD BALANCING =============== 683.33
Info: useSync: 0 useProxySync: 0
LDB: =============== DONE WITH MIGRATION ================ 683.33
LDB: ============= START OF LOAD BALANCING ============== 683.395
LDB: Largest compute 164 load 0.013571 is 25.7% of average load 0.052897
LDB: Average compute 0.003723 is 7.0% of average load 0.052897
LDB: TIME 683.395 LOAD: AVG 0.0528966 MAX 0.0599249  PROXIES: TOTAL 24 MAXPE 4 MAXPATCH 6 None MEM: 0.457216 MB
LDB: TIME 683.395 LOAD: AVG 0.0528966 MAX 0.0599249  PROXIES: TOTAL 30 MAXPE 4 MAXPATCH 9 RefineTorusLB MEM: 0.457216 MB
LDB: TIME 683.395 LOAD: AVG 0.0528966 MAX 0.0576506  PROXIES: TOTAL 30 MAXPE 4 MAXPATCH 9 RefineTorusLB MEM: 0.457216 MB
LDB: ============== END OF LOAD BALANCING =============== 683.395
Info: useSync: 0 useProxySync: 0
LDB: =============== DONE WITH MIGRATION ================ 683.395
LDB: ============= START OF LOAD BALANCING ============== 685.979
LDB: ============== END OF LOAD BALANCING =============== 685.979
Info: useSync: 0 useProxySync: 0
LDB: =============== DONE WITH MIGRATION ================ 685.979
LDB: ============= START OF LOAD BALANCING ============== 686.047
LDB: Largest compute 163 load 0.013252 is 24.9% of average load 0.053312
LDB: Average compute 0.003750 is 7.0% of average load 0.053312
LDB: TIME 686.047 LOAD: AVG 0.0533118 MAX 0.0598015  PROXIES: TOTAL 24 MAXPE 4 MAXPATCH 6 None MEM: 0.457216 MB
LDB: TIME 686.047 LOAD: AVG 0.0533118 MAX 0.0598015  PROXIES: TOTAL 30 MAXPE 4 MAXPATCH 9 RefineTorusLB MEM: 0.457216 MB
LDB: TIME 686.047 LOAD: AVG 0.0533118 MAX 0.0576329  PROXIES: TOTAL 30 MAXPE 4 MAXPATCH 9 RefineTorusLB MEM: 0.457216 MB
LDB: ============== END OF LOAD BALANCING =============== 686.047
Info: useSync: 0 useProxySync: 0
LDB: =============== DONE WITH MIGRATION ================ 686.047
WRITING COORDINATES TO DCD FILE MDequil.dcd AT STEP 350000
WRITING COORDINATES TO RESTART FILE AT STEP 350000
FINISHED WRITING RESTART COORDINATES
WRITING VELOCITIES TO RESTART FILE AT STEP 350000
FINISHED WRITING RESTART VELOCITIES
PRESSURE: 350000 732.282 -66.9602 -172.009 275.01 -83.0615 135.79 -413.494 342.303 -274.358
GPRESSURE: 350000 734.199 145.474 264.712 32.4442 -23.7815 221.112 -571.737 654.178 -253.625
PRESSAVG: 350000 -389.402 23.2883 -52.3685 22.9543 -307.874 42.9474 -46.2457 48.4115 12.1523
GPRESSAVG: 350000 -389.628 23.3042 -52.4968 22.6511 -307.798 42.6971 -46.2644 48.1407 11.7339
TIMING: 350000  CPU: 649.641, 0.00271399/step  Wall: 676.607, 0.00289718/step, 0.120716 hours remaining, 0.457216 MB of memory in use.
PERFORMANCE: 350000  averaging 89.3943 ns/day, 0.00193301 sec/step with standard deviation 0.000718112
ETITLE:      TS           BOND          ANGLE          DIHED          IMPRP               ELECT            VDW       BOUNDARY           MISC        KINETIC               TOTAL           TEMP      POTENTIAL         TOTAL3        TEMPAVG            PRESSURE      GPRESSURE         VOLUME       PRESSAVG      GPRESSAVG

ENERGY:  350000         0.0000         0.0000         0.0000         0.0000          -5582.9671       417.1334         0.0000         0.0000       947.8385          -4217.9952       301.1200     -5165.8337     -4217.0775       296.8371            124.9540       152.2642     22674.4544      -228.3747      -228.5639

WRITING EXTENDED SYSTEM TO RESTART FILE AT STEP 350000
LDB: ============= START OF LOAD BALANCING ============== 688.544
LDB: ============== END OF LOAD BALANCING =============== 688.544
Info: useSync: 0 useProxySync: 0
LDB: =============== DONE WITH MIGRATION ================ 688.544
LDB: ============= START OF LOAD BALANCING ============== 688.607
LDB: Largest compute 52 load 0.013416 is 25.7% of average load 0.052297
LDB: Average compute 0.003674 is 7.0% of average load 0.052297
LDB: TIME 688.607 LOAD: AVG 0.0522966 MAX 0.0561206  PROXIES: TOTAL 24 MAXPE 4 MAXPATCH 6 None MEM: 0.457216 MB
LDB: TIME 688.608 LOAD: AVG 0.0522966 MAX 0.0561206  PROXIES: TOTAL 30 MAXPE 4 MAXPATCH 9 RefineTorusLB MEM: 0.457216 MB
LDB: TIME 688.608 LOAD: AVG 0.0522966 MAX 0.0561206  PROXIES: TOTAL 30 MAXPE 4 MAXPATCH 9 RefineTorusLB MEM: 0.457216 MB
LDB: ============== END OF LOAD BALANCING =============== 688.608
Info: useSync: 0 useProxySync: 0
LDB: =============== DONE WITH MIGRATION ================ 688.608
LDB: ============= START OF LOAD BALANCING ============== 691.123
LDB: ============== END OF LOAD BALANCING =============== 691.123
Info: useSync: 0 useProxySync: 0
LDB: =============== DONE WITH MIGRATION ================ 691.123
LDB: ============= START OF LOAD BALANCING ============== 691.21
LDB: Largest compute 171 load 0.030999 is 56.9% of average load 0.054494
LDB: Average compute 0.003861 is 7.1% of average load 0.054494
LDB: TIME 691.21 LOAD: AVG 0.0544941 MAX 0.0777438  PROXIES: TOTAL 24 MAXPE 4 MAXPATCH 6 None MEM: 0.457216 MB
LDB: TIME 691.21 LOAD: AVG 0.0544941 MAX 0.0777438  PROXIES: TOTAL 30 MAXPE 4 MAXPATCH 9 RefineTorusLB MEM: 0.457216 MB
LDB: TIME 691.21 LOAD: AVG 0.0544941 MAX 0.0593259  PROXIES: TOTAL 30 MAXPE 4 MAXPATCH 9 RefineTorusLB MEM: 0.457216 MB
LDB: ============== END OF LOAD BALANCING =============== 691.21
Info: useSync: 0 useProxySync: 0
LDB: =============== DONE WITH MIGRATION ================ 691.21
LDB: ============= START OF LOAD BALANCING ============== 693.74
LDB: ============== END OF LOAD BALANCING =============== 693.74
Info: useSync: 0 useProxySync: 0
LDB: =============== DONE WITH MIGRATION ================ 693.74
LDB: ============= START OF LOAD BALANCING ============== 693.806
LDB: Largest compute 163 load 0.012969 is 24.4% of average load 0.053148
LDB: Average compute 0.003742 is 7.0% of average load 0.053148
LDB: TIME 693.806 LOAD: AVG 0.053148 MAX 0.0621339  PROXIES: TOTAL 24 MAXPE 4 MAXPATCH 6 None MEM: 0.457216 MB
LDB: TIME 693.806 LOAD: AVG 0.053148 MAX 0.0621339  PROXIES: TOTAL 30 MAXPE 4 MAXPATCH 9 RefineTorusLB MEM: 0.457216 MB
LDB: TIME 693.806 LOAD: AVG 0.053148 MAX 0.0574154  PROXIES: TOTAL 30 MAXPE 4 MAXPATCH 9 RefineTorusLB MEM: 0.457216 MB
LDB: ============== END OF LOAD BALANCING =============== 693.806
Info: useSync: 0 useProxySync: 0
LDB: =============== DONE WITH MIGRATION ================ 693.807
PRESSURE: 355000 -30.6919 250.199 -203.16 -84.1159 -69.9617 226.043 -7.88551 319.463 1265.7
GPRESSURE: 355000 -19.4678 165.431 -72.9077 -445.996 -86.9352 351.916 261.016 306.079 1355.13
PRESSAVG: 355000 -290.678 -5.04139 13.781 -3.99963 -309.838 45.0167 -77.9482 86.8443 27.2791
GPRESSAVG: 355000 -290.52 -5.07528 13.6321 -4.23953 -309.817 45.2526 -77.8089 86.7031 27.3727
ENERGY:  355000         0.0000         0.0000         0.0000         0.0000          -5557.1172       389.9542         0.0000         0.0000       928.7139          -4238.4491       295.0443     -5167.1630     -4237.2387       303.7427            388.3486       416.2433     22376.5906      -191.0789      -190.9881

WRITING COORDINATES TO DCD FILE MDequil.dcd AT STEP 355000
LDB: ============= START OF LOAD BALANCING ============== 696.312
LDB: ============== END OF LOAD BALANCING =============== 696.312
Info: useSync: 0 useProxySync: 0
LDB: =============== DONE WITH MIGRATION ================ 696.313
LDB: ============= START OF LOAD BALANCING ============== 696.386
LDB: Largest compute 140 load 0.012559 is 23.5% of average load 0.053538
LDB: Average compute 0.003705 is 6.9% of average load 0.053538
LDB: TIME 696.387 LOAD: AVG 0.0535381 MAX 0.0693321  PROXIES: TOTAL 24 MAXPE 4 MAXPATCH 6 None MEM: 0.457216 MB
LDB: TIME 696.387 LOAD: AVG 0.0535381 MAX 0.0693321  PROXIES: TOTAL 30 MAXPE 4 MAXPATCH 9 RefineTorusLB MEM: 0.457216 MB
LDB: TIME 696.387 LOAD: AVG 0.0535381 MAX 0.0584065  PROXIES: TOTAL 30 MAXPE 4 MAXPATCH 9 RefineTorusLB MEM: 0.457216 MB
LDB: ============== END OF LOAD BALANCING =============== 696.387
Info: useSync: 0 useProxySync: 0
LDB: =============== DONE WITH MIGRATION ================ 696.387
LDB: ============= START OF LOAD BALANCING ============== 698.938
LDB: ============== END OF LOAD BALANCING =============== 698.938
Info: useSync: 0 useProxySync: 0
LDB: =============== DONE WITH MIGRATION ================ 698.938
LDB: ============= START OF LOAD BALANCING ============== 699.003
LDB: Largest compute 163 load 0.013395 is 25.4% of average load 0.052705
LDB: Average compute 0.003713 is 7.0% of average load 0.052705
LDB: TIME 699.003 LOAD: AVG 0.0527046 MAX 0.0594382  PROXIES: TOTAL 24 MAXPE 4 MAXPATCH 6 None MEM: 0.457216 MB
LDB: TIME 699.003 LOAD: AVG 0.0527046 MAX 0.0594382  PROXIES: TOTAL 30 MAXPE 4 MAXPATCH 9 RefineTorusLB MEM: 0.457216 MB
LDB: TIME 699.003 LOAD: AVG 0.0527046 MAX 0.0567036  PROXIES: TOTAL 30 MAXPE 4 MAXPATCH 9 RefineTorusLB MEM: 0.457216 MB
LDB: ============== END OF LOAD BALANCING =============== 699.003
Info: useSync: 0 useProxySync: 0
LDB: =============== DONE WITH MIGRATION ================ 699.003
PRESSURE: 360000 -418.285 -486.537 -10.9828 -698.634 726.496 510.952 185.705 835.647 742.011
GPRESSURE: 360000 -547.196 -660.328 100.318 -752.122 743.906 412.302 182.055 936.801 914.643
PRESSAVG: 360000 -335.506 -58.1721 5.69576 -43.3183 -328.732 4.71597 -33.9975 52.4186 -3.1216
GPRESSAVG: 360000 -335.918 -58.0989 5.77219 -43.1592 -328.758 4.86866 -34.0692 52.5412 -2.99041
ENERGY:  360000         0.0000         0.0000         0.0000         0.0000          -5616.2163       426.9882         0.0000         0.0000       951.1528          -4238.0753       302.1729     -5189.2282     -4236.9774       295.8146            350.0740       370.4508     22567.3158      -222.4533      -222.5557

WRITING COORDINATES TO DCD FILE MDequil.dcd AT STEP 360000
LDB: ============= START OF LOAD BALANCING ============== 701.525
LDB: ============== END OF LOAD BALANCING =============== 701.525
Info: useSync: 0 useProxySync: 0
LDB: =============== DONE WITH MIGRATION ================ 701.525
LDB: ============= START OF LOAD BALANCING ============== 701.588
LDB: Largest compute 163 load 0.012506 is 23.7% of average load 0.052689
LDB: Average compute 0.003711 is 7.0% of average load 0.052689
LDB: TIME 701.589 LOAD: AVG 0.0526889 MAX 0.0577978  PROXIES: TOTAL 24 MAXPE 4 MAXPATCH 6 None MEM: 0.457216 MB
LDB: TIME 701.589 LOAD: AVG 0.0526889 MAX 0.0577978  PROXIES: TOTAL 30 MAXPE 4 MAXPATCH 9 RefineTorusLB MEM: 0.457216 MB
LDB: TIME 701.589 LOAD: AVG 0.0526889 MAX 0.0568552  PROXIES: TOTAL 30 MAXPE 4 MAXPATCH 9 RefineTorusLB MEM: 0.457216 MB
LDB: ============== END OF LOAD BALANCING =============== 701.59
Info: useSync: 0 useProxySync: 0
LDB: =============== DONE WITH MIGRATION ================ 701.6
LDB: ============= START OF LOAD BALANCING ============== 704.08
LDB: ============== END OF LOAD BALANCING =============== 704.08
Info: useSync: 0 useProxySync: 0
LDB: =============== DONE WITH MIGRATION ================ 704.08
LDB: ============= START OF LOAD BALANCING ============== 704.143
LDB: Largest compute 147 load 0.011908 is 22.5% of average load 0.052816
LDB: Average compute 0.003719 is 7.0% of average load 0.052816
LDB: TIME 704.144 LOAD: AVG 0.052816 MAX 0.0563479  PROXIES: TOTAL 24 MAXPE 4 MAXPATCH 6 None MEM: 0.457216 MB
LDB: TIME 704.144 LOAD: AVG 0.052816 MAX 0.0563479  PROXIES: TOTAL 30 MAXPE 4 MAXPATCH 9 RefineTorusLB MEM: 0.457216 MB
LDB: TIME 704.144 LOAD: AVG 0.052816 MAX 0.0563479  PROXIES: TOTAL 30 MAXPE 4 MAXPATCH 9 RefineTorusLB MEM: 0.457216 MB
LDB: ============== END OF LOAD BALANCING =============== 704.144
Info: useSync: 0 useProxySync: 0
LDB: =============== DONE WITH MIGRATION ================ 704.144
LDB: ============= START OF LOAD BALANCING ============== 706.611
LDB: ============== END OF LOAD BALANCING =============== 706.611
Info: useSync: 0 useProxySync: 0
LDB: =============== DONE WITH MIGRATION ================ 706.611
LDB: ============= START OF LOAD BALANCING ============== 706.675
LDB: Largest compute 164 load 0.012989 is 24.0% of average load 0.054103
LDB: Average compute 0.003815 is 7.1% of average load 0.054103
LDB: TIME 706.675 LOAD: AVG 0.0541029 MAX 0.0592604  PROXIES: TOTAL 24 MAXPE 4 MAXPATCH 6 None MEM: 0.457216 MB
LDB: TIME 706.675 LOAD: AVG 0.0541029 MAX 0.0592604  PROXIES: TOTAL 30 MAXPE 4 MAXPATCH 9 RefineTorusLB MEM: 0.457216 MB
LDB: TIME 706.675 LOAD: AVG 0.0541029 MAX 0.0590081  PROXIES: TOTAL 30 MAXPE 4 MAXPATCH 9 RefineTorusLB MEM: 0.457216 MB
LDB: ============== END OF LOAD BALANCING =============== 706.676
Info: useSync: 0 useProxySync: 0
LDB: =============== DONE WITH MIGRATION ================ 706.676
WRITING COORDINATES TO DCD FILE MDequil.dcd AT STEP 365000
PRESSURE: 365000 -491.41 400.308 -661.113 465.194 -371.694 946.304 -119.98 1111.92 -105.548
GPRESSURE: 365000 -237.519 65.4681 -840.587 659.622 -376.803 505.739 -43.5204 1353.01 -321.548
PRESSAVG: 365000 -288.204 8.5932 -53.3432 -11.0182 -342.906 18.2157 -33.3297 26.6402 39.9825
GPRESSAVG: 365000 -288.376 8.88855 -53.4175 -10.8451 -342.776 17.8656 -33.2602 26.8861 39.9426
ENERGY:  365000         0.0000         0.0000         0.0000         0.0000          -5634.0667       406.2658         0.0000         0.0000       920.7599          -4307.0410       292.5173     -5227.8009     -4305.1070       296.8285           -322.8840      -311.9567     22802.7791      -197.0424      -197.0700

LDB: ============= START OF LOAD BALANCING ============== 709.154
LDB: ============== END OF LOAD BALANCING =============== 709.154
Info: useSync: 0 useProxySync: 0
LDB: =============== DONE WITH MIGRATION ================ 709.154
LDB: ============= START OF LOAD BALANCING ============== 709.217
LDB: Largest compute 52 load 0.013011 is 24.5% of average load 0.053054
LDB: Average compute 0.003734 is 7.0% of average load 0.053054
LDB: TIME 709.217 LOAD: AVG 0.0530544 MAX 0.0575712  PROXIES: TOTAL 24 MAXPE 4 MAXPATCH 6 None MEM: 0.457216 MB
LDB: TIME 709.217 LOAD: AVG 0.0530544 MAX 0.0575712  PROXIES: TOTAL 30 MAXPE 4 MAXPATCH 9 RefineTorusLB MEM: 0.457216 MB
LDB: TIME 709.217 LOAD: AVG 0.0530544 MAX 0.0575712  PROXIES: TOTAL 30 MAXPE 4 MAXPATCH 9 RefineTorusLB MEM: 0.457216 MB
LDB: ============== END OF LOAD BALANCING =============== 709.217
Info: useSync: 0 useProxySync: 0
LDB: =============== DONE WITH MIGRATION ================ 709.218
LDB: ============= START OF LOAD BALANCING ============== 711.692
LDB: ============== END OF LOAD BALANCING =============== 711.695
Info: useSync: 0 useProxySync: 0
LDB: =============== DONE WITH MIGRATION ================ 711.696
LDB: ============= START OF LOAD BALANCING ============== 711.759
LDB: Largest compute 163 load 0.013358 is 24.9% of average load 0.053643
LDB: Average compute 0.003781 is 7.0% of average load 0.053643
LDB: TIME 711.759 LOAD: AVG 0.0536428 MAX 0.0584313  PROXIES: TOTAL 24 MAXPE 4 MAXPATCH 6 None MEM: 0.457216 MB
LDB: TIME 711.759 LOAD: AVG 0.0536428 MAX 0.0584313  PROXIES: TOTAL 30 MAXPE 4 MAXPATCH 9 RefineTorusLB MEM: 0.457216 MB
LDB: TIME 711.759 LOAD: AVG 0.0536428 MAX 0.0584313  PROXIES: TOTAL 30 MAXPE 4 MAXPATCH 9 RefineTorusLB MEM: 0.457216 MB
LDB: ============== END OF LOAD BALANCING =============== 711.759
Info: useSync: 0 useProxySync: 0
LDB: =============== DONE WITH MIGRATION ================ 711.76
WRITING COORDINATES TO DCD FILE MDequil.dcd AT STEP 370000
PRESSURE: 370000 -148.84 46.2098 20.7151 301.74 436.789 -597.295 374.373 -9.20114 1533.53
GPRESSURE: 370000 55.2146 60.9498 -37.3569 449.065 532.788 -784.346 294.648 91.4909 1296.84
PRESSAVG: 370000 -219.866 -16.2564 -47.0664 -26.5572 -258.291 -65.3934 -10.7786 35.6184 -9.1485
GPRESSAVG: 370000 -219.758 -16.2619 -47.1142 -26.64 -258.58 -65.3071 -10.5074 35.9402 -9.16497
ENERGY:  370000         0.0000         0.0000         0.0000         0.0000          -5693.2996       447.8589         0.0000         0.0000       946.4713          -4298.9694       300.6856     -5245.4407     -4297.7938       297.6454            607.1597       628.2824     22545.6612      -162.4352      -162.5009

LDB: ============= START OF LOAD BALANCING ============== 714.26
LDB: ============== END OF LOAD BALANCING =============== 714.26
Info: useSync: 0 useProxySync: 0
LDB: =============== DONE WITH MIGRATION ================ 714.26
LDB: ============= START OF LOAD BALANCING ============== 714.323
LDB: Largest compute 164 load 0.012923 is 24.3% of average load 0.053146
LDB: Average compute 0.003746 is 7.0% of average load 0.053146
LDB: TIME 714.323 LOAD: AVG 0.0531459 MAX 0.0574368  PROXIES: TOTAL 24 MAXPE 4 MAXPATCH 6 None MEM: 0.457216 MB
LDB: TIME 714.323 LOAD: AVG 0.0531459 MAX 0.0574368  PROXIES: TOTAL 30 MAXPE 4 MAXPATCH 9 RefineTorusLB MEM: 0.457216 MB
LDB: TIME 714.323 LOAD: AVG 0.0531459 MAX 0.0574368  PROXIES: TOTAL 30 MAXPE 4 MAXPATCH 9 RefineTorusLB MEM: 0.457216 MB
LDB: ============== END OF LOAD BALANCING =============== 714.323
Info: useSync: 0 useProxySync: 0
LDB: =============== DONE WITH MIGRATION ================ 714.323
LDB: ============= START OF LOAD BALANCING ============== 716.877
LDB: ============== END OF LOAD BALANCING =============== 716.877
Info: useSync: 0 useProxySync: 0
LDB: =============== DONE WITH MIGRATION ================ 716.877
LDB: ============= START OF LOAD BALANCING ============== 716.941
LDB: Largest compute 164 load 0.013727 is 25.6% of average load 0.053718
LDB: Average compute 0.003788 is 7.1% of average load 0.053718
LDB: TIME 716.941 LOAD: AVG 0.0537177 MAX 0.0598547  PROXIES: TOTAL 24 MAXPE 4 MAXPATCH 6 None MEM: 0.457216 MB
LDB: TIME 716.941 LOAD: AVG 0.0537177 MAX 0.0598547  PROXIES: TOTAL 30 MAXPE 4 MAXPATCH 9 RefineTorusLB MEM: 0.457216 MB
LDB: TIME 716.941 LOAD: AVG 0.0537177 MAX 0.058446  PROXIES: TOTAL 30 MAXPE 4 MAXPATCH 9 RefineTorusLB MEM: 0.457216 MB
LDB: ============== END OF LOAD BALANCING =============== 716.941
Info: useSync: 0 useProxySync: 0
LDB: =============== DONE WITH MIGRATION ================ 716.942
LDB: ============= START OF LOAD BALANCING ============== 719.477
LDB: ============== END OF LOAD BALANCING =============== 719.477
Info: useSync: 0 useProxySync: 0
LDB: =============== DONE WITH MIGRATION ================ 719.477
LDB: ============= START OF LOAD BALANCING ============== 719.541
LDB: Largest compute 163 load 0.013223 is 25.0% of average load 0.052928
LDB: Average compute 0.003728 is 7.0% of average load 0.052928
LDB: TIME 719.542 LOAD: AVG 0.0529276 MAX 0.0568478  PROXIES: TOTAL 24 MAXPE 4 MAXPATCH 6 None MEM: 0.457216 MB
LDB: TIME 719.542 LOAD: AVG 0.0529276 MAX 0.0568478  PROXIES: TOTAL 30 MAXPE 4 MAXPATCH 9 RefineTorusLB MEM: 0.457216 MB
LDB: TIME 719.542 LOAD: AVG 0.0529276 MAX 0.0568478  PROXIES: TOTAL 30 MAXPE 4 MAXPATCH 9 RefineTorusLB MEM: 0.457216 MB
LDB: ============== END OF LOAD BALANCING =============== 719.542
Info: useSync: 0 useProxySync: 0
LDB: =============== DONE WITH MIGRATION ================ 719.542
WRITING COORDINATES TO DCD FILE MDequil.dcd AT STEP 375000
PRESSURE: 375000 -880.092 426.189 -350.067 202.203 -904.346 612.188 340.996 784.514 782.661
GPRESSURE: 375000 -871.537 483.625 -215.238 -68.1609 -1032.58 319.793 354.679 1004.44 968.493
PRESSAVG: 375000 -326.171 21.738 -55.5868 27.3069 -297.396 43.0833 -85.4088 0.96379 5.84747
GPRESSAVG: 375000 -326.249 21.322 -55.8869 27.48 -297.319 43.1765 -85.6297 0.804217 5.87027
ENERGY:  375000         0.0000         0.0000         0.0000         0.0000          -5517.9628       372.4160         0.0000         0.0000       931.0586          -4214.4883       295.7891     -5145.5469     -4213.2014       299.5943           -333.9256      -311.8740     22628.6803      -205.9066      -205.8992

LDB: ============= START OF LOAD BALANCING ============== 722.066
LDB: ============== END OF LOAD BALANCING =============== 722.066
Info: useSync: 0 useProxySync: 0
LDB: =============== DONE WITH MIGRATION ================ 722.066
LDB: ============= START OF LOAD BALANCING ============== 722.131
LDB: Largest compute 163 load 0.012078 is 22.7% of average load 0.053304
LDB: Average compute 0.003761 is 7.1% of average load 0.053304
LDB: TIME 722.131 LOAD: AVG 0.053304 MAX 0.0588877  PROXIES: TOTAL 24 MAXPE 4 MAXPATCH 6 None MEM: 0.457216 MB
LDB: TIME 722.131 LOAD: AVG 0.053304 MAX 0.0588877  PROXIES: TOTAL 30 MAXPE 4 MAXPATCH 9 RefineTorusLB MEM: 0.457216 MB
LDB: TIME 722.132 LOAD: AVG 0.053304 MAX 0.0574411  PROXIES: TOTAL 30 MAXPE 4 MAXPATCH 9 RefineTorusLB MEM: 0.457216 MB
LDB: ============== END OF LOAD BALANCING =============== 722.132
Info: useSync: 0 useProxySync: 0
LDB: =============== DONE WITH MIGRATION ================ 722.132
LDB: ============= START OF LOAD BALANCING ============== 724.628
LDB: ============== END OF LOAD BALANCING =============== 724.629
Info: useSync: 0 useProxySync: 0
LDB: =============== DONE WITH MIGRATION ================ 724.629
LDB: ============= START OF LOAD BALANCING ============== 724.692
LDB: Largest compute 163 load 0.013469 is 25.5% of average load 0.052733
LDB: Average compute 0.003713 is 7.0% of average load 0.052733
LDB: TIME 724.692 LOAD: AVG 0.0527326 MAX 0.0554341  PROXIES: TOTAL 24 MAXPE 4 MAXPATCH 6 None MEM: 0.457216 MB
LDB: TIME 724.692 LOAD: AVG 0.0527326 MAX 0.0554341  PROXIES: TOTAL 30 MAXPE 4 MAXPATCH 9 RefineTorusLB MEM: 0.457216 MB
LDB: TIME 724.692 LOAD: AVG 0.0527326 MAX 0.0554341  PROXIES: TOTAL 30 MAXPE 4 MAXPATCH 9 RefineTorusLB MEM: 0.457216 MB
LDB: ============== END OF LOAD BALANCING =============== 724.692
Info: useSync: 0 useProxySync: 0
LDB: =============== DONE WITH MIGRATION ================ 724.693
WRITING COORDINATES TO DCD FILE MDequil.dcd AT STEP 380000
PRESSURE: 380000 -1301.99 -326.806 177.735 -390.089 -795.669 403.678 363.827 198.404 -793.297
GPRESSURE: 380000 -1400.4 -566.749 -41.6694 -179.841 -771.821 400.105 495.815 178.471 -647.262
PRESSAVG: 380000 -369.46 27.8512 11.2114 -5.68266 -274.397 -9.34127 18.1224 12.4259 15.4115
GPRESSAVG: 380000 -369.524 27.8771 11.0555 -5.78117 -274.461 -9.8605 18.5392 12.5511 15.1701
ENERGY:  380000         0.0000         0.0000         0.0000         0.0000          -5523.0805       309.0374         0.0000         0.0000       936.0701          -4277.9730       297.3812     -5214.0431     -4274.7381       305.4987           -963.6531      -939.8281     22421.6279      -209.4817      -209.6048

LDB: ============= START OF LOAD BALANCING ============== 727.189
LDB: ============== END OF LOAD BALANCING =============== 727.189
Info: useSync: 0 useProxySync: 0
LDB: =============== DONE WITH MIGRATION ================ 727.189
LDB: ============= START OF LOAD BALANCING ============== 727.254
LDB: Largest compute 52 load 0.012707 is 23.7% of average load 0.053650
LDB: Average compute 0.003788 is 7.1% of average load 0.053650
LDB: TIME 727.254 LOAD: AVG 0.0536502 MAX 0.0577396  PROXIES: TOTAL 24 MAXPE 4 MAXPATCH 6 None MEM: 0.457216 MB
LDB: TIME 727.254 LOAD: AVG 0.0536502 MAX 0.0577396  PROXIES: TOTAL 30 MAXPE 4 MAXPATCH 9 RefineTorusLB MEM: 0.457216 MB
LDB: TIME 727.254 LOAD: AVG 0.0536502 MAX 0.0577396  PROXIES: TOTAL 30 MAXPE 4 MAXPATCH 9 RefineTorusLB MEM: 0.457216 MB
LDB: ============== END OF LOAD BALANCING =============== 727.254
Info: useSync: 0 useProxySync: 0
LDB: =============== DONE WITH MIGRATION ================ 727.255
LDB: ============= START OF LOAD BALANCING ============== 729.749
LDB: ============== END OF LOAD BALANCING =============== 729.75
Info: useSync: 0 useProxySync: 0
LDB: =============== DONE WITH MIGRATION ================ 729.75
LDB: ============= START OF LOAD BALANCING ============== 729.814
LDB: Largest compute 52 load 0.013433 is 25.1% of average load 0.053453
LDB: Average compute 0.003767 is 7.0% of average load 0.053453
LDB: TIME 729.814 LOAD: AVG 0.0534532 MAX 0.0563092  PROXIES: TOTAL 24 MAXPE 4 MAXPATCH 6 None MEM: 0.457216 MB
LDB: TIME 729.814 LOAD: AVG 0.0534532 MAX 0.0563092  PROXIES: TOTAL 30 MAXPE 4 MAXPATCH 9 RefineTorusLB MEM: 0.457216 MB
LDB: TIME 729.814 LOAD: AVG 0.0534532 MAX 0.0563092  PROXIES: TOTAL 30 MAXPE 4 MAXPATCH 9 RefineTorusLB MEM: 0.457216 MB
LDB: ============== END OF LOAD BALANCING =============== 729.815
Info: useSync: 0 useProxySync: 0
LDB: =============== DONE WITH MIGRATION ================ 729.815
LDB: ============= START OF LOAD BALANCING ============== 735.554
LDB: ============== END OF LOAD BALANCING =============== 735.554
Info: useSync: 0 useProxySync: 0
LDB: =============== DONE WITH MIGRATION ================ 735.562
LDB: ============= START OF LOAD BALANCING ============== 735.893
LDB: Largest compute 140 load 0.022221 is 38.5% of average load 0.057664
LDB: Average compute 0.003898 is 6.8% of average load 0.057664
LDB: TIME 735.895 LOAD: AVG 0.057664 MAX 0.104663  PROXIES: TOTAL 24 MAXPE 4 MAXPATCH 6 None MEM: 0.457216 MB
LDB: TIME 735.895 LOAD: AVG 0.057664 MAX 0.104663  PROXIES: TOTAL 30 MAXPE 4 MAXPATCH 9 RefineTorusLB MEM: 0.457216 MB
LDB: TIME 735.895 LOAD: AVG 0.057664 MAX 0.0620699  PROXIES: TOTAL 30 MAXPE 4 MAXPATCH 9 RefineTorusLB MEM: 0.457216 MB
LDB: ============== END OF LOAD BALANCING =============== 735.895
Info: useSync: 0 useProxySync: 0
LDB: =============== DONE WITH MIGRATION ================ 735.895
WRITING COORDINATES TO DCD FILE MDequil.dcd AT STEP 385000
PRESSURE: 385000 -283.064 286.135 312.768 146.873 -217.572 233.95 -113.017 159.517 -55.6041
GPRESSURE: 385000 -425.915 172.706 303.735 114.497 -80.5812 164.729 142.41 120.628 -15.203
PRESSAVG: 385000 -353.948 -37.0641 5.94459 -41.2826 -405.961 55.8495 18.1845 27.2373 -4.67587
GPRESSAVG: 385000 -354.101 -37.186 6.97911 -41.4215 -405.775 55.8754 17.984 27.5561 -5.15411
ENERGY:  385000         0.0000         0.0000         0.0000         0.0000          -5642.9632       400.4889         0.0000         0.0000       917.6688          -4324.8055       291.5353     -5242.4743     -4322.3989       300.8643           -185.4135      -173.8997     22733.8185      -254.8616      -255.0101

LDB: ============= START OF LOAD BALANCING ============== 749.494
LDB: ============== END OF LOAD BALANCING =============== 749.496
Info: useSync: 0 useProxySync: 0
LDB: =============== DONE WITH MIGRATION ================ 749.519
LDB: ============= START OF LOAD BALANCING ============== 749.802
LDB: Largest compute 7 load 0.013388 is 26.8% of average load 0.050009
LDB: Average compute 0.003424 is 6.8% of average load 0.050009
LDB: TIME 749.807 LOAD: AVG 0.0500094 MAX 0.058237  PROXIES: TOTAL 24 MAXPE 4 MAXPATCH 6 None MEM: 0.457216 MB
LDB: TIME 749.807 LOAD: AVG 0.0500094 MAX 0.058237  PROXIES: TOTAL 30 MAXPE 4 MAXPATCH 9 RefineTorusLB MEM: 0.457216 MB
LDB: TIME 749.807 LOAD: AVG 0.0500094 MAX 0.0545232  PROXIES: TOTAL 30 MAXPE 4 MAXPATCH 9 RefineTorusLB MEM: 0.457216 MB
LDB: ============== END OF LOAD BALANCING =============== 749.814
Info: useSync: 0 useProxySync: 0
LDB: =============== DONE WITH MIGRATION ================ 749.866
LDB: ============= START OF LOAD BALANCING ============== 760.561
LDB: ============== END OF LOAD BALANCING =============== 760.564
Info: useSync: 0 useProxySync: 0
LDB: =============== DONE WITH MIGRATION ================ 760.579
LDB: ============= START OF LOAD BALANCING ============== 760.804
LDB: Largest compute 142 load 0.013554 is 26.1% of average load 0.051842
LDB: Average compute 0.003570 is 6.9% of average load 0.051842
LDB: TIME 760.816 LOAD: AVG 0.0518419 MAX 0.0611097  PROXIES: TOTAL 24 MAXPE 4 MAXPATCH 6 None MEM: 0.457216 MB
LDB: TIME 760.816 LOAD: AVG 0.0518419 MAX 0.0611097  PROXIES: TOTAL 30 MAXPE 4 MAXPATCH 9 RefineTorusLB MEM: 0.457216 MB
LDB: TIME 760.816 LOAD: AVG 0.0518419 MAX 0.056423  PROXIES: TOTAL 30 MAXPE 4 MAXPATCH 9 RefineTorusLB MEM: 0.457216 MB
LDB: ============== END OF LOAD BALANCING =============== 760.828
Info: useSync: 0 useProxySync: 0
LDB: =============== DONE WITH MIGRATION ================ 760.876
PRESSURE: 390000 -968.784 518.957 561.034 463.866 -521.671 245.281 103.496 -299.396 1514.96
GPRESSURE: 390000 -975.728 753.826 560.15 414.433 -418.62 76.3355 -36.7573 -212.992 1513.85
PRESSAVG: 390000 -391.176 -43.4312 7.29478 -34.1713 -282.365 -5.062 -26.3026 -25.1867 3.49147
GPRESSAVG: 390000 -390.98 -43.333 7.22576 -34.2098 -282.513 -5.01662 -25.8823 -25.5969 3.6062
ENERGY:  390000         0.0000         0.0000         0.0000         0.0000          -5627.7291       412.7030         0.0000         0.0000       937.6156          -4277.4105       297.8722     -5215.0261     -4274.1566       301.4330              8.1683        39.8354     22591.4169      -223.3497      -223.2955

WRITING COORDINATES TO DCD FILE MDequil.dcd AT STEP 390000
LDB: ============= START OF LOAD BALANCING ============== 773.368
LDB: ============== END OF LOAD BALANCING =============== 773.37
Info: useSync: 0 useProxySync: 0
LDB: =============== DONE WITH MIGRATION ================ 773.379
LDB: ============= START OF LOAD BALANCING ============== 773.71
LDB: Largest compute 52 load 0.011841 is 23.7% of average load 0.050064
LDB: Average compute 0.003363 is 6.7% of average load 0.050064
LDB: TIME 773.714 LOAD: AVG 0.0500644 MAX 0.0600004  PROXIES: TOTAL 24 MAXPE 4 MAXPATCH 6 None MEM: 0.457216 MB
LDB: TIME 773.714 LOAD: AVG 0.0500644 MAX 0.0600004  PROXIES: TOTAL 30 MAXPE 4 MAXPATCH 9 RefineTorusLB MEM: 0.457216 MB
LDB: TIME 773.714 LOAD: AVG 0.0500644 MAX 0.0542773  PROXIES: TOTAL 30 MAXPE 4 MAXPATCH 9 RefineTorusLB MEM: 0.457216 MB
LDB: ============== END OF LOAD BALANCING =============== 773.716
Info: useSync: 0 useProxySync: 0
LDB: =============== DONE WITH MIGRATION ================ 773.732
LDB: ============= START OF LOAD BALANCING ============== 785.394
LDB: ============== END OF LOAD BALANCING =============== 785.397
Info: useSync: 0 useProxySync: 0
LDB: =============== DONE WITH MIGRATION ================ 785.406
LDB: ============= START OF LOAD BALANCING ============== 785.62
LDB: Largest compute 140 load 0.012067 is 23.0% of average load 0.052354
LDB: Average compute 0.003629 is 6.9% of average load 0.052354
LDB: TIME 785.626 LOAD: AVG 0.0523544 MAX 0.0664802  PROXIES: TOTAL 24 MAXPE 4 MAXPATCH 6 None MEM: 0.457216 MB
LDB: TIME 785.626 LOAD: AVG 0.0523544 MAX 0.0664802  PROXIES: TOTAL 30 MAXPE 4 MAXPATCH 9 RefineTorusLB MEM: 0.457216 MB
LDB: TIME 785.626 LOAD: AVG 0.0523544 MAX 0.0570673  PROXIES: TOTAL 30 MAXPE 4 MAXPATCH 9 RefineTorusLB MEM: 0.457216 MB
LDB: ============== END OF LOAD BALANCING =============== 785.632
Info: useSync: 0 useProxySync: 0
LDB: =============== DONE WITH MIGRATION ================ 785.688
LDB: ============= START OF LOAD BALANCING ============== 788.386
LDB: ============== END OF LOAD BALANCING =============== 788.386
Info: useSync: 0 useProxySync: 0
LDB: =============== DONE WITH MIGRATION ================ 788.386
LDB: ============= START OF LOAD BALANCING ============== 788.446
LDB: Largest compute 141 load 0.011437 is 23.1% of average load 0.049595
LDB: Average compute 0.003485 is 7.0% of average load 0.049595
LDB: TIME 788.447 LOAD: AVG 0.0495946 MAX 0.0554188  PROXIES: TOTAL 24 MAXPE 4 MAXPATCH 6 None MEM: 0.457216 MB
LDB: TIME 788.447 LOAD: AVG 0.0495946 MAX 0.0554188  PROXIES: TOTAL 30 MAXPE 4 MAXPATCH 9 RefineTorusLB MEM: 0.457216 MB
LDB: TIME 788.447 LOAD: AVG 0.0495946 MAX 0.0540574  PROXIES: TOTAL 30 MAXPE 4 MAXPATCH 9 RefineTorusLB MEM: 0.457216 MB
LDB: ============== END OF LOAD BALANCING =============== 788.447
Info: useSync: 0 useProxySync: 0
LDB: =============== DONE WITH MIGRATION ================ 788.447
WRITING COORDINATES TO DCD FILE MDequil.dcd AT STEP 395000
PRESSURE: 395000 -854.477 198.99 -522.682 416.441 -438.038 -353.103 -813.006 -451.575 -827.119
GPRESSURE: 395000 -884.282 -66.8707 -552.43 674.755 -346.889 -270.252 -546.543 -628.27 -803.441
PRESSAVG: 395000 -279.781 16.2808 30.1554 14.9853 -322.394 0.360494 -30.349 48.1075 2.57951
GPRESSAVG: 395000 -279.68 16.1366 30.0188 15.404 -322.474 0.449013 -30.8005 47.75 2.66783
ENERGY:  395000         0.0000         0.0000         0.0000         0.0000          -5661.7129       384.4743         0.0000         0.0000       982.6190          -4294.6197       312.1694     -5277.2387     -4292.1646       300.0247           -706.5450      -678.2040     22636.2179      -199.8652      -199.8287

LDB: ============= START OF LOAD BALANCING ============== 790.77
LDB: ============== END OF LOAD BALANCING =============== 790.77
Info: useSync: 0 useProxySync: 0
LDB: =============== DONE WITH MIGRATION ================ 790.77
LDB: ============= START OF LOAD BALANCING ============== 790.829
LDB: Largest compute 5 load 0.011834 is 24.3% of average load 0.048635
LDB: Average compute 0.003409 is 7.0% of average load 0.048635
LDB: TIME 790.829 LOAD: AVG 0.048635 MAX 0.0529927  PROXIES: TOTAL 24 MAXPE 4 MAXPATCH 6 None MEM: 0.457216 MB
LDB: TIME 790.829 LOAD: AVG 0.048635 MAX 0.0529927  PROXIES: TOTAL 30 MAXPE 4 MAXPATCH 9 RefineTorusLB MEM: 0.457216 MB
LDB: TIME 790.829 LOAD: AVG 0.048635 MAX 0.0529927  PROXIES: TOTAL 30 MAXPE 4 MAXPATCH 9 RefineTorusLB MEM: 0.457216 MB
LDB: ============== END OF LOAD BALANCING =============== 790.829
Info: useSync: 0 useProxySync: 0
LDB: =============== DONE WITH MIGRATION ================ 790.829
LDB: ============= START OF LOAD BALANCING ============== 793.142
LDB: ============== END OF LOAD BALANCING =============== 793.143
Info: useSync: 0 useProxySync: 0
LDB: =============== DONE WITH MIGRATION ================ 793.143
LDB: ============= START OF LOAD BALANCING ============== 793.203
LDB: Largest compute 7 load 0.012536 is 25.2% of average load 0.049662
LDB: Average compute 0.003491 is 7.0% of average load 0.049662
LDB: TIME 793.203 LOAD: AVG 0.0496621 MAX 0.0545543  PROXIES: TOTAL 24 MAXPE 4 MAXPATCH 6 None MEM: 0.457216 MB
LDB: TIME 793.203 LOAD: AVG 0.0496621 MAX 0.0545543  PROXIES: TOTAL 30 MAXPE 4 MAXPATCH 9 RefineTorusLB MEM: 0.457216 MB
LDB: TIME 793.203 LOAD: AVG 0.0496621 MAX 0.0539961  PROXIES: TOTAL 30 MAXPE 4 MAXPATCH 9 RefineTorusLB MEM: 0.457216 MB
LDB: ============== END OF LOAD BALANCING =============== 793.203
Info: useSync: 0 useProxySync: 0
LDB: =============== DONE WITH MIGRATION ================ 793.204
WRITING COORDINATES TO DCD FILE MDequil.dcd AT STEP 400000
WRITING COORDINATES TO RESTART FILE AT STEP 400000
FINISHED WRITING RESTART COORDINATES
WRITING VELOCITIES TO RESTART FILE AT STEP 400000
FINISHED WRITING RESTART VELOCITIES
PRESSURE: 400000 -499.628 -136.716 141.121 -305.052 -42.4345 84.4324 -106.703 -151.376 -824.193
GPRESSURE: 400000 -659.78 148.236 -190.196 -506.232 -46.1924 -105 -225.206 -130.076 -604.456
PRESSAVG: 400000 -360.672 80.3564 61.8828 59.1463 -316.512 1.07906 12.5987 -31.7051 12.0655
GPRESSAVG: 400000 -360.707 80.6199 61.8897 58.7097 -316.348 0.738559 12.495 -31.7256 12.1921
TIMING: 400000  CPU: 751.938, 0.00204593/step  Wall: 783.733, 0.00214251/step, 0.0595141 hours remaining, 0.457216 MB of memory in use.
PERFORMANCE: 400000  averaging 88.1994 ns/day, 0.0019592 sec/step with standard deviation 0.000668956
ETITLE:      TS           BOND          ANGLE          DIHED          IMPRP               ELECT            VDW       BOUNDARY           MISC        KINETIC               TOTAL           TEMP      POTENTIAL         TOTAL3        TEMPAVG            PRESSURE      GPRESSURE         VOLUME       PRESSAVG      GPRESSAVG

ENERGY:  400000         0.0000         0.0000         0.0000         0.0000          -5603.0465       392.9659         0.0000         0.0000       953.1581          -4256.9225       302.8100     -5210.0806     -4254.7573       295.6859           -455.4183      -436.8094     22737.1921      -221.7061      -221.6210

WRITING EXTENDED SYSTEM TO RESTART FILE AT STEP 400000
LDB: ============= START OF LOAD BALANCING ============== 795.694
LDB: ============== END OF LOAD BALANCING =============== 795.694
Info: useSync: 0 useProxySync: 0
LDB: =============== DONE WITH MIGRATION ================ 795.694
LDB: ============= START OF LOAD BALANCING ============== 795.758
LDB: Largest compute 164 load 0.012630 is 23.7% of average load 0.053222
LDB: Average compute 0.003739 is 7.0% of average load 0.053222
LDB: TIME 795.758 LOAD: AVG 0.0532223 MAX 0.0587309  PROXIES: TOTAL 24 MAXPE 4 MAXPATCH 6 None MEM: 0.457216 MB
LDB: TIME 795.758 LOAD: AVG 0.0532223 MAX 0.0587309  PROXIES: TOTAL 30 MAXPE 4 MAXPATCH 9 RefineTorusLB MEM: 0.457216 MB
LDB: TIME 795.758 LOAD: AVG 0.0532223 MAX 0.0579952  PROXIES: TOTAL 30 MAXPE 4 MAXPATCH 9 RefineTorusLB MEM: 0.457216 MB
LDB: ============== END OF LOAD BALANCING =============== 795.758
Info: useSync: 0 useProxySync: 0
LDB: =============== DONE WITH MIGRATION ================ 795.759
LDB: ============= START OF LOAD BALANCING ============== 798.28
LDB: ============== END OF LOAD BALANCING =============== 798.28
Info: useSync: 0 useProxySync: 0
LDB: =============== DONE WITH MIGRATION ================ 798.28
LDB: ============= START OF LOAD BALANCING ============== 798.344
LDB: Largest compute 52 load 0.012449 is 23.6% of average load 0.052682
LDB: Average compute 0.003690 is 7.0% of average load 0.052682
LDB: TIME 798.344 LOAD: AVG 0.0526822 MAX 0.0578  PROXIES: TOTAL 24 MAXPE 4 MAXPATCH 6 None MEM: 0.457216 MB
LDB: TIME 798.344 LOAD: AVG 0.0526822 MAX 0.0578  PROXIES: TOTAL 30 MAXPE 4 MAXPATCH 9 RefineTorusLB MEM: 0.457216 MB
LDB: TIME 798.344 LOAD: AVG 0.0526822 MAX 0.0573699  PROXIES: TOTAL 30 MAXPE 4 MAXPATCH 9 RefineTorusLB MEM: 0.457216 MB
LDB: ============== END OF LOAD BALANCING =============== 798.344
Info: useSync: 0 useProxySync: 0
LDB: =============== DONE WITH MIGRATION ================ 798.344
LDB: ============= START OF LOAD BALANCING ============== 800.889
LDB: ============== END OF LOAD BALANCING =============== 800.889
Info: useSync: 0 useProxySync: 0
LDB: =============== DONE WITH MIGRATION ================ 800.889
LDB: ============= START OF LOAD BALANCING ============== 800.955
LDB: Largest compute 164 load 0.012888 is 24.3% of average load 0.053001
LDB: Average compute 0.003725 is 7.0% of average load 0.053001
LDB: TIME 800.955 LOAD: AVG 0.053001 MAX 0.0612978  PROXIES: TOTAL 24 MAXPE 4 MAXPATCH 6 None MEM: 0.457216 MB
LDB: TIME 800.955 LOAD: AVG 0.053001 MAX 0.0612978  PROXIES: TOTAL 30 MAXPE 4 MAXPATCH 9 RefineTorusLB MEM: 0.457216 MB
LDB: TIME 800.955 LOAD: AVG 0.053001 MAX 0.0577248  PROXIES: TOTAL 30 MAXPE 4 MAXPATCH 9 RefineTorusLB MEM: 0.457216 MB
LDB: ============== END OF LOAD BALANCING =============== 800.955
Info: useSync: 0 useProxySync: 0
LDB: =============== DONE WITH MIGRATION ================ 800.955
WRITING COORDINATES TO DCD FILE MDequil.dcd AT STEP 405000
PRESSURE: 405000 -492.377 429.545 83.4262 508.548 214.303 -229.609 -186.518 -81.7916 281.169
GPRESSURE: 405000 -378.533 707.386 144.969 727.046 178.34 31.21 19.5504 -262.142 263.355
PRESSAVG: 405000 -372.242 -24.8843 12.0146 -4.44829 -308.674 81.9911 35.5558 70.0334 -15.1297
GPRESSAVG: 405000 -372.356 -24.4441 12.5922 -4.4574 -308.393 81.519 35.9921 70.4 -15.2839
ENERGY:  405000         0.0000         0.0000         0.0000         0.0000          -5636.1292       421.5696         0.0000         0.0000       984.7846          -4229.7750       312.8574     -5214.5596     -4227.4607       302.2796              1.0317        21.0537     22887.8697      -232.0153      -232.0109

LDB: ============= START OF LOAD BALANCING ============== 803.508
LDB: ============== END OF LOAD BALANCING =============== 803.509
Info: useSync: 0 useProxySync: 0
LDB: =============== DONE WITH MIGRATION ================ 803.509
LDB: ============= START OF LOAD BALANCING ============== 803.574
LDB: Largest compute 52 load 0.012781 is 24.1% of average load 0.053046
LDB: Average compute 0.003725 is 7.0% of average load 0.053046
LDB: TIME 803.574 LOAD: AVG 0.0530465 MAX 0.0579604  PROXIES: TOTAL 24 MAXPE 4 MAXPATCH 6 None MEM: 0.457216 MB
LDB: TIME 803.574 LOAD: AVG 0.0530465 MAX 0.0579604  PROXIES: TOTAL 30 MAXPE 4 MAXPATCH 9 RefineTorusLB MEM: 0.457216 MB
LDB: TIME 803.574 LOAD: AVG 0.0530465 MAX 0.0577193  PROXIES: TOTAL 30 MAXPE 4 MAXPATCH 9 RefineTorusLB MEM: 0.457216 MB
LDB: ============== END OF LOAD BALANCING =============== 803.575
Info: useSync: 0 useProxySync: 0
LDB: =============== DONE WITH MIGRATION ================ 803.575
LDB: ============= START OF LOAD BALANCING ============== 806.16
LDB: ============== END OF LOAD BALANCING =============== 806.16
Info: useSync: 0 useProxySync: 0
LDB: =============== DONE WITH MIGRATION ================ 806.16
LDB: ============= START OF LOAD BALANCING ============== 806.226
LDB: Largest compute 164 load 0.012926 is 24.3% of average load 0.053222
LDB: Average compute 0.003735 is 7.0% of average load 0.053222
LDB: TIME 806.226 LOAD: AVG 0.0532221 MAX 0.0589197  PROXIES: TOTAL 24 MAXPE 4 MAXPATCH 6 None MEM: 0.457216 MB
LDB: TIME 806.226 LOAD: AVG 0.0532221 MAX 0.0589197  PROXIES: TOTAL 30 MAXPE 4 MAXPATCH 9 RefineTorusLB MEM: 0.457216 MB
LDB: TIME 806.227 LOAD: AVG 0.0532221 MAX 0.0580654  PROXIES: TOTAL 30 MAXPE 4 MAXPATCH 9 RefineTorusLB MEM: 0.457216 MB
LDB: ============== END OF LOAD BALANCING =============== 806.227
Info: useSync: 0 useProxySync: 0
LDB: =============== DONE WITH MIGRATION ================ 806.227
PRESSURE: 410000 21.9762 -191.291 147.639 -66.4796 70.4901 435.101 991.63 640.975 572.739
GPRESSURE: 410000 -44.7716 -363.863 328.464 102.25 106.72 194.854 1017.05 770.591 661.836
PRESSAVG: 410000 -335.377 -16.5767 19.0413 10.3573 -300.458 -0.278866 -16.8796 7.35133 5.8957
GPRESSAVG: 410000 -334.997 -16.9637 19.1249 10.4907 -300.603 0.358474 -17.1645 6.83243 5.88498
ENERGY:  410000         0.0000         0.0000         0.0000         0.0000          -5665.6155       433.5479         0.0000         0.0000       924.8345          -4307.2331       293.8118     -5232.0676     -4305.1033       298.4376            221.7351       241.2617     22575.7205      -209.9796      -209.9048

WRITING COORDINATES TO DCD FILE MDequil.dcd AT STEP 410000
LDB: ============= START OF LOAD BALANCING ============== 808.778
LDB: ============== END OF LOAD BALANCING =============== 808.778
Info: useSync: 0 useProxySync: 0
LDB: =============== DONE WITH MIGRATION ================ 808.778
LDB: ============= START OF LOAD BALANCING ============== 808.844
LDB: Largest compute 164 load 0.012662 is 23.6% of average load 0.053629
LDB: Average compute 0.003771 is 7.0% of average load 0.053629
LDB: TIME 808.844 LOAD: AVG 0.0536294 MAX 0.0580776  PROXIES: TOTAL 24 MAXPE 4 MAXPATCH 6 None MEM: 0.457216 MB
LDB: TIME 808.845 LOAD: AVG 0.0536294 MAX 0.0580776  PROXIES: TOTAL 30 MAXPE 4 MAXPATCH 9 RefineTorusLB MEM: 0.457216 MB
LDB: TIME 808.845 LOAD: AVG 0.0536294 MAX 0.0580776  PROXIES: TOTAL 30 MAXPE 4 MAXPATCH 9 RefineTorusLB MEM: 0.457216 MB
LDB: ============== END OF LOAD BALANCING =============== 808.845
Info: useSync: 0 useProxySync: 0
LDB: =============== DONE WITH MIGRATION ================ 808.845
LDB: ============= START OF LOAD BALANCING ============== 811.414
LDB: ============== END OF LOAD BALANCING =============== 811.414
Info: useSync: 0 useProxySync: 0
LDB: =============== DONE WITH MIGRATION ================ 811.414
LDB: ============= START OF LOAD BALANCING ============== 811.48
LDB: Largest compute 52 load 0.013785 is 25.9% of average load 0.053200
LDB: Average compute 0.003740 is 7.0% of average load 0.053200
LDB: TIME 811.48 LOAD: AVG 0.0532001 MAX 0.0565952  PROXIES: TOTAL 24 MAXPE 4 MAXPATCH 6 None MEM: 0.457216 MB
LDB: TIME 811.48 LOAD: AVG 0.0532001 MAX 0.0565952  PROXIES: TOTAL 30 MAXPE 4 MAXPATCH 9 RefineTorusLB MEM: 0.457216 MB
LDB: TIME 811.48 LOAD: AVG 0.0532001 MAX 0.0565952  PROXIES: TOTAL 30 MAXPE 4 MAXPATCH 9 RefineTorusLB MEM: 0.457216 MB
LDB: ============== END OF LOAD BALANCING =============== 811.48
Info: useSync: 0 useProxySync: 0
LDB: =============== DONE WITH MIGRATION ================ 811.48
LDB: ============= START OF LOAD BALANCING ============== 814.084
LDB: ============== END OF LOAD BALANCING =============== 814.085
Info: useSync: 0 useProxySync: 0
LDB: =============== DONE WITH MIGRATION ================ 814.087
LDB: ============= START OF LOAD BALANCING ============== 814.152
LDB: Largest compute 163 load 0.012254 is 23.4% of average load 0.052461
LDB: Average compute 0.003680 is 7.0% of average load 0.052461
LDB: TIME 814.152 LOAD: AVG 0.0524609 MAX 0.0572999  PROXIES: TOTAL 24 MAXPE 4 MAXPATCH 6 None MEM: 0.457216 MB
LDB: TIME 814.152 LOAD: AVG 0.0524609 MAX 0.0572999  PROXIES: TOTAL 30 MAXPE 4 MAXPATCH 9 RefineTorusLB MEM: 0.457216 MB
LDB: TIME 814.152 LOAD: AVG 0.0524609 MAX 0.0569106  PROXIES: TOTAL 30 MAXPE 4 MAXPATCH 9 RefineTorusLB MEM: 0.457216 MB
LDB: ============== END OF LOAD BALANCING =============== 814.152
Info: useSync: 0 useProxySync: 0
LDB: =============== DONE WITH MIGRATION ================ 814.153
PRESSURE: 415000 -96.6991 214.314 326.137 241.116 -263.287 88.7635 815.129 -623.255 473.669
GPRESSURE: 415000 -63.9052 22.054 -32.1036 281.903 -184.053 -172.976 1048.93 -521.883 463.807
PRESSAVG: 415000 -350.825 35.9852 -27.1237 27.7934 -317.412 -32.3052 -8.24021 -30.3728 -2.22504
GPRESSAVG: 415000 -350.833 35.8298 -27.1863 28.1021 -317.387 -32.4506 -8.2786 -29.9714 -2.15714
ENERGY:  415000         0.0000         0.0000         0.0000         0.0000          -5598.0928       407.9287         0.0000         0.0000       952.9239          -4237.2402       302.7356     -5190.1641     -4235.6927       298.3428             37.8945        71.9495     22736.2716      -223.4874      -223.4590

WRITING COORDINATES TO DCD FILE MDequil.dcd AT STEP 415000
LDB: ============= START OF LOAD BALANCING ============== 816.695
LDB: ============== END OF LOAD BALANCING =============== 816.695
Info: useSync: 0 useProxySync: 0
LDB: =============== DONE WITH MIGRATION ================ 816.695
LDB: ============= START OF LOAD BALANCING ============== 816.773
LDB: Largest compute 164 load 0.012835 is 24.0% of average load 0.053587
LDB: Average compute 0.003757 is 7.0% of average load 0.053587
LDB: TIME 816.773 LOAD: AVG 0.0535873 MAX 0.0652193  PROXIES: TOTAL 24 MAXPE 4 MAXPATCH 6 None MEM: 0.457216 MB
LDB: TIME 816.774 LOAD: AVG 0.0535873 MAX 0.0652193  PROXIES: TOTAL 30 MAXPE 4 MAXPATCH 9 RefineTorusLB MEM: 0.457216 MB
LDB: TIME 816.774 LOAD: AVG 0.0535873 MAX 0.0569715  PROXIES: TOTAL 30 MAXPE 4 MAXPATCH 9 RefineTorusLB MEM: 0.457216 MB
LDB: ============== END OF LOAD BALANCING =============== 816.774
Info: useSync: 0 useProxySync: 0
LDB: =============== DONE WITH MIGRATION ================ 816.774
LDB: ============= START OF LOAD BALANCING ============== 819.42
LDB: ============== END OF LOAD BALANCING =============== 819.423
Info: useSync: 0 useProxySync: 0
LDB: =============== DONE WITH MIGRATION ================ 819.423
LDB: ============= START OF LOAD BALANCING ============== 819.489
LDB: Largest compute 164 load 0.013181 is 24.5% of average load 0.053803
LDB: Average compute 0.003782 is 7.0% of average load 0.053803
LDB: TIME 819.489 LOAD: AVG 0.0538027 MAX 0.0583326  PROXIES: TOTAL 24 MAXPE 4 MAXPATCH 6 None MEM: 0.457216 MB
LDB: TIME 819.489 LOAD: AVG 0.0538027 MAX 0.0583326  PROXIES: TOTAL 30 MAXPE 4 MAXPATCH 9 RefineTorusLB MEM: 0.457216 MB
LDB: TIME 819.489 LOAD: AVG 0.0538027 MAX 0.0583326  PROXIES: TOTAL 30 MAXPE 4 MAXPATCH 9 RefineTorusLB MEM: 0.457216 MB
LDB: ============== END OF LOAD BALANCING =============== 819.489
Info: useSync: 0 useProxySync: 0
LDB: =============== DONE WITH MIGRATION ================ 819.489
WRITING COORDINATES TO DCD FILE MDequil.dcd AT STEP 420000
PRESSURE: 420000 -207.006 534.703 326.36 592.552 -372.796 467.22 -105.402 110.238 483.853
GPRESSURE: 420000 -94.0082 410.511 352.194 434.066 -441.527 560.834 -38.6389 223.898 477.857
PRESSAVG: 420000 -287.799 -2.68791 41.4904 3.0514 -193.989 -41.9012 41.9816 -42.173 -7.54108
GPRESSAVG: 420000 -287.945 -2.54071 41.7426 2.56205 -193.941 -41.9666 42.543 -42.4318 -7.81555
ENERGY:  420000         0.0000         0.0000         0.0000         0.0000          -5635.8369       394.6274         0.0000         0.0000       928.8788          -4312.3307       295.0966     -5241.2095     -4308.8973       291.0772            -31.9829       -19.2258     22562.3977      -163.1097      -163.2337

LDB: ============= START OF LOAD BALANCING ============== 822.064
LDB: ============== END OF LOAD BALANCING =============== 822.064
Info: useSync: 0 useProxySync: 0
LDB: =============== DONE WITH MIGRATION ================ 822.064
LDB: ============= START OF LOAD BALANCING ============== 822.128
LDB: Largest compute 52 load 0.012615 is 23.9% of average load 0.052733
LDB: Average compute 0.003704 is 7.0% of average load 0.052733
LDB: TIME 822.128 LOAD: AVG 0.0527325 MAX 0.0588711  PROXIES: TOTAL 24 MAXPE 4 MAXPATCH 6 None MEM: 0.457216 MB
LDB: TIME 822.129 LOAD: AVG 0.0527325 MAX 0.0588711  PROXIES: TOTAL 30 MAXPE 4 MAXPATCH 9 RefineTorusLB MEM: 0.457216 MB
LDB: TIME 822.129 LOAD: AVG 0.0527325 MAX 0.057519  PROXIES: TOTAL 30 MAXPE 4 MAXPATCH 9 RefineTorusLB MEM: 0.457216 MB
LDB: ============== END OF LOAD BALANCING =============== 822.129
Info: useSync: 0 useProxySync: 0
LDB: =============== DONE WITH MIGRATION ================ 822.129
LDB: ============= START OF LOAD BALANCING ============== 824.685
LDB: ============== END OF LOAD BALANCING =============== 824.685
Info: useSync: 0 useProxySync: 0
LDB: =============== DONE WITH MIGRATION ================ 824.685
LDB: ============= START OF LOAD BALANCING ============== 824.751
LDB: Largest compute 7 load 0.012955 is 23.8% of average load 0.054446
LDB: Average compute 0.003840 is 7.1% of average load 0.054446
LDB: TIME 824.752 LOAD: AVG 0.054446 MAX 0.0581138  PROXIES: TOTAL 24 MAXPE 4 MAXPATCH 6 None MEM: 0.457216 MB
LDB: TIME 824.752 LOAD: AVG 0.054446 MAX 0.0581138  PROXIES: TOTAL 30 MAXPE 4 MAXPATCH 9 RefineTorusLB MEM: 0.457216 MB
LDB: TIME 824.752 LOAD: AVG 0.054446 MAX 0.0581138  PROXIES: TOTAL 30 MAXPE 4 MAXPATCH 9 RefineTorusLB MEM: 0.457216 MB
LDB: ============== END OF LOAD BALANCING =============== 824.752
Info: useSync: 0 useProxySync: 0
LDB: =============== DONE WITH MIGRATION ================ 824.752
LDB: ============= START OF LOAD BALANCING ============== 827.323
LDB: ============== END OF LOAD BALANCING =============== 827.323
Info: useSync: 0 useProxySync: 0
LDB: =============== DONE WITH MIGRATION ================ 827.323
LDB: ============= START OF LOAD BALANCING ============== 827.387
LDB: Largest compute 52 load 0.012996 is 24.6% of average load 0.052914
LDB: Average compute 0.003722 is 7.0% of average load 0.052914
LDB: TIME 827.387 LOAD: AVG 0.0529135 MAX 0.0586736  PROXIES: TOTAL 24 MAXPE 4 MAXPATCH 6 None MEM: 0.457216 MB
LDB: TIME 827.387 LOAD: AVG 0.0529135 MAX 0.0586736  PROXIES: TOTAL 30 MAXPE 4 MAXPATCH 9 RefineTorusLB MEM: 0.457216 MB
LDB: TIME 827.388 LOAD: AVG 0.0529135 MAX 0.0576799  PROXIES: TOTAL 30 MAXPE 4 MAXPATCH 9 RefineTorusLB MEM: 0.457216 MB
LDB: ============== END OF LOAD BALANCING =============== 827.388
Info: useSync: 0 useProxySync: 0
LDB: =============== DONE WITH MIGRATION ================ 827.388
WRITING COORDINATES TO DCD FILE MDequil.dcd AT STEP 425000
PRESSURE: 425000 -773.027 -335.192 -604.612 348.487 -181.915 162.056 -249.723 261.083 -854.708
GPRESSURE: 425000 -737.627 -340.91 -882.857 221.884 -60.6748 351.704 -179.616 107.869 -900.589
PRESSAVG: 425000 -386.641 -28.6167 22.4829 39.0255 -373.597 -27.9402 46.1885 17.0291 -9.63583
GPRESSAVG: 425000 -386.123 -29.0671 22.1984 39.375 -373.502 -27.7568 46.111 16.8833 -9.61267
ENERGY:  425000         0.0000         0.0000         0.0000         0.0000          -5523.8736       342.4690         0.0000         0.0000       965.5031          -4215.9015       306.7318     -5181.4045     -4212.9818       299.4029           -603.2164      -566.2970     22696.4295      -256.6247      -256.4125

LDB: ============= START OF LOAD BALANCING ============== 829.939
LDB: ============== END OF LOAD BALANCING =============== 829.939
Info: useSync: 0 useProxySync: 0
LDB: =============== DONE WITH MIGRATION ================ 829.939
LDB: ============= START OF LOAD BALANCING ============== 830.005
LDB: Largest compute 164 load 0.013006 is 24.4% of average load 0.053276
LDB: Average compute 0.003751 is 7.0% of average load 0.053276
LDB: TIME 830.005 LOAD: AVG 0.0532759 MAX 0.0587886  PROXIES: TOTAL 24 MAXPE 4 MAXPATCH 6 None MEM: 0.457216 MB
LDB: TIME 830.005 LOAD: AVG 0.0532759 MAX 0.0587886  PROXIES: TOTAL 30 MAXPE 4 MAXPATCH 9 RefineTorusLB MEM: 0.457216 MB
LDB: TIME 830.005 LOAD: AVG 0.0532759 MAX 0.0571909  PROXIES: TOTAL 30 MAXPE 4 MAXPATCH 9 RefineTorusLB MEM: 0.457216 MB
LDB: ============== END OF LOAD BALANCING =============== 830.006
Info: useSync: 0 useProxySync: 0
LDB: =============== DONE WITH MIGRATION ================ 830.006
LDB: ============= START OF LOAD BALANCING ============== 832.573
LDB: ============== END OF LOAD BALANCING =============== 832.574
Info: useSync: 0 useProxySync: 0
LDB: =============== DONE WITH MIGRATION ================ 832.574
LDB: ============= START OF LOAD BALANCING ============== 832.641
LDB: Largest compute 164 load 0.012695 is 23.6% of average load 0.053875
LDB: Average compute 0.003795 is 7.0% of average load 0.053875
LDB: TIME 832.641 LOAD: AVG 0.053875 MAX 0.060275  PROXIES: TOTAL 24 MAXPE 4 MAXPATCH 6 None MEM: 0.457216 MB
LDB: TIME 832.641 LOAD: AVG 0.053875 MAX 0.060275  PROXIES: TOTAL 30 MAXPE 4 MAXPATCH 9 RefineTorusLB MEM: 0.457216 MB
LDB: TIME 832.641 LOAD: AVG 0.053875 MAX 0.0586382  PROXIES: TOTAL 30 MAXPE 4 MAXPATCH 9 RefineTorusLB MEM: 0.457216 MB
LDB: ============== END OF LOAD BALANCING =============== 832.641
Info: useSync: 0 useProxySync: 0
LDB: =============== DONE WITH MIGRATION ================ 832.642
WRITING COORDINATES TO DCD FILE MDequil.dcd AT STEP 430000
PRESSURE: 430000 133.556 -688.274 135.967 -332.388 -291.995 513.876 2.88145 90.7349 150.477
GPRESSURE: 430000 8.89812 -502.196 -141.221 -727.521 -177.931 845.421 90.1701 -152.782 177.12
PRESSAVG: 430000 -210.656 -25.7151 -11.4267 -12.7387 -204.14 -21.8372 86.3975 -58.3444 11.1641
GPRESSAVG: 430000 -210.819 -25.7576 -11.2227 -12.8974 -204.068 -21.5853 85.9036 -58.4143 11.5107
ENERGY:  430000         0.0000         0.0000         0.0000         0.0000          -5656.2121       435.6554         0.0000         0.0000       909.7873          -4310.7693       289.0315     -5220.5566     -4309.0068       302.6430             -2.6539         2.6955     22738.4757      -134.5442      -134.4589

LDB: ============= START OF LOAD BALANCING ============== 835.267
LDB: ============== END OF LOAD BALANCING =============== 835.268
Info: useSync: 0 useProxySync: 0
LDB: =============== DONE WITH MIGRATION ================ 835.268
LDB: ============= START OF LOAD BALANCING ============== 835.343
LDB: Largest compute 158 load 0.015665 is 29.2% of average load 0.053667
LDB: Average compute 0.003762 is 7.0% of average load 0.053667
LDB: TIME 835.344 LOAD: AVG 0.0536668 MAX 0.0596952  PROXIES: TOTAL 24 MAXPE 4 MAXPATCH 6 None MEM: 0.457216 MB
LDB: TIME 835.344 LOAD: AVG 0.0536668 MAX 0.0596952  PROXIES: TOTAL 30 MAXPE 4 MAXPATCH 9 RefineTorusLB MEM: 0.457216 MB
LDB: TIME 835.344 LOAD: AVG 0.0536668 MAX 0.0574609  PROXIES: TOTAL 30 MAXPE 4 MAXPATCH 9 RefineTorusLB MEM: 0.457216 MB
LDB: ============== END OF LOAD BALANCING =============== 835.344
Info: useSync: 0 useProxySync: 0
LDB: =============== DONE WITH MIGRATION ================ 835.344
LDB: ============= START OF LOAD BALANCING ============== 837.949
LDB: ============== END OF LOAD BALANCING =============== 837.949
Info: useSync: 0 useProxySync: 0
LDB: =============== DONE WITH MIGRATION ================ 837.949
LDB: ============= START OF LOAD BALANCING ============== 838.014
LDB: Largest compute 52 load 0.012848 is 24.1% of average load 0.053409
LDB: Average compute 0.003768 is 7.1% of average load 0.053409
LDB: TIME 838.015 LOAD: AVG 0.0534092 MAX 0.0598088  PROXIES: TOTAL 24 MAXPE 4 MAXPATCH 6 None MEM: 0.457216 MB
LDB: TIME 838.015 LOAD: AVG 0.0534092 MAX 0.0598088  PROXIES: TOTAL 30 MAXPE 4 MAXPATCH 9 RefineTorusLB MEM: 0.457216 MB
LDB: TIME 838.015 LOAD: AVG 0.0534092 MAX 0.0572677  PROXIES: TOTAL 30 MAXPE 4 MAXPATCH 9 RefineTorusLB MEM: 0.457216 MB
LDB: ============== END OF LOAD BALANCING =============== 838.015
Info: useSync: 0 useProxySync: 0
LDB: =============== DONE WITH MIGRATION ================ 838.015
LDB: ============= START OF LOAD BALANCING ============== 840.599
LDB: ============== END OF LOAD BALANCING =============== 840.6
Info: useSync: 0 useProxySync: 0
LDB: =============== DONE WITH MIGRATION ================ 840.611
LDB: ============= START OF LOAD BALANCING ============== 840.677
LDB: Largest compute 52 load 0.012776 is 24.3% of average load 0.052622
LDB: Average compute 0.003710 is 7.0% of average load 0.052622
LDB: TIME 840.677 LOAD: AVG 0.0526223 MAX 0.0593817  PROXIES: TOTAL 24 MAXPE 4 MAXPATCH 6 None MEM: 0.457216 MB
LDB: TIME 840.677 LOAD: AVG 0.0526223 MAX 0.0593817  PROXIES: TOTAL 30 MAXPE 4 MAXPATCH 9 RefineTorusLB MEM: 0.457216 MB
LDB: TIME 840.678 LOAD: AVG 0.0526223 MAX 0.0571896  PROXIES: TOTAL 30 MAXPE 4 MAXPATCH 9 RefineTorusLB MEM: 0.457216 MB
LDB: ============== END OF LOAD BALANCING =============== 840.678
Info: useSync: 0 useProxySync: 0
LDB: =============== DONE WITH MIGRATION ================ 840.678
PRESSURE: 435000 45.8832 -638.073 -219.283 -213.349 64.1284 -639.855 82.0173 111.273 871.433
GPRESSURE: 435000 -76.0807 -804.762 -349.821 -271.049 280.42 -801.028 -145.851 58.5589 832.787
PRESSAVG: 435000 -405.982 -59.5634 0.495221 -95.22 -363.027 -47.4019 9.98964 13.3255 7.96393
GPRESSAVG: 435000 -405.797 -59.7925 0.334316 -95.0341 -363.237 -47.535 9.75943 13.51 7.88023
ENERGY:  435000         0.0000         0.0000         0.0000         0.0000          -5613.3236       426.1378         0.0000         0.0000       958.1231          -4229.0627       304.3873     -5187.1858     -4228.0454       299.7702            327.1481       345.7088     22472.9846      -253.6815      -253.7179

WRITING COORDINATES TO DCD FILE MDequil.dcd AT STEP 435000
LDB: ============= START OF LOAD BALANCING ============== 843.216
LDB: ============== END OF LOAD BALANCING =============== 843.216
Info: useSync: 0 useProxySync: 0
LDB: =============== DONE WITH MIGRATION ================ 843.216
LDB: ============= START OF LOAD BALANCING ============== 843.281
LDB: Largest compute 5 load 0.012700 is 23.8% of average load 0.053258
LDB: Average compute 0.003754 is 7.0% of average load 0.053258
LDB: TIME 843.281 LOAD: AVG 0.0532581 MAX 0.0588263  PROXIES: TOTAL 24 MAXPE 4 MAXPATCH 6 None MEM: 0.457216 MB
LDB: TIME 843.281 LOAD: AVG 0.0532581 MAX 0.0588263  PROXIES: TOTAL 30 MAXPE 4 MAXPATCH 9 RefineTorusLB MEM: 0.457216 MB
LDB: TIME 843.281 LOAD: AVG 0.0532581 MAX 0.0579759  PROXIES: TOTAL 30 MAXPE 4 MAXPATCH 9 RefineTorusLB MEM: 0.457216 MB
LDB: ============== END OF LOAD BALANCING =============== 843.281
Info: useSync: 0 useProxySync: 0
LDB: =============== DONE WITH MIGRATION ================ 843.281
LDB: ============= START OF LOAD BALANCING ============== 845.816
LDB: ============== END OF LOAD BALANCING =============== 845.816
Info: useSync: 0 useProxySync: 0
LDB: =============== DONE WITH MIGRATION ================ 845.816
LDB: ============= START OF LOAD BALANCING ============== 845.881
LDB: Largest compute 52 load 0.013054 is 24.4% of average load 0.053572
LDB: Average compute 0.003774 is 7.0% of average load 0.053572
LDB: TIME 845.881 LOAD: AVG 0.0535723 MAX 0.0567281  PROXIES: TOTAL 24 MAXPE 4 MAXPATCH 6 None MEM: 0.457216 MB
LDB: TIME 845.882 LOAD: AVG 0.0535723 MAX 0.0567281  PROXIES: TOTAL 30 MAXPE 4 MAXPATCH 9 RefineTorusLB MEM: 0.457216 MB
LDB: TIME 845.882 LOAD: AVG 0.0535723 MAX 0.0567281  PROXIES: TOTAL 30 MAXPE 4 MAXPATCH 9 RefineTorusLB MEM: 0.457216 MB
LDB: ============== END OF LOAD BALANCING =============== 845.882
Info: useSync: 0 useProxySync: 0
LDB: =============== DONE WITH MIGRATION ================ 845.882
WRITING COORDINATES TO DCD FILE MDequil.dcd AT STEP 440000
PRESSURE: 440000 -53.2463 -108.22 347.568 -243.844 1367.25 370.018 292.002 289.263 1621.11
GPRESSURE: 440000 72.8993 -313.105 281.004 -49.6149 1326.77 169.605 425.734 55.2587 1548.78
PRESSAVG: 440000 -324.393 -19.1698 -44.7021 -8.66479 -261.979 -15.0362 -34.7382 31.1094 4.04999
GPRESSAVG: 440000 -324.353 -19.1622 -44.4695 -9.27009 -262.247 -14.8903 -34.9127 31.2747 4.29333
ENERGY:  440000         0.0000         0.0000         0.0000         0.0000          -5693.8507       462.6626         0.0000         0.0000       935.1137          -4296.0744       297.0774     -5231.1881     -4292.6620       298.6384            978.3693       982.8150     22317.3067      -194.1072      -194.1021

LDB: ============= START OF LOAD BALANCING ============== 848.423
LDB: ============== END OF LOAD BALANCING =============== 848.423
Info: useSync: 0 useProxySync: 0
LDB: =============== DONE WITH MIGRATION ================ 848.423
LDB: ============= START OF LOAD BALANCING ============== 848.488
LDB: Largest compute 7 load 0.012496 is 23.2% of average load 0.053755
LDB: Average compute 0.003795 is 7.1% of average load 0.053755
LDB: TIME 848.488 LOAD: AVG 0.0537555 MAX 0.058248  PROXIES: TOTAL 24 MAXPE 4 MAXPATCH 6 None MEM: 0.457216 MB
LDB: TIME 848.488 LOAD: AVG 0.0537555 MAX 0.058248  PROXIES: TOTAL 30 MAXPE 4 MAXPATCH 9 RefineTorusLB MEM: 0.457216 MB
LDB: TIME 848.488 LOAD: AVG 0.0537555 MAX 0.058248  PROXIES: TOTAL 30 MAXPE 4 MAXPATCH 9 RefineTorusLB MEM: 0.457216 MB
LDB: ============== END OF LOAD BALANCING =============== 848.489
Info: useSync: 0 useProxySync: 0
LDB: =============== DONE WITH MIGRATION ================ 848.489
LDB: ============= START OF LOAD BALANCING ============== 851.044
LDB: ============== END OF LOAD BALANCING =============== 851.044
Info: useSync: 0 useProxySync: 0
LDB: =============== DONE WITH MIGRATION ================ 851.045
LDB: ============= START OF LOAD BALANCING ============== 851.119
LDB: Largest compute 7 load 0.012082 is 22.5% of average load 0.053591
LDB: Average compute 0.003713 is 6.9% of average load 0.053591
LDB: TIME 851.12 LOAD: AVG 0.0535914 MAX 0.0603558  PROXIES: TOTAL 24 MAXPE 4 MAXPATCH 6 None MEM: 0.457216 MB
LDB: TIME 851.12 LOAD: AVG 0.0535914 MAX 0.0603558  PROXIES: TOTAL 30 MAXPE 4 MAXPATCH 9 RefineTorusLB MEM: 0.457216 MB
LDB: TIME 851.12 LOAD: AVG 0.0535914 MAX 0.0577169  PROXIES: TOTAL 30 MAXPE 4 MAXPATCH 9 RefineTorusLB MEM: 0.457216 MB
LDB: ============== END OF LOAD BALANCING =============== 851.12
Info: useSync: 0 useProxySync: 0
LDB: =============== DONE WITH MIGRATION ================ 851.12
LDB: ============= START OF LOAD BALANCING ============== 853.657
LDB: ============== END OF LOAD BALANCING =============== 853.657
Info: useSync: 0 useProxySync: 0
LDB: =============== DONE WITH MIGRATION ================ 853.657
LDB: ============= START OF LOAD BALANCING ============== 853.722
LDB: Largest compute 52 load 0.012460 is 23.2% of average load 0.053615
LDB: Average compute 0.003787 is 7.1% of average load 0.053615
LDB: TIME 853.723 LOAD: AVG 0.053615 MAX 0.0591246  PROXIES: TOTAL 24 MAXPE 4 MAXPATCH 6 None MEM: 0.457216 MB
LDB: TIME 853.723 LOAD: AVG 0.053615 MAX 0.0591246  PROXIES: TOTAL 30 MAXPE 4 MAXPATCH 9 RefineTorusLB MEM: 0.457216 MB
LDB: TIME 853.723 LOAD: AVG 0.053615 MAX 0.0579106  PROXIES: TOTAL 30 MAXPE 4 MAXPATCH 9 RefineTorusLB MEM: 0.457216 MB
LDB: ============== END OF LOAD BALANCING =============== 853.723
Info: useSync: 0 useProxySync: 0
LDB: =============== DONE WITH MIGRATION ================ 853.723
WRITING COORDINATES TO DCD FILE MDequil.dcd AT STEP 445000
PRESSURE: 445000 -326.785 80.7501 -421.084 -352.529 212.054 592.51 1038.68 853.749 432.435
GPRESSURE: 445000 -158.433 -22.6329 -618.967 -281.226 140.965 385.387 1263.13 988.53 404.701
PRESSAVG: 445000 -215.788 4.60078 76.543 -28.9708 -259.039 14.3352 -1.28506 62.0344 29.7453
GPRESSAVG: 445000 -215.611 4.49805 76.5127 -28.7818 -259.022 14.361 -1.1836 61.5081 29.7287
ENERGY:  445000         0.0000         0.0000         0.0000         0.0000          -5640.0494       423.2400         0.0000         0.0000       937.9365          -4278.8729       297.9742     -5216.8094     -4276.3933       296.2859            105.9015       129.0777     22625.7989      -148.3606      -148.3016

LDB: ============= START OF LOAD BALANCING ============== 856.26
LDB: ============== END OF LOAD BALANCING =============== 856.26
Info: useSync: 0 useProxySync: 0
LDB: =============== DONE WITH MIGRATION ================ 856.26
LDB: ============= START OF LOAD BALANCING ============== 856.326
LDB: Largest compute 148 load 0.013475 is 25.2% of average load 0.053481
LDB: Average compute 0.003768 is 7.0% of average load 0.053481
LDB: TIME 856.326 LOAD: AVG 0.0534812 MAX 0.0581209  PROXIES: TOTAL 24 MAXPE 4 MAXPATCH 6 None MEM: 0.457216 MB
LDB: TIME 856.326 LOAD: AVG 0.0534812 MAX 0.0581209  PROXIES: TOTAL 30 MAXPE 4 MAXPATCH 9 RefineTorusLB MEM: 0.457216 MB
LDB: TIME 856.326 LOAD: AVG 0.0534812 MAX 0.0581209  PROXIES: TOTAL 30 MAXPE 4 MAXPATCH 9 RefineTorusLB MEM: 0.457216 MB
LDB: ============== END OF LOAD BALANCING =============== 856.326
Info: useSync: 0 useProxySync: 0
LDB: =============== DONE WITH MIGRATION ================ 856.326
LDB: ============= START OF LOAD BALANCING ============== 858.875
LDB: ============== END OF LOAD BALANCING =============== 858.875
Info: useSync: 0 useProxySync: 0
LDB: =============== DONE WITH MIGRATION ================ 858.876
LDB: ============= START OF LOAD BALANCING ============== 858.951
LDB: Largest compute 7 load 0.012754 is 23.6% of average load 0.053951
LDB: Average compute 0.003759 is 7.0% of average load 0.053951
LDB: TIME 858.954 LOAD: AVG 0.0539507 MAX 0.0590823  PROXIES: TOTAL 24 MAXPE 4 MAXPATCH 6 None MEM: 0.457216 MB
LDB: TIME 858.954 LOAD: AVG 0.0539507 MAX 0.0590823  PROXIES: TOTAL 30 MAXPE 4 MAXPATCH 9 RefineTorusLB MEM: 0.457216 MB
LDB: TIME 858.954 LOAD: AVG 0.0539507 MAX 0.0575533  PROXIES: TOTAL 30 MAXPE 4 MAXPATCH 9 RefineTorusLB MEM: 0.457216 MB
LDB: ============== END OF LOAD BALANCING =============== 858.954
Info: useSync: 0 useProxySync: 0
LDB: =============== DONE WITH MIGRATION ================ 858.954
WRITING COORDINATES TO DCD FILE MDequil.dcd AT STEP 450000
WRITING COORDINATES TO RESTART FILE AT STEP 450000
FINISHED WRITING RESTART COORDINATES
WRITING VELOCITIES TO RESTART FILE AT STEP 450000
FINISHED WRITING RESTART VELOCITIES
PRESSURE: 450000 -1008.12 432.201 364.172 510.802 -54.0444 -85.2279 439.116 30.3371 -122.946
GPRESSURE: 450000 -1014.9 527.293 226.073 512.647 15.9603 -69.5809 413.307 -208.791 -94.9909
PRESSAVG: 450000 -343.95 7.68641 -78.0553 -1.42958 -316.691 -82.321 -6.62572 -86.5033 -8.22701
GPRESSAVG: 450000 -343.898 7.7823 -77.7419 -1.23134 -316.765 -82.3673 -6.90349 -85.9637 -8.06042
TIMING: 450000  CPU: 817.518, 0.0013116/step  Wall: 849.544, 0.00131622/step, 0.0182809 hours remaining, 0.457216 MB of memory in use.
PERFORMANCE: 450000  averaging 91.5373 ns/day, 0.00188776 sec/step with standard deviation 0.000661437
ETITLE:      TS           BOND          ANGLE          DIHED          IMPRP               ELECT            VDW       BOUNDARY           MISC        KINETIC               TOTAL           TEMP      POTENTIAL         TOTAL3        TEMPAVG            PRESSURE      GPRESSURE         VOLUME       PRESSAVG      GPRESSAVG

ENERGY:  450000         0.0000         0.0000         0.0000         0.0000          -5623.3887       395.8123         0.0000         0.0000       911.8841          -4315.6923       289.6976     -5227.5764     -4312.9639       297.1284           -395.0377      -364.6437     22782.7027      -222.9559      -222.9077

WRITING EXTENDED SYSTEM TO RESTART FILE AT STEP 450000
LDB: ============= START OF LOAD BALANCING ============== 861.472
LDB: ============== END OF LOAD BALANCING =============== 861.472
Info: useSync: 0 useProxySync: 0
LDB: =============== DONE WITH MIGRATION ================ 861.472
LDB: ============= START OF LOAD BALANCING ============== 861.537
LDB: Largest compute 52 load 0.013057 is 24.2% of average load 0.053944
LDB: Average compute 0.003795 is 7.0% of average load 0.053944
LDB: TIME 861.541 LOAD: AVG 0.0539436 MAX 0.0569734  PROXIES: TOTAL 24 MAXPE 4 MAXPATCH 6 None MEM: 0.457216 MB
LDB: TIME 861.541 LOAD: AVG 0.0539436 MAX 0.0569734  PROXIES: TOTAL 30 MAXPE 4 MAXPATCH 9 RefineTorusLB MEM: 0.457216 MB
LDB: TIME 861.541 LOAD: AVG 0.0539436 MAX 0.0569734  PROXIES: TOTAL 30 MAXPE 4 MAXPATCH 9 RefineTorusLB MEM: 0.457216 MB
LDB: ============== END OF LOAD BALANCING =============== 861.546
Info: useSync: 0 useProxySync: 0
LDB: =============== DONE WITH MIGRATION ================ 861.546
LDB: ============= START OF LOAD BALANCING ============== 864.094
LDB: ============== END OF LOAD BALANCING =============== 864.094
Info: useSync: 0 useProxySync: 0
LDB: =============== DONE WITH MIGRATION ================ 864.104
LDB: ============= START OF LOAD BALANCING ============== 864.174
LDB: Largest compute 52 load 0.013226 is 25.2% of average load 0.052501
LDB: Average compute 0.003703 is 7.1% of average load 0.052501
LDB: TIME 864.175 LOAD: AVG 0.0525013 MAX 0.059224  PROXIES: TOTAL 24 MAXPE 4 MAXPATCH 6 None MEM: 0.457216 MB
LDB: TIME 864.175 LOAD: AVG 0.0525013 MAX 0.059224  PROXIES: TOTAL 30 MAXPE 4 MAXPATCH 9 RefineTorusLB MEM: 0.457216 MB
LDB: TIME 864.175 LOAD: AVG 0.0525013 MAX 0.057029  PROXIES: TOTAL 30 MAXPE 4 MAXPATCH 9 RefineTorusLB MEM: 0.457216 MB
LDB: ============== END OF LOAD BALANCING =============== 864.175
Info: useSync: 0 useProxySync: 0
LDB: =============== DONE WITH MIGRATION ================ 864.175
LDB: ============= START OF LOAD BALANCING ============== 866.643
LDB: ============== END OF LOAD BALANCING =============== 866.643
Info: useSync: 0 useProxySync: 0
LDB: =============== DONE WITH MIGRATION ================ 866.644
LDB: ============= START OF LOAD BALANCING ============== 866.71
LDB: Largest compute 5 load 0.013020 is 24.5% of average load 0.053081
LDB: Average compute 0.003720 is 7.0% of average load 0.053081
LDB: TIME 866.71 LOAD: AVG 0.0530805 MAX 0.0593692  PROXIES: TOTAL 24 MAXPE 4 MAXPATCH 6 None MEM: 0.457216 MB
LDB: TIME 866.71 LOAD: AVG 0.0530805 MAX 0.0593692  PROXIES: TOTAL 30 MAXPE 4 MAXPATCH 9 RefineTorusLB MEM: 0.457216 MB
LDB: TIME 866.711 LOAD: AVG 0.0530805 MAX 0.0577763  PROXIES: TOTAL 30 MAXPE 4 MAXPATCH 9 RefineTorusLB MEM: 0.457216 MB
LDB: ============== END OF LOAD BALANCING =============== 866.711
Info: useSync: 0 useProxySync: 0
LDB: =============== DONE WITH MIGRATION ================ 866.711
PRESSURE: 455000 -1054.2 -595.623 282.833 -478.836 30.7888 105.461 587.86 -275.799 -794.133
GPRESSURE: 455000 -895.405 -382.857 226.698 -571.132 24.2732 222.862 704.84 32.0755 -878.332
PRESSAVG: 455000 -466.256 45.373 27.1476 12.9927 -375.936 -32.3132 82.8663 -48.6751 0.291067
GPRESSAVG: 455000 -466.151 45.2881 26.8455 12.949 -375.961 -32.5904 82.882 -48.8232 0.364454
ENERGY:  455000         0.0000         0.0000         0.0000         0.0000          -5620.3271       395.1895         0.0000         0.0000       972.6203          -4252.5174       308.9929     -5225.1377     -4250.8593       296.4978           -605.8473      -583.1545     22944.9488      -280.6338      -280.5825

WRITING COORDINATES TO DCD FILE MDequil.dcd AT STEP 455000
LDB: ============= START OF LOAD BALANCING ============== 869.223
LDB: ============== END OF LOAD BALANCING =============== 869.223
Info: useSync: 0 useProxySync: 0
LDB: =============== DONE WITH MIGRATION ================ 869.223
LDB: ============= START OF LOAD BALANCING ============== 869.287
LDB: Largest compute 7 load 0.012713 is 24.1% of average load 0.052827
LDB: Average compute 0.003725 is 7.1% of average load 0.052827
LDB: TIME 869.288 LOAD: AVG 0.0528272 MAX 0.057419  PROXIES: TOTAL 24 MAXPE 4 MAXPATCH 6 None MEM: 0.457216 MB
LDB: TIME 869.288 LOAD: AVG 0.0528272 MAX 0.057419  PROXIES: TOTAL 30 MAXPE 4 MAXPATCH 9 RefineTorusLB MEM: 0.457216 MB
LDB: TIME 869.288 LOAD: AVG 0.0528272 MAX 0.057419  PROXIES: TOTAL 30 MAXPE 4 MAXPATCH 9 RefineTorusLB MEM: 0.457216 MB
LDB: ============== END OF LOAD BALANCING =============== 869.288
Info: useSync: 0 useProxySync: 0
LDB: =============== DONE WITH MIGRATION ================ 869.288
LDB: ============= START OF LOAD BALANCING ============== 871.806
LDB: ============== END OF LOAD BALANCING =============== 871.807
Info: useSync: 0 useProxySync: 0
LDB: =============== DONE WITH MIGRATION ================ 871.812
LDB: ============= START OF LOAD BALANCING ============== 871.877
LDB: Largest compute 7 load 0.012486 is 23.8% of average load 0.052370
LDB: Average compute 0.003671 is 7.0% of average load 0.052370
LDB: TIME 871.877 LOAD: AVG 0.0523701 MAX 0.0602704  PROXIES: TOTAL 24 MAXPE 4 MAXPATCH 6 None MEM: 0.457216 MB
LDB: TIME 871.877 LOAD: AVG 0.0523701 MAX 0.0602704  PROXIES: TOTAL 30 MAXPE 4 MAXPATCH 9 RefineTorusLB MEM: 0.457216 MB
LDB: TIME 871.877 LOAD: AVG 0.0523701 MAX 0.055442  PROXIES: TOTAL 30 MAXPE 4 MAXPATCH 9 RefineTorusLB MEM: 0.457216 MB
LDB: ============== END OF LOAD BALANCING =============== 871.877
Info: useSync: 0 useProxySync: 0
LDB: =============== DONE WITH MIGRATION ================ 871.877
PRESSURE: 460000 -122.038 60.9301 -165.933 -376.246 -1507.02 499.121 -455.404 195.966 -529.513
GPRESSURE: 460000 -288.952 117.642 -413.514 -366.805 -1401.8 243.448 -448.497 466.572 -418.789
PRESSAVG: 460000 -384.715 -24.2611 1.78436 -33.3275 -373.049 26.0057 -49.1303 30.0295 -12.368
GPRESSAVG: 460000 -384.744 -24.2941 1.35029 -33.4471 -372.878 25.8912 -48.8215 29.7799 -12.0352
ENERGY:  460000         0.0000         0.0000         0.0000         0.0000          -5521.1130       351.9298         0.0000         0.0000       940.1272          -4229.0561       298.6701     -5169.1833     -4226.8195       300.0755           -719.5221      -703.1812     22918.0872      -256.7106      -256.5522

WRITING COORDINATES TO DCD FILE MDequil.dcd AT STEP 460000
LDB: ============= START OF LOAD BALANCING ============== 874.331
LDB: ============== END OF LOAD BALANCING =============== 874.331
Info: useSync: 0 useProxySync: 0
LDB: =============== DONE WITH MIGRATION ================ 874.331
LDB: ============= START OF LOAD BALANCING ============== 874.394
LDB: Largest compute 5 load 0.012913 is 24.2% of average load 0.053416
LDB: Average compute 0.003763 is 7.0% of average load 0.053416
LDB: TIME 874.395 LOAD: AVG 0.0534158 MAX 0.0583996  PROXIES: TOTAL 24 MAXPE 4 MAXPATCH 6 None MEM: 0.457216 MB
LDB: TIME 874.395 LOAD: AVG 0.0534158 MAX 0.0583996  PROXIES: TOTAL 30 MAXPE 4 MAXPATCH 9 RefineTorusLB MEM: 0.457216 MB
LDB: TIME 874.395 LOAD: AVG 0.0534158 MAX 0.0581546  PROXIES: TOTAL 30 MAXPE 4 MAXPATCH 9 RefineTorusLB MEM: 0.457216 MB
LDB: ============== END OF LOAD BALANCING =============== 874.395
Info: useSync: 0 useProxySync: 0
LDB: =============== DONE WITH MIGRATION ================ 874.395
LDB: ============= START OF LOAD BALANCING ============== 876.813
LDB: ============== END OF LOAD BALANCING =============== 876.814
Info: useSync: 0 useProxySync: 0
LDB: =============== DONE WITH MIGRATION ================ 876.825
LDB: ============= START OF LOAD BALANCING ============== 876.886
LDB: Largest compute 164 load 0.012980 is 24.7% of average load 0.052499
LDB: Average compute 0.003695 is 7.0% of average load 0.052499
LDB: TIME 876.886 LOAD: AVG 0.0524987 MAX 0.055426  PROXIES: TOTAL 24 MAXPE 4 MAXPATCH 6 None MEM: 0.457216 MB
LDB: TIME 876.886 LOAD: AVG 0.0524987 MAX 0.055426  PROXIES: TOTAL 30 MAXPE 4 MAXPATCH 9 RefineTorusLB MEM: 0.457216 MB
LDB: TIME 876.886 LOAD: AVG 0.0524987 MAX 0.055426  PROXIES: TOTAL 30 MAXPE 4 MAXPATCH 9 RefineTorusLB MEM: 0.457216 MB
LDB: ============== END OF LOAD BALANCING =============== 876.886
Info: useSync: 0 useProxySync: 0
LDB: =============== DONE WITH MIGRATION ================ 876.887
LDB: ============= START OF LOAD BALANCING ============== 879.737
LDB: ============== END OF LOAD BALANCING =============== 879.738
Info: useSync: 0 useProxySync: 0
LDB: =============== DONE WITH MIGRATION ================ 879.738
LDB: ============= START OF LOAD BALANCING ============== 879.819
LDB: Largest compute 142 load 0.012969 is 24.2% of average load 0.053664
LDB: Average compute 0.003777 is 7.0% of average load 0.053664
LDB: TIME 879.82 LOAD: AVG 0.0536636 MAX 0.0636749  PROXIES: TOTAL 24 MAXPE 4 MAXPATCH 6 None MEM: 0.457216 MB
LDB: TIME 879.82 LOAD: AVG 0.0536636 MAX 0.0636749  PROXIES: TOTAL 30 MAXPE 4 MAXPATCH 9 RefineTorusLB MEM: 0.457216 MB
LDB: TIME 879.82 LOAD: AVG 0.0536636 MAX 0.0578044  PROXIES: TOTAL 30 MAXPE 4 MAXPATCH 9 RefineTorusLB MEM: 0.457216 MB
LDB: ============== END OF LOAD BALANCING =============== 879.82
Info: useSync: 0 useProxySync: 0
LDB: =============== DONE WITH MIGRATION ================ 879.82
WRITING COORDINATES TO DCD FILE MDequil.dcd AT STEP 465000
PRESSURE: 465000 -627.652 -294.941 313.544 -314.184 -203.673 -564.579 838.855 -214.792 1015.38
GPRESSURE: 465000 -588.546 -0.839088 294.965 -393.413 -382.606 -791.719 637.858 15.7433 1156.52
PRESSAVG: 465000 -352.363 -23.0263 -21.9141 -28.8983 -385.689 17.5883 -23.5002 65.74 19.825
GPRESSAVG: 465000 -352.238 -23.3031 -22.2812 -28.829 -385.949 17.3426 -23.6639 65.5541 19.8582
ENERGY:  465000         0.0000         0.0000         0.0000         0.0000          -5688.9631       408.1585         0.0000         0.0000       935.9601          -4344.8445       297.3463     -5280.8045     -4342.6134       297.9397             61.3504        61.7880     22559.3788      -239.4089      -239.4430

LDB: ============= START OF LOAD BALANCING ============== 882.442
LDB: ============== END OF LOAD BALANCING =============== 882.442
Info: useSync: 0 useProxySync: 0
LDB: =============== DONE WITH MIGRATION ================ 882.442
LDB: ============= START OF LOAD BALANCING ============== 882.51
LDB: Largest compute 164 load 0.013303 is 24.6% of average load 0.054180
LDB: Average compute 0.003802 is 7.0% of average load 0.054180
LDB: TIME 882.51 LOAD: AVG 0.0541805 MAX 0.0610269  PROXIES: TOTAL 24 MAXPE 4 MAXPATCH 6 None MEM: 0.457216 MB
LDB: TIME 882.51 LOAD: AVG 0.0541805 MAX 0.0610269  PROXIES: TOTAL 30 MAXPE 4 MAXPATCH 9 RefineTorusLB MEM: 0.457216 MB
LDB: TIME 882.511 LOAD: AVG 0.0541805 MAX 0.0589213  PROXIES: TOTAL 30 MAXPE 4 MAXPATCH 9 RefineTorusLB MEM: 0.457216 MB
LDB: ============== END OF LOAD BALANCING =============== 882.511
Info: useSync: 0 useProxySync: 0
LDB: =============== DONE WITH MIGRATION ================ 882.511
LDB: ============= START OF LOAD BALANCING ============== 885.061
LDB: ============== END OF LOAD BALANCING =============== 885.061
Info: useSync: 0 useProxySync: 0
LDB: =============== DONE WITH MIGRATION ================ 885.061
LDB: ============= START OF LOAD BALANCING ============== 885.127
LDB: Largest compute 52 load 0.012156 is 23.1% of average load 0.052532
LDB: Average compute 0.003689 is 7.0% of average load 0.052532
LDB: TIME 885.128 LOAD: AVG 0.0525318 MAX 0.0575654  PROXIES: TOTAL 24 MAXPE 4 MAXPATCH 6 None MEM: 0.457216 MB
LDB: TIME 885.128 LOAD: AVG 0.0525318 MAX 0.0575654  PROXIES: TOTAL 30 MAXPE 4 MAXPATCH 9 RefineTorusLB MEM: 0.457216 MB
LDB: TIME 885.128 LOAD: AVG 0.0525318 MAX 0.0559715  PROXIES: TOTAL 30 MAXPE 4 MAXPATCH 9 RefineTorusLB MEM: 0.457216 MB
LDB: ============== END OF LOAD BALANCING =============== 885.128
Info: useSync: 0 useProxySync: 0
LDB: =============== DONE WITH MIGRATION ================ 885.128
WRITING COORDINATES TO DCD FILE MDequil.dcd AT STEP 470000
PRESSURE: 470000 -530.433 404.696 122.213 81.5562 -1654.46 -215.188 351.974 -398.82 -189.24
GPRESSURE: 470000 -636.345 298.519 275.746 235.513 -1589.85 -329.955 411.081 -539.839 -76.1322
PRESSAVG: 470000 -350.106 -54.2034 -73.7518 -41.572 -389.363 45.9539 -100.23 -5.36842 -4.1721
GPRESSAVG: 470000 -350.151 -53.6846 -73.5332 -41.828 -388.905 45.9659 -100.02 -5.48017 -4.37804
ENERGY:  470000         0.0000         0.0000         0.0000         0.0000          -5542.5866       351.1339         0.0000         0.0000       925.7208          -4265.7319       294.0934     -5191.4527     -4262.5436       296.4409           -791.3784      -767.4426     22712.8368      -247.8803      -247.8114

LDB: ============= START OF LOAD BALANCING ============== 887.66
LDB: ============== END OF LOAD BALANCING =============== 887.661
Info: useSync: 0 useProxySync: 0
LDB: =============== DONE WITH MIGRATION ================ 887.672
LDB: ============= START OF LOAD BALANCING ============== 887.746
LDB: Largest compute 52 load 0.014225 is 26.9% of average load 0.052971
LDB: Average compute 0.003729 is 7.0% of average load 0.052971
LDB: TIME 887.747 LOAD: AVG 0.0529711 MAX 0.0568645  PROXIES: TOTAL 24 MAXPE 4 MAXPATCH 6 None MEM: 0.457216 MB
LDB: TIME 887.747 LOAD: AVG 0.0529711 MAX 0.0568645  PROXIES: TOTAL 30 MAXPE 4 MAXPATCH 9 RefineTorusLB MEM: 0.457216 MB
LDB: TIME 887.747 LOAD: AVG 0.0529711 MAX 0.0568645  PROXIES: TOTAL 30 MAXPE 4 MAXPATCH 9 RefineTorusLB MEM: 0.457216 MB
LDB: ============== END OF LOAD BALANCING =============== 887.747
Info: useSync: 0 useProxySync: 0
LDB: =============== DONE WITH MIGRATION ================ 887.747
LDB: ============= START OF LOAD BALANCING ============== 890.211
LDB: ============== END OF LOAD BALANCING =============== 890.211
Info: useSync: 0 useProxySync: 0
LDB: =============== DONE WITH MIGRATION ================ 890.211
LDB: ============= START OF LOAD BALANCING ============== 890.274
LDB: Largest compute 7 load 0.011958 is 23.0% of average load 0.052040
LDB: Average compute 0.003661 is 7.0% of average load 0.052040
LDB: TIME 890.274 LOAD: AVG 0.0520403 MAX 0.0594427  PROXIES: TOTAL 24 MAXPE 4 MAXPATCH 6 None MEM: 0.457216 MB
LDB: TIME 890.274 LOAD: AVG 0.0520403 MAX 0.0594427  PROXIES: TOTAL 30 MAXPE 4 MAXPATCH 9 RefineTorusLB MEM: 0.457216 MB
LDB: TIME 890.274 LOAD: AVG 0.0520403 MAX 0.0567565  PROXIES: TOTAL 30 MAXPE 4 MAXPATCH 9 RefineTorusLB MEM: 0.457216 MB
LDB: ============== END OF LOAD BALANCING =============== 890.274
Info: useSync: 0 useProxySync: 0
LDB: =============== DONE WITH MIGRATION ================ 890.274
LDB: ============= START OF LOAD BALANCING ============== 892.697
LDB: ============== END OF LOAD BALANCING =============== 892.7
Info: useSync: 0 useProxySync: 0
LDB: =============== DONE WITH MIGRATION ================ 892.701
LDB: ============= START OF LOAD BALANCING ============== 892.778
LDB: Largest compute 7 load 0.012542 is 23.9% of average load 0.052399
LDB: Average compute 0.003680 is 7.0% of average load 0.052399
LDB: TIME 892.779 LOAD: AVG 0.0523993 MAX 0.0567336  PROXIES: TOTAL 24 MAXPE 4 MAXPATCH 6 None MEM: 0.457216 MB
LDB: TIME 892.779 LOAD: AVG 0.0523993 MAX 0.0567336  PROXIES: TOTAL 30 MAXPE 4 MAXPATCH 9 RefineTorusLB MEM: 0.457216 MB
LDB: TIME 892.779 LOAD: AVG 0.0523993 MAX 0.0567336  PROXIES: TOTAL 30 MAXPE 4 MAXPATCH 9 RefineTorusLB MEM: 0.457216 MB
LDB: ============== END OF LOAD BALANCING =============== 892.779
Info: useSync: 0 useProxySync: 0
LDB: =============== DONE WITH MIGRATION ================ 892.779
WRITING COORDINATES TO DCD FILE MDequil.dcd AT STEP 475000
PRESSURE: 475000 -155.477 -260.843 565.509 -1010.79 -1084.75 84.6364 209.602 -37.1767 -823.872
GPRESSURE: 475000 -207.262 -372.387 536.585 -718.906 -1111.02 339.765 324.405 -60.1525 -713.556
PRESSAVG: 475000 -316.3 -15.353 -5.52987 28.0841 -333.648 -47.6676 -15.2128 -94.0714 7.19699
GPRESSAVG: 475000 -315.959 -15.4206 -6.13057 28.221 -333.932 -47.711 -14.9326 -93.368 7.11369
ENERGY:  475000         0.0000         0.0000         0.0000         0.0000          -5549.2464       375.8196         0.0000         0.0000       947.1307          -4226.2961       300.8951     -5173.4268     -4223.0948       298.8337           -688.0322      -677.2806     23056.1497      -214.2505      -214.2590

LDB: ============= START OF LOAD BALANCING ============== 895.338
LDB: ============== END OF LOAD BALANCING =============== 895.338
Info: useSync: 0 useProxySync: 0
LDB: =============== DONE WITH MIGRATION ================ 895.338
LDB: ============= START OF LOAD BALANCING ============== 895.399
LDB: Largest compute 7 load 0.012963 is 24.5% of average load 0.052829
LDB: Average compute 0.003725 is 7.1% of average load 0.052829
LDB: TIME 895.399 LOAD: AVG 0.0528292 MAX 0.0565837  PROXIES: TOTAL 24 MAXPE 4 MAXPATCH 6 None MEM: 0.457216 MB
LDB: TIME 895.399 LOAD: AVG 0.0528292 MAX 0.0565837  PROXIES: TOTAL 30 MAXPE 4 MAXPATCH 9 RefineTorusLB MEM: 0.457216 MB
LDB: TIME 895.399 LOAD: AVG 0.0528292 MAX 0.0565837  PROXIES: TOTAL 30 MAXPE 4 MAXPATCH 9 RefineTorusLB MEM: 0.457216 MB
LDB: ============== END OF LOAD BALANCING =============== 895.399
Info: useSync: 0 useProxySync: 0
LDB: =============== DONE WITH MIGRATION ================ 895.4
LDB: ============= START OF LOAD BALANCING ============== 897.848
LDB: ============== END OF LOAD BALANCING =============== 897.848
Info: useSync: 0 useProxySync: 0
LDB: =============== DONE WITH MIGRATION ================ 897.848
LDB: ============= START OF LOAD BALANCING ============== 897.911
LDB: Largest compute 140 load 0.012903 is 24.0% of average load 0.053779
LDB: Average compute 0.003796 is 7.1% of average load 0.053779
LDB: TIME 897.912 LOAD: AVG 0.0537791 MAX 0.0588628  PROXIES: TOTAL 24 MAXPE 4 MAXPATCH 6 None MEM: 0.457216 MB
LDB: TIME 897.912 LOAD: AVG 0.0537791 MAX 0.0588628  PROXIES: TOTAL 30 MAXPE 4 MAXPATCH 9 RefineTorusLB MEM: 0.457216 MB
LDB: TIME 897.912 LOAD: AVG 0.0537791 MAX 0.0586076  PROXIES: TOTAL 30 MAXPE 4 MAXPATCH 9 RefineTorusLB MEM: 0.457216 MB
LDB: ============== END OF LOAD BALANCING =============== 897.912
Info: useSync: 0 useProxySync: 0
LDB: =============== DONE WITH MIGRATION ================ 897.913
WRITING COORDINATES TO DCD FILE MDequil.dcd AT STEP 480000
PRESSURE: 480000 -641.57 -200.171 313.916 -420.302 -11.8733 -341.971 812.121 -320.688 84.9398
GPRESSURE: 480000 -629.144 -78.954 686.765 -320.123 125.293 -248.606 499.408 -87.2404 -10.4156
PRESSAVG: 480000 -329.307 -2.94464 44.4399 31.9662 -307.492 45.7803 124.23 67.4552 14.9174
GPRESSAVG: 480000 -328.916 -2.6511 44.9844 31.4863 -307.7 45.8314 123.88 67.5213 14.7494
ENERGY:  480000         0.0000         0.0000         0.0000         0.0000          -5587.1016       406.3464         0.0000         0.0000       946.7696          -4233.9855       300.7804     -5180.7552     -4231.1726       300.6152           -189.5012      -171.4222     22685.2337      -207.2938      -207.2888

LDB: ============= START OF LOAD BALANCING ============== 900.366
LDB: ============== END OF LOAD BALANCING =============== 900.366
Info: useSync: 0 useProxySync: 0
LDB: =============== DONE WITH MIGRATION ================ 900.366
LDB: ============= START OF LOAD BALANCING ============== 900.429
LDB: Largest compute 164 load 0.013257 is 24.7% of average load 0.053614
LDB: Average compute 0.003787 is 7.1% of average load 0.053614
LDB: TIME 900.429 LOAD: AVG 0.0536138 MAX 0.0571272  PROXIES: TOTAL 24 MAXPE 4 MAXPATCH 6 None MEM: 0.457216 MB
LDB: TIME 900.429 LOAD: AVG 0.0536138 MAX 0.0571272  PROXIES: TOTAL 30 MAXPE 4 MAXPATCH 9 RefineTorusLB MEM: 0.457216 MB
LDB: TIME 900.429 LOAD: AVG 0.0536138 MAX 0.0571272  PROXIES: TOTAL 30 MAXPE 4 MAXPATCH 9 RefineTorusLB MEM: 0.457216 MB
LDB: ============== END OF LOAD BALANCING =============== 900.429
Info: useSync: 0 useProxySync: 0
LDB: =============== DONE WITH MIGRATION ================ 900.429
LDB: ============= START OF LOAD BALANCING ============== 902.866
LDB: ============== END OF LOAD BALANCING =============== 902.866
Info: useSync: 0 useProxySync: 0
LDB: =============== DONE WITH MIGRATION ================ 902.866
LDB: ============= START OF LOAD BALANCING ============== 902.932
LDB: Largest compute 143 load 0.014563 is 27.6% of average load 0.052739
LDB: Average compute 0.003715 is 7.0% of average load 0.052739
LDB: TIME 902.932 LOAD: AVG 0.0527391 MAX 0.0572952  PROXIES: TOTAL 24 MAXPE 4 MAXPATCH 6 None MEM: 0.457216 MB
LDB: TIME 902.932 LOAD: AVG 0.0527391 MAX 0.0572952  PROXIES: TOTAL 30 MAXPE 4 MAXPATCH 9 RefineTorusLB MEM: 0.457216 MB
LDB: TIME 902.932 LOAD: AVG 0.0527391 MAX 0.0572952  PROXIES: TOTAL 30 MAXPE 4 MAXPATCH 9 RefineTorusLB MEM: 0.457216 MB
LDB: ============== END OF LOAD BALANCING =============== 902.933
Info: useSync: 0 useProxySync: 0
LDB: =============== DONE WITH MIGRATION ================ 902.935
LDB: ============= START OF LOAD BALANCING ============== 905.377
LDB: ============== END OF LOAD BALANCING =============== 905.377
Info: useSync: 0 useProxySync: 0
LDB: =============== DONE WITH MIGRATION ================ 905.377
LDB: ============= START OF LOAD BALANCING ============== 905.44
LDB: Largest compute 7 load 0.012766 is 23.8% of average load 0.053530
LDB: Average compute 0.003778 is 7.1% of average load 0.053530
LDB: TIME 905.44 LOAD: AVG 0.0535296 MAX 0.0582732  PROXIES: TOTAL 24 MAXPE 4 MAXPATCH 6 None MEM: 0.457216 MB
LDB: TIME 905.44 LOAD: AVG 0.0535296 MAX 0.0582732  PROXIES: TOTAL 30 MAXPE 4 MAXPATCH 9 RefineTorusLB MEM: 0.457216 MB
LDB: TIME 905.44 LOAD: AVG 0.0535296 MAX 0.0582732  PROXIES: TOTAL 30 MAXPE 4 MAXPATCH 9 RefineTorusLB MEM: 0.457216 MB
LDB: ============== END OF LOAD BALANCING =============== 905.44
Info: useSync: 0 useProxySync: 0
LDB: =============== DONE WITH MIGRATION ================ 905.442
WRITING COORDINATES TO DCD FILE MDequil.dcd AT STEP 485000
PRESSURE: 485000 366.016 -600.966 -580.617 -522.112 -125.056 549.927 19.546 1184.09 328.069
GPRESSURE: 485000 294.407 -362.725 -505.019 -635.474 -59.621 832.537 120.761 978.619 376.234
PRESSAVG: 485000 -317.535 43.2577 -48.7701 52.7255 -273.611 79.6282 -18.8416 128.588 0.0205761
GPRESSAVG: 485000 -317.698 43.6981 -48.5393 52.8902 -273.641 79.7303 -18.8761 128.436 0.070363
ENERGY:  485000         0.0000         0.0000         0.0000         0.0000          -5720.7160       447.6972         0.0000         0.0000       959.1520          -4313.8668       304.7142     -5273.0188     -4311.4294       301.3610            189.6765       203.6734     22509.9695      -197.0419      -197.0895

LDB: ============= START OF LOAD BALANCING ============== 907.881
LDB: ============== END OF LOAD BALANCING =============== 907.881
Info: useSync: 0 useProxySync: 0
LDB: =============== DONE WITH MIGRATION ================ 907.881
LDB: ============= START OF LOAD BALANCING ============== 907.943
LDB: Largest compute 52 load 0.013000 is 24.6% of average load 0.052811
LDB: Average compute 0.003721 is 7.0% of average load 0.052811
LDB: TIME 907.943 LOAD: AVG 0.0528111 MAX 0.0565921  PROXIES: TOTAL 24 MAXPE 4 MAXPATCH 6 None MEM: 0.457216 MB
LDB: TIME 907.944 LOAD: AVG 0.0528111 MAX 0.0565921  PROXIES: TOTAL 30 MAXPE 4 MAXPATCH 9 RefineTorusLB MEM: 0.457216 MB
LDB: TIME 907.954 LOAD: AVG 0.0528111 MAX 0.0565921  PROXIES: TOTAL 30 MAXPE 4 MAXPATCH 9 RefineTorusLB MEM: 0.457216 MB
LDB: ============== END OF LOAD BALANCING =============== 907.955
Info: useSync: 0 useProxySync: 0
LDB: =============== DONE WITH MIGRATION ================ 907.955
LDB: ============= START OF LOAD BALANCING ============== 910.444
LDB: ============== END OF LOAD BALANCING =============== 910.445
Info: useSync: 0 useProxySync: 0
LDB: =============== DONE WITH MIGRATION ================ 910.455
LDB: ============= START OF LOAD BALANCING ============== 910.516
LDB: Largest compute 5 load 0.013245 is 25.3% of average load 0.052420
LDB: Average compute 0.003700 is 7.1% of average load 0.052420
LDB: TIME 910.516 LOAD: AVG 0.0524203 MAX 0.0574913  PROXIES: TOTAL 24 MAXPE 4 MAXPATCH 6 None MEM: 0.457216 MB
LDB: TIME 910.516 LOAD: AVG 0.0524203 MAX 0.0574913  PROXIES: TOTAL 30 MAXPE 4 MAXPATCH 9 RefineTorusLB MEM: 0.457216 MB
LDB: TIME 910.517 LOAD: AVG 0.0524203 MAX 0.0570021  PROXIES: TOTAL 30 MAXPE 4 MAXPATCH 9 RefineTorusLB MEM: 0.457216 MB
LDB: ============== END OF LOAD BALANCING =============== 910.517
Info: useSync: 0 useProxySync: 0
LDB: =============== DONE WITH MIGRATION ================ 910.517
WRITING COORDINATES TO DCD FILE MDequil.dcd AT STEP 490000
PRESSURE: 490000 -1059.34 -581.97 74.5624 -235.631 -451.462 492.614 600.046 196.085 1236.32
GPRESSURE: 490000 -786.146 -688.382 -264.143 -263.955 -306.054 251.264 665.764 201.571 859.892
PRESSAVG: 490000 -337.797 8.88442 -54.7497 24.719 -416.9 68.744 -9.93205 87.8197 12.6905
GPRESSAVG: 490000 -338.037 8.54049 -55.3958 25.3304 -416.81 68.8619 -9.78167 87.8904 12.6238
ENERGY:  490000         0.0000         0.0000         0.0000         0.0000          -5623.8191       412.8897         0.0000         0.0000       909.7181          -4301.2113       289.0094     -5210.9294     -4299.0633       296.1140            -91.4934       -77.4356     22498.5541      -247.3355      -247.4075

LDB: ============= START OF LOAD BALANCING ============== 921.881
LDB: ============== END OF LOAD BALANCING =============== 921.887
Info: useSync: 0 useProxySync: 0
LDB: =============== DONE WITH MIGRATION ================ 921.889
LDB: ============= START OF LOAD BALANCING ============== 922.013
LDB: Largest compute 164 load 0.011533 is 23.3% of average load 0.049556
LDB: Average compute 0.003463 is 7.0% of average load 0.049556
LDB: TIME 922.013 LOAD: AVG 0.0495564 MAX 0.0539308  PROXIES: TOTAL 24 MAXPE 4 MAXPATCH 6 None MEM: 0.457216 MB
LDB: TIME 922.013 LOAD: AVG 0.0495564 MAX 0.0539308  PROXIES: TOTAL 30 MAXPE 4 MAXPATCH 9 RefineTorusLB MEM: 0.457216 MB
LDB: TIME 922.013 LOAD: AVG 0.0495564 MAX 0.0539308  PROXIES: TOTAL 30 MAXPE 4 MAXPATCH 9 RefineTorusLB MEM: 0.457216 MB
LDB: ============== END OF LOAD BALANCING =============== 922.013
Info: useSync: 0 useProxySync: 0
LDB: =============== DONE WITH MIGRATION ================ 922.014
LDB: ============= START OF LOAD BALANCING ============== 934.391
LDB: ============== END OF LOAD BALANCING =============== 934.393
Info: useSync: 0 useProxySync: 0
LDB: =============== DONE WITH MIGRATION ================ 934.4
LDB: ============= START OF LOAD BALANCING ============== 934.816
LDB: Largest compute 146 load 0.024765 is 41.2% of average load 0.060115
LDB: Average compute 0.003914 is 6.5% of average load 0.060115
LDB: TIME 934.821 LOAD: AVG 0.0601147 MAX 0.0812991  PROXIES: TOTAL 24 MAXPE 4 MAXPATCH 6 None MEM: 0.457216 MB
LDB: TIME 934.821 LOAD: AVG 0.0601147 MAX 0.0812991  PROXIES: TOTAL 30 MAXPE 4 MAXPATCH 9 RefineTorusLB MEM: 0.457216 MB
LDB: TIME 934.821 LOAD: AVG 0.0601147 MAX 0.0640982  PROXIES: TOTAL 30 MAXPE 4 MAXPATCH 9 RefineTorusLB MEM: 0.457216 MB
LDB: ============== END OF LOAD BALANCING =============== 934.824
Info: useSync: 0 useProxySync: 0
LDB: =============== DONE WITH MIGRATION ================ 934.86
LDB: ============= START OF LOAD BALANCING ============== 948.074
LDB: ============== END OF LOAD BALANCING =============== 948.08
Info: useSync: 0 useProxySync: 0
LDB: =============== DONE WITH MIGRATION ================ 948.104
LDB: ============= START OF LOAD BALANCING ============== 948.531
LDB: Largest compute 168 load 0.021690 is 40.2% of average load 0.053892
LDB: Average compute 0.003661 is 6.8% of average load 0.053892
LDB: TIME 948.543 LOAD: AVG 0.0538921 MAX 0.0731513  PROXIES: TOTAL 24 MAXPE 4 MAXPATCH 6 None MEM: 0.457216 MB
LDB: TIME 948.543 LOAD: AVG 0.0538921 MAX 0.0731513  PROXIES: TOTAL 30 MAXPE 4 MAXPATCH 9 RefineTorusLB MEM: 0.457216 MB
LDB: TIME 948.543 LOAD: AVG 0.0538921 MAX 0.0586829  PROXIES: TOTAL 30 MAXPE 4 MAXPATCH 9 RefineTorusLB MEM: 0.457216 MB
LDB: ============== END OF LOAD BALANCING =============== 948.555
Info: useSync: 0 useProxySync: 0
LDB: =============== DONE WITH MIGRATION ================ 948.617
WRITING COORDINATES TO DCD FILE MDequil.dcd AT STEP 495000
PRESSURE: 495000 19.745 688.665 -90.1021 233.75 774.172 239.008 -98.2327 314.935 1625.08
GPRESSURE: 495000 147.306 617.379 -71.6515 -30.8554 825.239 99.2001 -234.357 389.503 1535.73
PRESSAVG: 495000 -379.32 27.7175 27.2792 37.596 -275.772 -44.0366 69.9543 -64.5518 5.41567
GPRESSAVG: 495000 -379.598 27.7581 27.6499 37.2139 -275.785 -43.8398 70.193 -64.7034 5.5765
ENERGY:  495000         0.0000         0.0000         0.0000         0.0000          -5653.6454       472.1052         0.0000         0.0000       899.2169          -4282.3232       285.6733     -5181.5401     -4280.1057       294.6508            806.3308       836.0917     22717.5244      -216.5590      -216.6022

LDB: ============= START OF LOAD BALANCING ============== 954.518
LDB: ============== END OF LOAD BALANCING =============== 954.519
Info: useSync: 0 useProxySync: 0
LDB: =============== DONE WITH MIGRATION ================ 954.519
LDB: ============= START OF LOAD BALANCING ============== 954.59
LDB: Largest compute 139 load 0.013740 is 27.2% of average load 0.050479
LDB: Average compute 0.003535 is 7.0% of average load 0.050479
LDB: TIME 954.59 LOAD: AVG 0.0504788 MAX 0.0602154  PROXIES: TOTAL 24 MAXPE 4 MAXPATCH 6 None MEM: 0.457216 MB
LDB: TIME 954.59 LOAD: AVG 0.0504788 MAX 0.0602154  PROXIES: TOTAL 30 MAXPE 4 MAXPATCH 9 RefineTorusLB MEM: 0.457216 MB
LDB: TIME 954.59 LOAD: AVG 0.0504788 MAX 0.0548576  PROXIES: TOTAL 30 MAXPE 4 MAXPATCH 9 RefineTorusLB MEM: 0.457216 MB
LDB: ============== END OF LOAD BALANCING =============== 954.597
Info: useSync: 0 useProxySync: 0
LDB: =============== DONE WITH MIGRATION ================ 954.598
LDB: ============= START OF LOAD BALANCING ============== 957.088
LDB: ============== END OF LOAD BALANCING =============== 957.088
Info: useSync: 0 useProxySync: 0
LDB: =============== DONE WITH MIGRATION ================ 957.088
LDB: ============= START OF LOAD BALANCING ============== 957.149
LDB: Largest compute 164 load 0.012347 is 25.4% of average load 0.048654
LDB: Average compute 0.003409 is 7.0% of average load 0.048654
LDB: TIME 957.149 LOAD: AVG 0.0486545 MAX 0.0550873  PROXIES: TOTAL 24 MAXPE 4 MAXPATCH 6 None MEM: 0.457216 MB
LDB: TIME 957.149 LOAD: AVG 0.0486545 MAX 0.0550873  PROXIES: TOTAL 30 MAXPE 4 MAXPATCH 9 RefineTorusLB MEM: 0.457216 MB
LDB: TIME 957.149 LOAD: AVG 0.0486545 MAX 0.0528276  PROXIES: TOTAL 30 MAXPE 4 MAXPATCH 9 RefineTorusLB MEM: 0.457216 MB
LDB: ============== END OF LOAD BALANCING =============== 957.149
Info: useSync: 0 useProxySync: 0
LDB: =============== DONE WITH MIGRATION ================ 957.15
PRESSURE: 500000 -1096.64 -112.938 148.474 -176.641 -601.104 318.059 -8.9765 176.074 54.4381
GPRESSURE: 500000 -1165.81 -96.6257 149.038 -126.296 -478.27 262.922 -57.153 -30.4591 21.2516
PRESSAVG: 500000 -390.071 73.7889 -1.68675 56.7692 -229.374 44.8138 -42.7694 20.5921 -4.43645
GPRESSAVG: 500000 -389.821 73.1097 -1.992 57.2935 -229.357 44.8753 -42.5765 20.6224 -4.805
TIMING: 500000  CPU: 910.885, 0.00186735/step  Wall: 947.699, 0.0019631/step, 0 hours remaining, 0.457216 MB of memory in use.
PERFORMANCE: 500000  averaging 91.1734 ns/day, 0.00189529 sec/step with standard deviation 0.000624064
ETITLE:      TS           BOND          ANGLE          DIHED          IMPRP               ELECT            VDW       BOUNDARY           MISC        KINETIC               TOTAL           TEMP      POTENTIAL         TOTAL3        TEMPAVG            PRESSURE      GPRESSURE         VOLUME       PRESSAVG      GPRESSAVG

ENERGY:  500000         0.0000         0.0000         0.0000         0.0000          -5498.4662       361.3535         0.0000         0.0000       917.0522          -4220.0605       291.3394     -5137.1127     -4217.3122       302.1738           -547.7670      -540.9412     22925.0439      -207.9605      -207.9941

WRITING EXTENDED SYSTEM TO RESTART FILE AT STEP 500000
WRITING COORDINATES TO DCD FILE MDequil.dcd AT STEP 500000
WRITING COORDINATES TO RESTART FILE AT STEP 500000
FINISHED WRITING RESTART COORDINATES
WRITING VELOCITIES TO RESTART FILE AT STEP 500000
FINISHED WRITING RESTART VELOCITIES
WRITING EXTENDED SYSTEM TO OUTPUT FILE AT STEP 500000
CLOSING EXTENDED SYSTEM TRAJECTORY FILE
WRITING COORDINATES TO OUTPUT FILE AT STEP 500000
CLOSING COORDINATE DCD FILE MDequil.dcd
WRITING VELOCITIES TO OUTPUT FILE AT STEP 500000
====================================================

WallClock: 959.435120  CPUTime: 922.513123  Memory: 0.457216 MB
[Partition 0][Node 0] End of program
